0080
00DE
011E
0153
0180
01A9
01CE
01F0
0210
022E
024B
0266
0280
0299
02B1
02C9
02DF
02F5
030B
031F
0334
0347
035B
036E
0380
0392
03A4
03B5
03C6
03D7
03E8
03F8
0408
0418
0427
0437
0446
0455
0463
0472
0480
048E
049C
04AA
04B8
04C5
04D2
04E0
04ED
04FA
0506
0513
0520
052C
0538
0545
0551
055D
0569
0574
0580
058C
0597
05A2
05AE
05B9
05C4
05CF
05DA
05E5
05F0
05FB
0605
0610
061A
0625
062F
063A
0644
064E
0658
0662
066C
0676
0680
068A
0694
069D
06A7
06B1
06BA
06C4
06CD
06D6
06E0
06E9
06F2
06FB
0705
070E
0717
0720
0729
0732
073A
0743
074C
0755
075E
0766
076F
0777
0780
0789
0791
0799
07A2
07AA
07B3
07BB
07C3
07CB
07D4
07DC
07E4
07EC
07F4
07FC
0804
080C
0814
081C
0824
082C
0833
083B
0843
084B
0852
085A
0862
0869
0871
0878
0880
0888
088F
0896
089E
08A5
08AD
08B4
08BB
08C3
08CA
08D1
08D9
08E0
08E7
08EE
08F5
08FC
0904
090B
0912
0919
0920
0927
092E
0935
093C
0943
0949
0950
0957
095E
0965
096C
0972
0979
0980
0987
098D
0994
099B
09A1
09A8
09AF
09B5
09BC
09C2
09C9
09D0
09D6
09DD
09E3
09EA
09F0
09F6
09FD
0A03
0A0A
0A10
0A16
0A1D
0A23
0A29
0A30
0A36
0A3C
0A42
0A49
0A4F
0A55
0A5B
0A61
0A68
0A6E
0A74
0A7A
0A80
0A86
0A8C
0A92
0A98
0A9E
0AA4
0AAA
0AB0
0AB6
0ABC
0AC2
0AC8
0ACE
0AD4
0ADA
0AE0
0AE6
0AEC
0AF1
0AF7
0AFD
0B03
0B09
0B0F
0B14
0B1A
0B20
0B26
0B2B
0B31
0B37
0B3C
0B42
0B48
0B4D
0B53
0B59
0B5E
0B64
0B6A
0B6F
0B75
0B7A
0B80
0B86
0B8B
0B91
0B96
0B9C
0BA1
0BA7
0BAC
0BB2
0BB7
0BBD
0BC2
0BC7
0BCD
0BD2
0BD8
0BDD
0BE3
0BE8
0BED
0BF3
0BF8
0BFD
0C03
0C08
0C0D
0C13
0C18
0C1D
0C22
0C28
0C2D
0C32
0C37
0C3D
0C42
0C47
0C4C
0C52
0C57
0C5C
0C61
0C66
0C6B
0C71
0C76
0C7B
0C80
0C85
0C8A
0C8F
0C94
0C99
0C9F
0CA4
0CA9
0CAE
0CB3
0CB8
0CBD
0CC2
0CC7
0CCC
0CD1
0CD6
0CDB
0CE0
0CE5
0CEA
0CEF
0CF4
0CF9
0CFE
0D02
0D07
0D0C
0D11
0D16
0D1B
0D20
0D25
0D2A
0D2E
0D33
0D38
0D3D
0D42
0D47
0D4B
0D50
0D55
0D5A
0D5F
0D63
0D68
0D6D
0D72
0D77
0D7B
0D80
0D85
0D89
0D8E
0D93
0D98
0D9C
0DA1
0DA6
0DAA
0DAF
0DB4
0DB8
0DBD
0DC2
0DC6
0DCB
0DD0
0DD4
0DD9
0DDE
0DE2
0DE7
0DEB
0DF0
0DF5
0DF9
0DFE
0E02
0E07
0E0B
0E10
0E15
0E19
0E1E
0E22
0E27
0E2B
0E30
0E34
0E39
0E3D
0E42
0E46
0E4B
0E4F
0E54
0E58
0E5D
0E61
0E65
0E6A
0E6E
0E73
0E77
0E7C
0E80
0E84
0E89
0E8D
0E92
0E96
0E9A
0E9F
0EA3
0EA8
0EAC
0EB0
0EB5
0EB9
0EBD
0EC2
0EC6
0ECA
0ECF
0ED3
0ED7
0EDC
0EE0
0EE4
0EE8
0EED
0EF1
0EF5
0EFA
0EFE
0F02
0F06
0F0B
0F0F
0F13
0F17
0F1C
0F20
0F24
0F28
0F2D
0F31
0F35
0F39
0F3D
0F42
0F46
0F4A
0F4E
0F52
0F56
0F5B
0F5F
0F63
0F67
0F6B
0F6F
0F74
0F78
0F7C
0F80
0F84
0F88
0F8C
0F90
0F95
0F99
0F9D
0FA1
0FA5
0FA9
0FAD
0FB1
0FB5
0FB9
0FBD
0FC2
0FC6
0FCA
0FCE
0FD2
0FD6
0FDA
0FDE
0FE2
0FE6
0FEA
0FEE
0FF2
0FF6
0FFA
0FFE
1002
1006
100A
100E
1012
1016
101A
101E
1022
1026
102A
102E
1032
1036
103A
103E
1041
1045
1049
104D
1051
1055
1059
105D
1061
1065
1069
106D
1070
1074
1078
107C
1080
1084
1088
108C
108F
1093
1097
109B
109F
10A3
10A7
10AA
10AE
10B2
10B6
10BA
10BE
10C1
10C5
10C9
10CD
10D1
10D4
10D8
10DC
10E0
10E4
10E7
10EB
10EF
10F3
10F7
10FA
10FE
1102
1106
1109
110D
1111
1115
1118
111C
1120
1124
1127
112B
112F
1133
1136
113A
113E
1141
1145
1149
114D
1150
1154
1158
115B
115F
1163
1166
116A
116E
1171
1175
1179
117C
1180
1184
1187
118B
118F
1192
1196
119A
119D
11A1
11A4
11A8
11AC
11AF
11B3
11B7
11BA
11BE
11C1
11C5
11C9
11CC
11D0
11D3
11D7
11DB
11DE
11E2
11E5
11E9
11EC
11F0
11F4
11F7
11FB
11FE
1202
1205
1209
120C
1210
1214
1217
121B
121E
1222
1225
1229
122C
1230
1233
1237
123A
123E
1241
1245
1248
124C
124F
1253
1256
125A
125D
1261
1264
1268
126B
126F
1272
1276
1279
127D
1280
1283
1287
128A
128E
1291
1295
1298
129C
129F
12A2
12A6
12A9
12AD
12B0
12B4
12B7
12BA
12BE
12C1
12C5
12C8
12CC
12CF
12D2
12D6
12D9
12DD
12E0
12E3
12E7
12EA
12ED
12F1
12F4
12F8
12FB
12FE
1302
1305
1308
130C
130F
1312
1316
1319
131D
1320
1323
1327
132A
132D
1331
1334
1337
133B
133E
1341
1345
1348
134B
134F
1352
1355
1358
135C
135F
1362
1366
1369
136C
1370
1373
1376
1379
137D
1380
1383
1387
138A
138D
1390
1394
1397
139A
139D
13A1
13A4
13A7
13AA
13AE
13B1
13B4
13B7
13BB
13BE
13C1
13C4
13C8
13CB
13CE
13D1
13D5
13D8
13DB
13DE
13E2
13E5
13E8
13EB
13EE
13F2
13F5
13F8
13FB
13FE
1402
1405
1408
140B
140E
1412
1415
1418
141B
141E
1421
1425
1428
142B
142E
1431
1435
1438
143B
143E
1441
1444
1448
144B
144E
1451
1454
1457
145A
145E
1461
1464
1467
146A
146D
1470
1473
1477
147A
147D
1480
1483
1486
1489
148C
1490
1493
1496
1499
149C
149F
14A2
14A5
14A8
14AC
14AF
14B2
14B5
14B8
14BB
14BE
14C1
14C4
14C7
14CA
14CD
14D1
14D4
14D7
14DA
14DD
14E0
14E3
14E6
14E9
14EC
14EF
14F2
14F5
14F8
14FB
14FE
1502
1505
1508
150B
150E
1511
1514
1517
151A
151D
1520
1523
1526
1529
152C
152F
1532
1535
1538
153B
153E
1541
1544
1547
154A
154D
1550
1553
1556
1559
155C
155F
1562
1565
1568
156B
156E
1571
1574
1577
157A
157D
1580
1583
1586
1589
158C
158F
1592
1595
1598
159B
159E
15A1
15A4
15A7
15AA
15AC
15AF
15B2
15B5
15B8
15BB
15BE
15C1
15C4
15C7
15CA
15CD
15D0
15D3
15D6
15D9
15DC
15DE
15E1
15E4
15E7
15EA
15ED
15F0
15F3
15F6
15F9
15FC
15FF
1601
1604
1607
160A
160D
1610
1613
1616
1619
161C
161E
1621
1624
1627
162A
162D
1630
1633
1636
1638
163B
163E
1641
1644
1647
164A
164D
164F
1652
1655
1658
165B
165E
1661
1663
1666
1669
166C
166F
1672
1675
1677
167A
167D
1680
1683
1686
1689
168B
168E
1691
1694
1697
169A
169C
169F
16A2
16A5
16A8
16AB
16AD
16B0
16B3
16B6
16B9
16BB
16BE
16C1
16C4
16C7
16C9
16CC
16CF
16D2
16D5
16D8
16DA
16DD
16E0
16E3
16E6
16E8
16EB
16EE
16F1
16F3
16F6
16F9
16FC
16FF
1701
1704
1707
170A
170D
170F
1712
1715
1718
171A
171D
1720
1723
1725
1728
172B
172E
1730
1733
1736
1739
173C
173E
1741
1744
1747
1749
174C
174F
1752
1754
1757
175A
175C
175F
1762
1765
1767
176A
176D
1770
1772
1775
1778
177B
177D
1780
1783
1785
1788
178B
178E
1790
1793
1796
1798
179B
179E
17A1
17A3
17A6
17A9
17AB
17AE
17B1
17B4
17B6
17B9
17BC
17BE
17C1
17C4
17C6
17C9
17CC
17CE
17D1
17D4
17D7
17D9
17DC
17DF
17E1
17E4
17E7
17E9
17EC
17EF
17F1
17F4
17F7
17F9
17FC
17FF
1801
1804
1807
1809
180C
180F
1811
1814
1817
1819
181C
181F
1821
1824
1827
1829
182C
182E
1831
1834
1836
1839
183C
183E
1841
1844
1846
1849
184C
184E
1851
1853
1856
1859
185B
185E
1861
1863
1866
1868
186B
186E
1870
1873
1876
1878
187B
187D
1880
1883
1885
1888
188A
188D
1890
1892
1895
1897
189A
189D
189F
18A2
18A4
18A7
18AA
18AC
18AF
18B1
18B4
18B7
18B9
18BC
18BE
18C1
18C4
18C6
18C9
18CB
18CE
18D0
18D3
18D6
18D8
18DB
18DD
18E0
18E2
18E5
18E8
18EA
18ED
18EF
18F2
18F4
18F7
18FA
18FC
18FF
1901
1904
1906
1909
190C
190E
1911
1913
1916
1918
191B
191D
1920
1922
1925
1928
192A
192D
192F
1932
1934
1937
1939
193C
193E
1941
1943
1946
1949
194B
194E
1950
1953
1955
1958
195A
195D
195F
1962
1964
1967
1969
196C
196E
1971
1973
1976
1978
197B
197D
1980
1983
1985
1988
198A
198D
198F
1992
1994
1997
1999
199C
199E
19A1
19A3
19A6
19A8
19AB
19AD
19B0
19B2
19B4
19B7
19B9
19BC
19BE
19C1
19C3
19C6
19C8
19CB
19CD
19D0
19D2
19D5
19D7
19DA
19DC
19DF
19E1
19E4
19E6
19E9
19EB
19EE
19F0
19F2
19F5
19F7
19FA
19FC
19FF
1A01
1A04
1A06
1A09
1A0B
1A0E
1A10
1A12
1A15
1A17
1A1A
1A1C
1A1F
1A21
1A24
1A26
1A28
1A2B
1A2D
1A30
1A32
1A35
1A37
1A3A
1A3C
1A3E
1A41
1A43
1A46
1A48
1A4B
1A4D
1A50
1A52
1A54
1A57
1A59
1A5C
1A5E
1A61
1A63
1A65
1A68
1A6A
1A6D
1A6F
1A71
1A74
1A76
1A79
1A7B
1A7E
1A80
1A82
1A85
1A87
1A8A
1A8C
1A8E
1A91
1A93
1A96
1A98
1A9B
1A9D
1A9F
1AA2
1AA4
1AA7
1AA9
1AAB
1AAE
1AB0
1AB3
1AB5
1AB7
1ABA
1ABC
1ABF
1AC1
1AC3
1AC6
1AC8
1ACA
1ACD
1ACF
1AD2
1AD4
1AD6
1AD9
1ADB
1ADE
1AE0
1AE2
1AE5
1AE7
1AE9
1AEC
1AEE
1AF1
1AF3
1AF5
1AF8
1AFA
1AFC
1AFF
1B01
1B04
1B06
1B08
1B0B
1B0D
1B0F
1B12
1B14
1B16
1B19
1B1B
1B1E
1B20
1B22
1B25
1B27
1B29
1B2C
1B2E
1B30
1B33
1B35
1B37
1B3A
1B3C
1B3F
1B41
1B43
1B46
1B48
1B4A
1B4D
1B4F
1B51
1B54
1B56
1B58
1B5B
1B5D
1B5F
1B62
1B64
1B66
1B69
1B6B
1B6D
1B70
1B72
1B74
1B77
1B79
1B7B
1B7E
1B80
1B82
1B85
1B87
1B89
1B8C
1B8E
1B90
1B93
1B95
1B97
1B9A
1B9C
1B9E
1BA1
1BA3
1BA5
1BA7
1BAA
1BAC
1BAE
1BB1
1BB3
1BB5
1BB8
1BBA
1BBC
1BBF
1BC1
1BC3
1BC5
1BC8
1BCA
1BCC
1BCF
1BD1
1BD3
1BD6
1BD8
1BDA
1BDC
1BDF
1BE1
1BE3
1BE6
1BE8
1BEA
1BED
1BEF
1BF1
1BF3
1BF6
1BF8
1BFA
1BFD
1BFF
1C01
1C03
1C06
1C08
1C0A
1C0D
1C0F
1C11
1C13
1C16
1C18
1C1A
1C1D
1C1F
1C21
1C23
1C26
1C28
1C2A
1C2C
1C2F
1C31
1C33
1C36
1C38
1C3A
1C3C
1C3F
1C41
1C43
1C45
1C48
1C4A
1C4C
1C4E
1C51
1C53
1C55
1C57
1C5A
1C5C
1C5E
1C60
1C63
1C65
1C67
1C6A
1C6C
1C6E
1C70
1C73
1C75
1C77
1C79
1C7C
1C7E
1C80
1C82
1C84
1C87
1C89
1C8B
1C8D
1C90
1C92
1C94
1C96
1C99
1C9B
1C9D
1C9F
1CA2
1CA4
1CA6
1CA8
1CAB
1CAD
1CAF
1CB1
1CB3
1CB6
1CB8
1CBA
1CBC
1CBF
1CC1
1CC3
1CC5
1CC8
1CCA
1CCC
1CCE
1CD0
1CD3
1CD5
1CD7
1CD9
1CDB
1CDE
1CE0
1CE2
1CE4
1CE7
1CE9
1CEB
1CED
1CEF
1CF2
1CF4
1CF6
1CF8
1CFA
1CFD
1CFF
1D01
1D03
1D06
1D08
1D0A
1D0C
1D0E
1D11
1D13
1D15
1D17
1D19
1D1C
1D1E
1D20
1D22
1D24
1D27
1D29
1D2B
1D2D
1D2F
1D31
1D34
1D36
1D38
1D3A
1D3C
1D3F
1D41
1D43
1D45
1D47
1D4A
1D4C
1D4E
1D50
1D52
1D54
1D57
1D59
1D5B
1D5D
1D5F
1D62
1D64
1D66
1D68
1D6A
1D6C
1D6F
1D71
1D73
1D75
1D77
1D79
1D7C
1D7E
1D80
1D82
1D84
1D87
1D89
1D8B
1D8D
1D8F
1D91
1D94
1D96
1D98
1D9A
1D9C
1D9E
1DA0
1DA3
1DA5
1DA7
1DA9
1DAB
1DAD
1DB0
1DB2
1DB4
1DB6
1DB8
1DBA
1DBD
1DBF
1DC1
1DC3
1DC5
1DC7
1DC9
1DCC
1DCE
1DD0
1DD2
1DD4
1DD6
1DD8
1DDB
1DDD
1DDF
1DE1
1DE3
1DE5
1DE7
1DEA
1DEC
1DEE
1DF0
1DF2
1DF4
1DF6
1DF9
1DFB
1DFD
1DFF
1E01
1E03
1E05
1E07
1E0A
1E0C
1E0E
1E10
1E12
1E14
1E16
1E18
1E1B
1E1D
1E1F
1E21
1E23
1E25
1E27
1E29
1E2C
1E2E
1E30
1E32
1E34
1E36
1E38
1E3A
1E3D
1E3F
1E41
1E43
1E45
1E47
1E49
1E4B
1E4D
1E50
1E52
1E54
1E56
1E58
1E5A
1E5C
1E5E
1E60
1E63
1E65
1E67
1E69
1E6B
1E6D
1E6F
1E71
1E73
1E76
1E78
1E7A
1E7C
1E7E
1E80
1E82
1E84
1E86
1E88
1E8A
1E8D
1E8F
1E91
1E93
1E95
1E97
1E99
1E9B
1E9D
1E9F
1EA2
1EA4
1EA6
1EA8
1EAA
1EAC
1EAE
1EB0
1EB2
1EB4
1EB6
1EB8
1EBB
1EBD
1EBF
1EC1
1EC3
1EC5
1EC7
1EC9
1ECB
1ECD
1ECF
1ED1
1ED3
1ED6
1ED8
1EDA
1EDC
1EDE
1EE0
1EE2
1EE4
1EE6
1EE8
1EEA
1EEC
1EEE
1EF1
1EF3
1EF5
1EF7
1EF9
1EFB
1EFD
1EFF
1F01
1F03
1F05
1F07
1F09
1F0B
1F0D
1F0F
1F12
1F14
1F16
1F18
1F1A
1F1C
1F1E
1F20
1F22
1F24
1F26
1F28
1F2A
1F2C
1F2E
1F30
1F32
1F34
1F37
1F39
1F3B
1F3D
1F3F
1F41
1F43
1F45
1F47
1F49
1F4B
1F4D
1F4F
1F51
1F53
1F55
1F57
1F59
1F5B
1F5D
1F5F
1F61
1F64
1F66
1F68
1F6A
1F6C
1F6E
1F70
1F72
1F74
1F76
1F78
1F7A
1F7C
1F7E
1F80
1F82
1F84
1F86
1F88
1F8A
1F8C
1F8E
1F90
1F92
1F94
1F96
1F98
1F9A
1F9C
1F9E
1FA0
1FA2
1FA4
1FA7
1FA9
1FAB
1FAD
1FAF
1FB1
1FB3
1FB5
1FB7
1FB9
1FBB
1FBD
1FBF
1FC1
1FC3
1FC5
1FC7
1FC9
1FCB
1FCD
1FCF
1FD1
1FD3
1FD5
1FD7
1FD9
1FDB
1FDD
1FDF
1FE1
1FE3
1FE5
1FE7
1FE9
1FEB
1FED
1FEF
1FF1
1FF3
1FF5
1FF7
1FF9
1FFB
1FFD
1FFF
2001
2003
2005
2007
2009
200B
200D
200F
2011
2013
2015
2017
2019
201B
201D
201F
2021
2023
2025
2027
2029
202B
202D
202F
2031
2033
2035
2037
2039
203B
203D
203F
2041
2043
2045
2047
2049
204B
204D
204F
2051
2053
2055
2057
2059
205B
205C
205E
2060
2062
2064
2066
2068
206A
206C
206E
2070
2072
2074
2076
2078
207A
207C
207E
2080
2082
2084
2086
2088
208A
208C
208E
2090
2092
2094
2096
2098
209A
209C
209D
209F
20A1
20A3
20A5
20A7
20A9
20AB
20AD
20AF
20B1
20B3
20B5
20B7
20B9
20BB
20BD
20BF
20C1
20C3
20C5
20C7
20C9
20CA
20CC
20CE
20D0
20D2
20D4
20D6
20D8
20DA
20DC
20DE
20E0
20E2
20E4
20E6
20E8
20EA
20EC
20EE
20EF
20F1
20F3
20F5
20F7
20F9
20FB
20FD
20FF
2101
2103
2105
2107
2109
210B
210D
210F
2110
2112
2114
2116
2118
211A
211C
211E
2120
2122
2124
2126
2128
212A
212C
212D
212F
2131
2133
2135
2137
2139
213B
213D
213F
2141
2143
2145
2146
2148
214A
214C
214E
2150
2152
2154
2156
2158
215A
215C
215E
215F
2161
2163
2165
2167
2169
216B
216D
216F
2171
2173
2175
2176
2178
217A
217C
217E
2180
2182
2184
2186
2188
218A
218B
218D
218F
2191
2193
2195
2197
2199
219B
219D
219F
21A0
21A2
21A4
21A6
21A8
21AA
21AC
21AE
21B0
21B2
21B3
21B5
21B7
21B9
21BB
21BD
21BF
21C1
21C3
21C5
21C6
21C8
21CA
21CC
21CE
21D0
21D2
21D4
21D6
21D7
21D9
21DB
21DD
21DF
21E1
21E3
21E5
21E7
21E8
21EA
21EC
21EE
21F0
21F2
21F4
21F6
21F8
21F9
21FB
21FD
21FF
2201
2203
2205
2207
2208
220A
220C
220E
2210
2212
2214
2216
2217
2219
221B
221D
221F
2221
2223
2225
2227
2228
222A
222C
222E
2230
2232
2234
2235
2237
2239
223B
223D
223F
2241
2243
2244
2246
2248
224A
224C
224E
2250
2252
2253
2255
2257
2259
225B
225D
225F
2260
2262
2264
2266
2268
226A
226C
226D
226F
2271
2273
2275
2277
2279
227A
227C
227E
2280
2282
2284
2286
2287
2289
228B
228D
228F
2291
2293
2294
2296
2298
229A
229C
229E
229F
22A1
22A3
22A5
22A7
22A9
22AB
22AC
22AE
22B0
22B2
22B4
22B6
22B7
22B9
22BB
22BD
22BF
22C1
22C3
22C4
22C6
22C8
22CA
22CC
22CE
22CF
22D1
22D3
22D5
22D7
22D9
22DA
22DC
22DE
22E0
22E2
22E4
22E5
22E7
22E9
22EB
22ED
22EF
22F0
22F2
22F4
22F6
22F8
22FA
22FB
22FD
22FF
2301
2303
2305
2306
2308
230A
230C
230E
2310
2311
2313
2315
2317
2319
231A
231C
231E
2320
2322
2324
2325
2327
2329
232B
232D
232F
2330
2332
2334
2336
2338
2339
233B
233D
233F
2341
2342
2344
2346
2348
234A
234C
234D
234F
2351
2353
2355
2356
2358
235A
235C
235E
235F
2361
2363
2365
2367
2369
236A
236C
236E
2370
2372
2373
2375
2377
2379
237B
237C
237E
2380
2382
2384
2385
2387
2389
238B
238D
238E
2390
2392
2394
2396
2397
2399
239B
239D
239F
23A0
23A2
23A4
23A6
23A8
23A9
23AB
23AD
23AF
23B1
23B2
23B4
23B6
23B8
23BA
23BB
23BD
23BF
23C1
23C2
23C4
23C6
23C8
23CA
23CB
23CD
23CF
23D1
23D3
23D4
23D6
23D8
23DA
23DB
23DD
23DF
23E1
23E3
23E4
23E6
23E8
23EA
23EC
23ED
23EF
23F1
23F3
23F4
23F6
23F8
23FA
23FC
23FD
23FF
2401
2403
2404
2406
2408
240A
240C
240D
240F
2411
2413
2414
2416
2418
241A
241C
241D
241F
2421
2423
2424
2426
2428
242A
242B
242D
242F
2431
2433
2434
2436
2438
243A
243B
243D
243F
2441
2442
2444
2446
2448
2449
244B
244D
244F
2451
2452
2454
2456
2458
2459
245B
245D
245F
2460
2462
2464
2466
2467
2469
246B
246D
246E
2470
2472
2474
2475
2477
2479
247B
247C
247E
2480
2482
2484
2485
2487
2489
248B
248C
248E
2490
2492
2493
2495
2497
2499
249A
249C
249E
24A0
24A1
24A3
24A5
24A6
24A8
24AA
24AC
24AD
24AF
24B1
24B3
24B4
24B6
24B8
24BA
24BB
24BD
24BF
24C1
24C2
24C4
24C6
24C8
24C9
24CB
24CD
24CF
24D0
24D2
24D4
24D6
24D7
24D9
24DB
24DC
24DE
24E0
24E2
24E3
24E5
24E7
24E9
24EA
24EC
24EE
24F0
24F1
24F3
24F5
24F6
24F8
24FA
24FC
24FD
24FF
2501
2503
2504
2506
2508
250A
250B
250D
250F
2510
2512
2514
2516
2517
2519
251B
251C
251E
2520
2522
2523
2525
2527
2529
252A
252C
252E
252F
2531
2533
2535
2536
2538
253A
253B
253D
253F
2541
2542
2544
2546
2548
2549
254B
254D
254E
2550
2552
2554
2555
2557
2559
255A
255C
255E
2560
2561
2563
2565
2566
2568
256A
256B
256D
256F
2571
2572
2574
2576
2577
2579
257B
257D
257E
2580
2582
2583
2585
2587
2589
258A
258C
258E
258F
2591
2593
2594
2596
2598
259A
259B
259D
259F
25A0
25A2
25A4
25A5
25A7
25A9
25AB
25AC
25AE
25B0
25B1
25B3
25B5
25B6
25B8
25BA
25BC
25BD
25BF
25C1
25C2
25C4
25C6
25C7
25C9
25CB
25CC
25CE
25D0
25D2
25D3
25D5
25D7
25D8
25DA
25DC
25DD
25DF
25E1
25E2
25E4
25E6
25E8
25E9
25EB
25ED
25EE
25F0
25F2
25F3
25F5
25F7
25F8
25FA
25FC
25FD
25FF
2601
2603
2604
2606
2608
2609
260B
260D
260E
2610
2612
2613
2615
2617
2618
261A
261C
261D
261F
2621
2622
2624
2626
2627
2629
262B
262D
262E
2630
2632
2633
2635
2637
2638
263A
263C
263D
263F
2641
2642
2644
2646
2647
2649
264B
264C
264E
2650
2651
2653
2655
2656
2658
265A
265B
265D
265F
2660
2662
2664
2665
2667
2669
266A
266C
266E
266F
2671
2673
2674
2676
2678
2679
267B
267D
267E
2680
2682
2683
2685
2687
2688
268A
268C
268D
268F
2691
2692
2694
2696
2697
2699
269B
269C
269E
26A0
26A1
26A3
26A5
26A6
26A8
26A9
26AB
26AD
26AE
26B0
26B2
26B3
26B5
26B7
26B8
26BA
26BC
26BD
26BF
26C1
26C2
26C4
26C6
26C7
26C9
26CB
26CC
26CE
26CF
26D1
26D3
26D4
26D6
26D8
26D9
26DB
26DD
26DE
26E0
26E2
26E3
26E5
26E7
26E8
26EA
26EB
26ED
26EF
26F0
26F2
26F4
26F5
26F7
26F9
26FA
26FC
26FE
26FF
2701
2702
2704
2706
2707
2709
270B
270C
270E
2710
2711
2713
2714
2716
2718
2719
271B
271D
271E
2720
2722
2723
2725
2726
2728
272A
272B
272D
272F
2730
2732
2734
2735
2737
2738
273A
273C
273D
273F
2741
2742
2744
2746
2747
2749
274A
274C
274E
274F
2751
2753
2754
2756
2757
2759
275B
275C
275E
2760
2761
2763
2764
2766
2768
2769
276B
276D
276E
2770
2771
2773
2775
2776
2778
277A
277B
277D
277E
2780
2782
2783
2785
2786
2788
278A
278B
278D
278F
2790
2792
2793
2795
2797
2798
279A
279C
279D
279F
27A0
27A2
27A4
27A5
27A7
27A8
27AA
27AC
27AD
27AF
27B0
27B2
27B4
27B5
27B7
27B9
27BA
27BC
27BD
27BF
27C1
27C2
27C4
27C5
27C7
27C9
27CA
27CC
27CD
27CF
27D1
27D2
27D4
27D6
27D7
27D9
27DA
27DC
27DE
27DF
27E1
27E2
27E4
27E6
27E7
27E9
27EA
27EC
27EE
27EF
27F1
27F2
27F4
27F6
27F7
27F9
27FA
27FC
27FE
27FF
2801
2802
2804
2806
2807
2809
280A
280C
280E
280F
2811
2812
2814
2816
2817
2819
281A
281C
281E
281F
2821
2822
2824
2826
2827
2829
282A
282C
282D
282F
2831
2832
2834
2835
2837
2839
283A
283C
283D
283F
2841
2842
2844
2845
2847
2849
284A
284C
284D
284F
2850
2852
2854
2855
2857
2858
285A
285C
285D
285F
2860
2862
2864
2865
2867
2868
286A
286B
286D
286F
2870
2872
2873
2875
2877
2878
287A
287B
287D
287E
2880
2882
2883
2885
2886
2888
2889
288B
288D
288E
2890
2891
2893
2895
2896
2898
2899
289B
289C
289E
28A0
28A1
28A3
28A4
28A6
28A7
28A9
28AB
28AC
28AE
28AF
28B1
28B2
28B4
28B6
28B7
28B9
28BA
28BC
28BD
28BF
28C1
28C2
28C4
28C5
28C7
28C8
28CA
28CC
28CD
28CF
28D0
28D2
28D3
28D5
28D7
28D8
28DA
28DB
28DD
28DE
28E0
28E2
28E3
28E5
28E6
28E8
28E9
28EB
28EC
28EE
28F0
28F1
28F3
28F4
28F6
28F7
28F9
28FB
28FC
28FE
28FF
2901
2902
2904
2905
2907
2909
290A
290C
290D
290F
2910
2912
2913
2915
2917
2918
291A
291B
291D
291E
2920
2922
2923
2925
2926
2928
2929
292B
292C
292E
2930
2931
2933
2934
2936
2937
2939
293A
293C
293D
293F
2941
2942
2944
2945
2947
2948
294A
294B
294D
294F
2950
2952
2953
2955
2956
2958
2959
295B
295C
295E
2960
2961
2963
2964
2966
2967
2969
296A
296C
296D
296F
2971
2972
2974
2975
2977
2978
297A
297B
297D
297E
2980
2982
2983
2985
2986
2988
2989
298B
298C
298E
298F
2991
2992
2994
2996
2997
2999
299A
299C
299D
299F
29A0
29A2
29A3
29A5
29A6
29A8
29AA
29AB
29AD
29AE
29B0
29B1
29B3
29B4
29B6
29B7
29B9
29BA
29BC
29BE
29BF
29C1
29C2
29C4
29C5
29C7
29C8
29CA
29CB
29CD
29CE
29D0
29D1
29D3
29D4
29D6
29D8
29D9
29DB
29DC
29DE
29DF
29E1
29E2
29E4
29E5
29E7
29E8
29EA
29EB
29ED
29EE
29F0
29F2
29F3
29F5
29F6
29F8
29F9
29FB
29FC
29FE
29FF
2A01
2A02
2A04
2A05
2A07
2A08
2A0A
2A0B
2A0D
2A0E
2A10
2A12
2A13
2A15
2A16
2A18
2A19
2A1B
2A1C
2A1E
2A1F
2A21
2A22
2A24
2A25
2A27
2A28
2A2A
2A2B
2A2D
2A2E
2A30
2A31
2A33
2A34
2A36
2A37
2A39
2A3B
2A3C
2A3E
2A3F
2A41
2A42
2A44
2A45
2A47
2A48
2A4A
2A4B
2A4D
2A4E
2A50
2A51
2A53
2A54
2A56
2A57
2A59
2A5A
2A5C
2A5D
2A5F
2A60
2A62
2A63
2A65
2A66
2A68
2A69
2A6B
2A6C
2A6E
2A6F
2A71
2A72
2A74
2A75
2A77
2A78
2A7A
2A7B
2A7D
2A7E
2A80
2A82
2A83
2A85
2A86
2A88
2A89
2A8B
2A8C
2A8E
2A8F
2A91
2A92
2A94
2A95
2A97
2A98
2A9A
2A9B
2A9D
2A9E
2AA0
2AA1
2AA3
2AA4
2AA6
2AA7
2AA9
2AAA
2AAC
2AAD
2AAF
2AB0
2AB2
2AB3
2AB5
2AB6
2AB8
2AB9
2ABB
2ABC
2ABE
2ABF
2AC1
2AC2
2AC4
2AC5
2AC7
2AC8
2ACA
2ACB
2ACD
2ACE
2AD0
2AD1
2AD3
2AD4
2AD5
2AD7
2AD8
2ADA
2ADB
2ADD
2ADE
2AE0
2AE1
2AE3
2AE4
2AE6
2AE7
2AE9
2AEA
2AEC
2AED
2AEF
2AF0
2AF2
2AF3
2AF5
2AF6
2AF8
2AF9
2AFB
2AFC
2AFE
2AFF
2B01
2B02
2B04
2B05
2B07
2B08
2B0A
2B0B
2B0D
2B0E
2B10
2B11
2B13
2B14
2B16
2B17
2B19
2B1A
2B1C
2B1D
2B1E
2B20
2B21
2B23
2B24
2B26
2B27
2B29
2B2A
2B2C
2B2D
2B2F
2B30
2B32
2B33
2B35
2B36
2B38
2B39
2B3B
2B3C
2B3E
2B3F
2B41
2B42
2B44
2B45
2B46
2B48
2B49
2B4B
2B4C
2B4E
2B4F
2B51
2B52
2B54
2B55
2B57
2B58
2B5A
2B5B
2B5D
2B5E
2B60
2B61
2B63
2B64
2B65
2B67
2B68
2B6A
2B6B
2B6D
2B6E
2B70
2B71
2B73
2B74
2B76
2B77
2B79
2B7A
2B7C
2B7D
2B7F
2B80
2B81
2B83
2B84
2B86
2B87
2B89
2B8A
2B8C
2B8D
2B8F
2B90
2B92
2B93
2B95
2B96
2B98
2B99
2B9A
2B9C
2B9D
2B9F
2BA0
2BA2
2BA3
2BA5
2BA6
2BA8
2BA9
2BAB
2BAC
2BAE
2BAF
2BB0
2BB2
2BB3
2BB5
2BB6
2BB8
2BB9
2BBB
2BBC
2BBE
2BBF
2BC1
2BC2
2BC3
2BC5
2BC6
2BC8
2BC9
2BCB
2BCC
2BCE
2BCF
2BD1
2BD2
2BD4
2BD5
2BD6
2BD8
2BD9
2BDB
2BDC
2BDE
2BDF
2BE1
2BE2
2BE4
2BE5
2BE7
2BE8
2BE9
2BEB
2BEC
2BEE
2BEF
2BF1
2BF2
2BF4
2BF5
2BF7
2BF8
2BF9
2BFB
2BFC
2BFE
2BFF
2C01
2C02
2C04
2C05
2C07
2C08
2C09
2C0B
2C0C
2C0E
2C0F
2C11
2C12
2C14
2C15
2C17
2C18
2C19
2C1B
2C1C
2C1E
2C1F
2C21
2C22
2C24
2C25
2C26
2C28
2C29
2C2B
2C2C
2C2E
2C2F
2C31
2C32
2C34
2C35
2C36
2C38
2C39
2C3B
2C3C
2C3E
2C3F
2C41
2C42
2C43
2C45
2C46
2C48
2C49
2C4B
2C4C
2C4E
2C4F
2C50
2C52
2C53
2C55
2C56
2C58
2C59
2C5B
2C5C
2C5D
2C5F
2C60
2C62
2C63
2C65
2C66
2C68
2C69
2C6A
2C6C
2C6D
2C6F
2C70
2C72
2C73
2C74
2C76
2C77
2C79
2C7A
2C7C
2C7D
2C7F
2C80
2C81
2C83
2C84
2C86
2C87
2C89
2C8A
2C8B
2C8D
2C8E
2C90
2C91
2C93
2C94
2C96
2C97
2C98
2C9A
2C9B
2C9D
2C9E
2CA0
2CA1
2CA2
2CA4
2CA5
2CA7
2CA8
2CAA
2CAB
2CAC
2CAE
2CAF
2CB1
2CB2
2CB4
2CB5
2CB7
2CB8
2CB9
2CBB
2CBC
2CBE
2CBF
2CC1
2CC2
2CC3
2CC5
2CC6
2CC8
2CC9
2CCB
2CCC
2CCD
2CCF
2CD0
2CD2
2CD3
2CD5
2CD6
2CD7
2CD9
2CDA
2CDC
2CDD
2CDF
2CE0
2CE1
2CE3
2CE4
2CE6
2CE7
2CE9
2CEA
2CEB
2CED
2CEE
2CF0
2CF1
2CF2
2CF4
2CF5
2CF7
2CF8
2CFA
2CFB
2CFC
2CFE
2CFF
2D01
2D02
2D04
2D05
2D06
2D08
2D09
2D0B
2D0C
2D0E
2D0F
2D10
2D12
2D13
2D15
2D16
2D17
2D19
2D1A
2D1C
2D1D
2D1F
2D20
2D21
2D23
2D24
2D26
2D27
2D28
2D2A
2D2B
2D2D
2D2E
2D30
2D31
2D32
2D34
2D35
2D37
2D38
2D39
2D3B
2D3C
2D3E
2D3F
2D41
2D42
2D43
2D45
2D46
2D48
2D49
2D4A
2D4C
2D4D
2D4F
2D50
2D51
2D53
2D54
2D56
2D57
2D59
2D5A
2D5B
2D5D
2D5E
2D60
2D61
2D62
2D64
2D65
2D67
2D68
2D69
2D6B
2D6C
2D6E
2D6F
2D71
2D72
2D73
2D75
2D76
2D78
2D79
2D7A
2D7C
2D7D
2D7F
2D80
2D81
2D83
2D84
2D86
2D87
2D88
2D8A
2D8B
2D8D
2D8E
2D8F
2D91
2D92
2D94
2D95
2D96
2D98
2D99
2D9B
2D9C
2D9E
2D9F
2DA0
2DA2
2DA3
2DA5
2DA6
2DA7
2DA9
2DAA
2DAC
2DAD
2DAE
2DB0
2DB1
2DB3
2DB4
2DB5
2DB7
2DB8
2DBA
2DBB
2DBC
2DBE
2DBF
2DC1
2DC2
2DC3
2DC5
2DC6
2DC8
2DC9
2DCA
2DCC
2DCD
2DCF
2DD0
2DD1
2DD3
2DD4
2DD5
2DD7
2DD8
2DDA
2DDB
2DDC
2DDE
2DDF
2DE1
2DE2
2DE3
2DE5
2DE6
2DE8
2DE9
2DEA
2DEC
2DED
2DEF
2DF0
2DF1
2DF3
2DF4
2DF6
2DF7
2DF8
2DFA
2DFB
2DFD
2DFE
2DFF
2E01
2E02
2E03
2E05
2E06
2E08
2E09
2E0A
2E0C
2E0D
2E0F
2E10
2E11
2E13
2E14
2E16
2E17
2E18
2E1A
2E1B
2E1C
2E1E
2E1F
2E21
2E22
2E23
2E25
2E26
2E28
2E29
2E2A
2E2C
2E2D
2E2F
2E30
2E31
2E33
2E34
2E35
2E37
2E38
2E3A
2E3B
2E3C
2E3E
2E3F
2E41
2E42
2E43
2E45
2E46
2E47
2E49
2E4A
2E4C
2E4D
2E4E
2E50
2E51
2E52
2E54
2E55
2E57
2E58
2E59
2E5B
2E5C
2E5E
2E5F
2E60
2E62
2E63
2E64
2E66
2E67
2E69
2E6A
2E6B
2E6D
2E6E
2E6F
2E71
2E72
2E74
2E75
2E76
2E78
2E79
2E7A
2E7C
2E7D
2E7F
2E80
2E81
2E83
2E84
2E86
2E87
2E88
2E8A
2E8B
2E8C
2E8E
2E8F
2E91
2E92
2E93
2E95
2E96
2E97
2E99
2E9A
2E9B
2E9D
2E9E
2EA0
2EA1
2EA2
2EA4
2EA5
2EA6
2EA8
2EA9
2EAB
2EAC
2EAD
2EAF
2EB0
2EB1
2EB3
2EB4
2EB6
2EB7
2EB8
2EBA
2EBB
2EBC
2EBE
2EBF
2EC1
2EC2
2EC3
2EC5
2EC6
2EC7
2EC9
2ECA
2ECB
2ECD
2ECE
2ED0
2ED1
2ED2
2ED4
2ED5
2ED6
2ED8
2ED9
2EDA
2EDC
2EDD
2EDF
2EE0
2EE1
2EE3
2EE4
2EE5
2EE7
2EE8
2EEA
2EEB
2EEC
2EEE
2EEF
2EF0
2EF2
2EF3
2EF4
2EF6
2EF7
2EF9
2EFA
2EFB
2EFD
2EFE
2EFF
2F01
2F02
2F03
2F05
2F06
2F07
2F09
2F0A
2F0C
2F0D
2F0E
2F10
2F11
2F12
2F14
2F15
2F16
2F18
2F19
2F1B
2F1C
2F1D
2F1F
2F20
2F21
2F23
2F24
2F25
2F27
2F28
2F29
2F2B
2F2C
2F2E
2F2F
2F30
2F32
2F33
2F34
2F36
2F37
2F38
2F3A
2F3B
2F3C
2F3E
2F3F
2F41
2F42
2F43
2F45
2F46
2F47
2F49
2F4A
2F4B
2F4D
2F4E
2F4F
2F51
2F52
2F53
2F55
2F56
2F58
2F59
2F5A
2F5C
2F5D
2F5E
2F60
2F61
2F62
2F64
2F65
2F66
2F68
2F69
2F6A
2F6C
2F6D
2F6E
2F70
2F71
2F73
2F74
2F75
2F77
2F78
2F79
2F7B
2F7C
2F7D
2F7F
2F80
2F81
2F83
2F84
2F85
2F87
2F88
2F89
2F8B
2F8C
2F8D
2F8F
2F90
2F92
2F93
2F94
2F96
2F97
2F98
2F9A
2F9B
2F9C
2F9E
2F9F
2FA0
2FA2
2FA3
2FA4
2FA6
2FA7
2FA8
2FAA
2FAB
2FAC
2FAE
2FAF
2FB0
2FB2
2FB3
2FB4
2FB6
2FB7
2FB8
2FBA
2FBB
2FBC
2FBE
2FBF
2FC1
2FC2
2FC3
2FC5
2FC6
2FC7
2FC9
2FCA
2FCB
2FCD
2FCE
2FCF
2FD1
2FD2
2FD3
2FD5
2FD6
2FD7
2FD9
2FDA
2FDB
2FDD
2FDE
2FDF
2FE1
2FE2
2FE3
2FE5
2FE6
2FE7
2FE9
2FEA
2FEB
2FED
2FEE
2FEF
2FF1
2FF2
2FF3
2FF5
2FF6
2FF7
2FF9
2FFA
2FFB
2FFD
2FFE
2FFF
3001
3002
3003
3005
3006
3007
3009
300A
300B
300D
300E
300F
3011
3012
3013
3015
3016
3017
3019
301A
301B
301D
301E
301F
3021
3022
3023
3025
3026
3027
3029
302A
302B
302D
302E
302F
3031
3032
3033
3035
3036
3037
3039
303A
303B
303D
303E
303F
3040
3042
3043
3044
3046
3047
3048
304A
304B
304C
304E
304F
3050
3052
3053
3054
3056
3057
3058
305A
305B
305C
305E
305F
3060
3062
3063
3064
3066
3067
3068
306A
306B
306C
306E
306F
3070
3071
3073
3074
3075
3077
3078
3079
307B
307C
307D
307F
3080
3081
3083
3084
3085
3087
3088
3089
308B
308C
308D
308F
3090
3091
3092
3094
3095
3096
3098
3099
309A
309C
309D
309E
30A0
30A1
30A2
30A4
30A5
30A6
30A8
30A9
30AA
30AB
30AD
30AE
30AF
30B1
30B2
30B3
30B5
30B6
30B7
30B9
30BA
30BB
30BD
30BE
30BF
30C0
30C2
30C3
30C4
30C6
30C7
30C8
30CA
30CB
30CC
30CE
30CF
30D0
30D2
30D3
30D4
30D5
30D7
30D8
30D9
30DB
30DC
30DD
30DF
30E0
30E1
30E3
30E4
30E5
30E7
30E8
30E9
30EA
30EC
30ED
30EE
30F0
30F1
30F2
30F4
30F5
30F6
30F8
30F9
30FA
30FB
30FD
30FE
30FF
3101
3102
3103
3105
3106
3107
3108
310A
310B
310C
310E
310F
3110
3112
3113
3114
3116
3117
3118
3119
311B
311C
311D
311F
3120
3121
3123
3124
3125
3126
3128
3129
312A
312C
312D
312E
3130
3131
3132
3133
3135
3136
3137
3139
313A
313B
313D
313E
313F
3140
3142
3143
3144
3146
3147
3148
314A
314B
314C
314D
314F
3150
3151
3153
3154
3155
3157
3158
3159
315A
315C
315D
315E
3160
3161
3162
3164
3165
3166
3167
3169
316A
316B
316D
316E
316F
3170
3172
3173
3174
3176
3177
3178
317A
317B
317C
317D
317F
3180
3181
3183
3184
3185
3186
3188
3189
318A
318C
318D
318E
3190
3191
3192
3193
3195
3196
3197
3199
319A
319B
319C
319E
319F
31A0
31A2
31A3
31A4
31A5
31A7
31A8
31A9
31AB
31AC
31AD
31AE
31B0
31B1
31B2
31B4
31B5
31B6
31B7
31B9
31BA
31BB
31BD
31BE
31BF
31C0
31C2
31C3
31C4
31C6
31C7
31C8
31C9
31CB
31CC
31CD
31CF
31D0
31D1
31D2
31D4
31D5
31D6
31D8
31D9
31DA
31DB
31DD
31DE
31DF
31E1
31E2
31E3
31E4
31E6
31E7
31E8
31EA
31EB
31EC
31ED
31EF
31F0
31F1
31F3
31F4
31F5
31F6
31F8
31F9
31FA
31FC
31FD
31FE
31FF
3201
3202
3203
3204
3206
3207
3208
320A
320B
320C
320D
320F
3210
3211
3213
3214
3215
3216
3218
3219
321A
321B
321D
321E
321F
3221
3222
3223
3224
3226
3227
3228
322A
322B
322C
322D
322F
3230
3231
3232
3234
3235
3236
3238
3239
323A
323B
323D
323E
323F
3240
3242
3243
3244
3246
3247
3248
3249
324B
324C
324D
324E
3250
3251
3252
3254
3255
3256
3257
3259
325A
325B
325C
325E
325F
3260
3262
3263
3264
3265
3267
3268
3269
326A
326C
326D
326E
3270
3271
3272
3273
3275
3276
3277
3278
327A
327B
327C
327D
327F
3280
3281
3283
3284
3285
3286
3288
3289
328A
328B
328D
328E
328F
3290
3292
3293
3294
3296
3297
3298
3299
329B
329C
329D
329E
32A0
32A1
32A2
32A3
32A5
32A6
32A7
32A8
32AA
32AB
32AC
32AE
32AF
32B0
32B1
32B3
32B4
32B5
32B6
32B8
32B9
32BA
32BB
32BD
32BE
32BF
32C0
32C2
32C3
32C4
32C6
32C7
32C8
32C9
32CB
32CC
32CD
32CE
32D0
32D1
32D2
32D3
32D5
32D6
32D7
32D8
32DA
32DB
32DC
32DD
32DF
32E0
32E1
32E2
32E4
32E5
32E6
32E8
32E9
32EA
32EB
32ED
32EE
32EF
32F0
32F2
32F3
32F4
32F5
32F7
32F8
32F9
32FA
32FC
32FD
32FE
32FF
3301
3302
3303
3304
3306
3307
3308
3309
330B
330C
330D
330E
3310
3311
3312
3313
3315
3316
3317
3318
331A
331B
331C
331D
331F
3320
3321
3322
3324
3325
3326
3327
3329
332A
332B
332C
332E
332F
3330
3331
3333
3334
3335
3336
3338
3339
333A
333B
333D
333E
333F
3340
3342
3343
3344
3345
3347
3348
3349
334A
334C
334D
334E
334F
3351
3352
3353
3354
3356
3357
3358
3359
335B
335C
335D
335E
3360
3361
3362
3363
3365
3366
3367
3368
336A
336B
336C
336D
336F
3370
3371
3372
3374
3375
3376
3377
3379
337A
337B
337C
337E
337F
3380
3381
3382
3384
3385
3386
3387
3389
338A
338B
338C
338E
338F
3390
3391
3393
3394
3395
3396
3398
3399
339A
339B
339D
339E
339F
33A0
33A2
33A3
33A4
33A5
33A6
33A8
33A9
33AA
33AB
33AD
33AE
33AF
33B0
33B2
33B3
33B4
33B5
33B7
33B8
33B9
33BA
33BC
33BD
33BE
33BF
33C0
33C2
33C3
33C4
33C5
33C7
33C8
33C9
33CA
33CC
33CD
33CE
33CF
33D1
33D2
33D3
33D4
33D5
33D7
33D8
33D9
33DA
33DC
33DD
33DE
33DF
33E1
33E2
33E3
33E4
33E6
33E7
33E8
33E9
33EA
33EC
33ED
33EE
33EF
33F1
33F2
33F3
33F4
33F6
33F7
33F8
33F9
33FA
33FC
33FD
33FE
33FF
3401
3402
3403
3404
3406
3407
3408
3409
340A
340C
340D
340E
340F
3411
3412
3413
3414
3416
3417
3418
3419
341A
341C
341D
341E
341F
3421
3422
3423
3424
3425
3427
3428
3429
342A
342C
342D
342E
342F
3431
3432
3433
3434
3435
3437
3438
3439
343A
343C
343D
343E
343F
3440
3442
3443
3444
3445
3447
3448
3449
344A
344B
344D
344E
344F
3450
3452
3453
3454
3455
3456
3458
3459
345A
345B
345D
345E
345F
3460
3461
3463
3464
3465
3466
3468
3469
346A
346B
346C
346E
346F
3470
3471
3473
3474
3475
3476
3477
3479
347A
347B
347C
347E
347F
3480
3481
3482
3484
3485
3486
3487
3489
348A
348B
348C
348D
348F
3490
3491
3492
3493
3495
3496
3497
3498
349A
349B
349C
349D
349E
34A0
34A1
34A2
34A3
34A5
34A6
34A7
34A8
34A9
34AB
34AC
34AD
34AE
34AF
34B1
34B2
34B3
34B4
34B6
34B7
34B8
34B9
34BA
34BC
34BD
34BE
34BF
34C0
34C2
34C3
34C4
34C5
34C7
34C8
34C9
34CA
34CB
34CD
34CE
34CF
34D0
34D1
34D3
34D4
34D5
34D6
34D7
34D9
34DA
34DB
34DC
34DE
34DF
34E0
34E1
34E2
34E4
34E5
34E6
34E7
34E8
34EA
34EB
34EC
34ED
34EE
34F0
34F1
34F2
34F3
34F5
34F6
34F7
34F8
34F9
34FB
34FC
34FD
34FE
34FF
3501
3502
3503
3504
3505
3507
3508
3509
350A
350B
350D
350E
350F
3510
3511
3513
3514
3515
3516
3518
3519
351A
351B
351C
351E
351F
3520
3521
3522
3524
3525
3526
3527
3528
352A
352B
352C
352D
352E
3530
3531
3532
3533
3534
3536
3537
3538
3539
353A
353C
353D
353E
353F
3540
3542
3543
3544
3545
3546
3548
3549
354A
354B
354C
354E
354F
3550
3551
3552
3554
3555
3556
3557
3558
355A
355B
355C
355D
355E
3560
3561
3562
3563
3564
3566
3567
3568
3569
356A
356C
356D
356E
356F
3570
3572
3573
3574
3575
3576
3578
3579
357A
357B
357C
357E
357F
3580
3581
3582
3584
3585
3586
3587
3588
358A
358B
358C
358D
358E
3590
3591
3592
3593
3594
3596
3597
3598
3599
359A
359B
359D
359E
359F
35A0
35A1
35A3
35A4
35A5
35A6
35A7
35A9
35AA
35AB
35AC
35AD
35AF
35B0
35B1
35B2
35B3
35B5
35B6
35B7
35B8
35B9
35BA
35BC
35BD
35BE
35BF
35C0
35C2
35C3
35C4
35C5
35C6
35C8
35C9
35CA
35CB
35CC
35CE
35CF
35D0
35D1
35D2
35D3
35D5
35D6
35D7
35D8
35D9
35DB
35DC
35DD
35DE
35DF
35E1
35E2
35E3
35E4
35E5
35E6
35E8
35E9
35EA
35EB
35EC
35EE
35EF
35F0
35F1
35F2
35F4
35F5
35F6
35F7
35F8
35F9
35FB
35FC
35FD
35FE
35FF
3601
3602
3603
3604
3605
3607
3608
3609
360A
360B
360C
360E
360F
3610
3611
3612
3614
3615
3616
3617
3618
3619
361B
361C
361D
361E
361F
3621
3622
3623
3624
3625
3626
3628
3629
362A
362B
362C
362E
362F
3630
3631
3632
3633
3635
3636
3637
3638
3639
363B
363C
363D
363E
363F
3640
3642
3643
3644
3645
3646
3648
3649
364A
364B
364C
364D
364F
3650
3651
3652
3653
3654
3656
3657
3658
3659
365A
365C
365D
365E
365F
3660
3661
3663
3664
3665
3666
3667
3668
366A
366B
366C
366D
366E
3670
3671
3672
3673
3674
3675
3677
3678
3679
367A
367B
367C
367E
367F
3680
3681
3682
3684
3685
3686
3687
3688
3689
368B
368C
368D
368E
368F
3690
3692
3693
3694
3695
3696
3697
3699
369A
369B
369C
369D
369E
36A0
36A1
36A2
36A3
36A4
36A6
36A7
36A8
36A9
36AA
36AB
36AD
36AE
36AF
36B0
36B1
36B2
36B4
36B5
36B6
36B7
36B8
36B9
36BB
36BC
36BD
36BE
36BF
36C0
36C2
36C3
36C4
36C5
36C6
36C7
36C9
36CA
36CB
36CC
36CD
36CE
36D0
36D1
36D2
36D3
36D4
36D5
36D7
36D8
36D9
36DA
36DB
36DC
36DE
36DF
36E0
36E1
36E2
36E3
36E5
36E6
36E7
36E8
36E9
36EA
36EC
36ED
36EE
36EF
36F0
36F1
36F3
36F4
36F5
36F6
36F7
36F8
36FA
36FB
36FC
36FD
36FE
36FF
3701
3702
3703
3704
3705
3706
3708
3709
370A
370B
370C
370D
370F
3710
3711
3712
3713
3714
3716
3717
3718
3719
371A
371B
371C
371E
371F
3720
3721
3722
3723
3725
3726
3727
3728
3729
372A
372C
372D
372E
372F
3730
3731
3733
3734
3735
3736
3737
3738
3739
373B
373C
373D
373E
373F
3740
3742
3743
3744
3745
3746
3747
3749
374A
374B
374C
374D
374E
374F
3751
3752
3753
3754
3755
3756
3758
3759
375A
375B
375C
375D
375F
3760
3761
3762
3763
3764
3765
3767
3768
3769
376A
376B
376C
376E
376F
3770
3771
3772
3773
3774
3776
3777
3778
3779
377A
377B
377D
377E
377F
3780
3781
3782
3783
3785
3786
3787
3788
3789
378A
378C
378D
378E
378F
3790
3791
3792
3794
3795
3796
3797
3798
3799
379A
379C
379D
379E
379F
37A0
37A1
37A3
37A4
37A5
37A6
37A7
37A8
37A9
37AB
37AC
37AD
37AE
37AF
37B0
37B1
37B3
37B4
37B5
37B6
37B7
37B8
37BA
37BB
37BC
37BD
37BE
37BF
37C0
37C2
37C3
37C4
37C5
37C6
37C7
37C8
37CA
37CB
37CC
37CD
37CE
37CF
37D0
37D2
37D3
37D4
37D5
37D6
37D7
37D9
37DA
37DB
37DC
37DD
37DE
37DF
37E1
37E2
37E3
37E4
37E5
37E6
37E7
37E9
37EA
37EB
37EC
37ED
37EE
37EF
37F1
37F2
37F3
37F4
37F5
37F6
37F7
37F9
37FA
37FB
37FC
37FD
37FE
37FF
3801
3802
3803
3804
3805
3806
3807
3809
380A
380B
380C
380D
380E
380F
3811
3812
3813
3814
3815
3816
3817
3819
381A
381B
381C
381D
381E
381F
3821
3822
3823
3824
3825
3826
3827
3829
382A
382B
382C
382D
382E
382F
3830
3832
3833
3834
3835
3836
3837
3838
383A
383B
383C
383D
383E
383F
3840
3842
3843
3844
3845
3846
3847
3848
384A
384B
384C
384D
384E
384F
3850
3851
3853
3854
3855
3856
3857
3858
3859
385B
385C
385D
385E
385F
3860
3861
3863
3864
3865
3866
3867
3868
3869
386A
386C
386D
386E
386F
3870
3871
3872
3874
3875
3876
3877
3878
3879
387A
387B
387D
387E
387F
3880
3881
3882
3883
3885
3886
3887
3888
3889
388A
388B
388C
388E
388F
3890
3891
3892
3893
3894
3896
3897
3898
3899
389A
389B
389C
389D
389F
38A0
38A1
38A2
38A3
38A4
38A5
38A6
38A8
38A9
38AA
38AB
38AC
38AD
38AE
38AF
38B1
38B2
38B3
38B4
38B5
38B6
38B7
38B9
38BA
38BB
38BC
38BD
38BE
38BF
38C0
38C2
38C3
38C4
38C5
38C6
38C7
38C8
38C9
38CB
38CC
38CD
38CE
38CF
38D0
38D1
38D2
38D4
38D5
38D6
38D7
38D8
38D9
38DA
38DB
38DD
38DE
38DF
38E0
38E1
38E2
38E3
38E4
38E6
38E7
38E8
38E9
38EA
38EB
38EC
38ED
38EF
38F0
38F1
38F2
38F3
38F4
38F5
38F6
38F8
38F9
38FA
38FB
38FC
38FD
38FE
38FF
3901
3902
3903
3904
3905
3906
3907
3908
390A
390B
390C
390D
390E
390F
3910
3911
3913
3914
3915
3916
3917
3918
3919
391A
391B
391D
391E
391F
3920
3921
3922
3923
3924
3926
3927
3928
3929
392A
392B
392C
392D
392F
3930
3931
3932
3933
3934
3935
3936
3937
3939
393A
393B
393C
393D
393E
393F
3940
3942
3943
3944
3945
3946
3947
3948
3949
394A
394C
394D
394E
394F
3950
3951
3952
3953
3955
3956
3957
3958
3959
395A
395B
395C
395D
395F
3960
3961
3962
3963
3964
3965
3966
3967
3969
396A
396B
396C
396D
396E
396F
3970
3972
3973
3974
3975
3976
3977
3978
3979
397A
397C
397D
397E
397F
3980
3981
3982
3983
3984
3986
3987
3988
3989
398A
398B
398C
398D
398E
3990
3991
3992
3993
3994
3995
3996
3997
3998
399A
399B
399C
399D
399E
399F
39A0
39A1
39A2
39A4
39A5
39A6
39A7
39A8
39A9
39AA
39AB
39AC
39AE
39AF
39B0
39B1
39B2
39B3
39B4
39B5
39B6
39B8
39B9
39BA
39BB
39BC
39BD
39BE
39BF
39C0
39C2
39C3
39C4
39C5
39C6
39C7
39C8
39C9
39CA
39CB
39CD
39CE
39CF
39D0
39D1
39D2
39D3
39D4
39D5
39D7
39D8
39D9
39DA
39DB
39DC
39DD
39DE
39DF
39E1
39E2
39E3
39E4
39E5
39E6
39E7
39E8
39E9
39EA
39EC
39ED
39EE
39EF
39F0
39F1
39F2
39F3
39F4
39F6
39F7
39F8
39F9
39FA
39FB
39FC
39FD
39FE
39FF
3A01
3A02
3A03
3A04
3A05
3A06
3A07
3A08
3A09
3A0A
3A0C
3A0D
3A0E
3A0F
3A10
3A11
3A12
3A13
3A14
3A16
3A17
3A18
3A19
3A1A
3A1B
3A1C
3A1D
3A1E
3A1F
3A21
3A22
3A23
3A24
3A25
3A26
3A27
3A28
3A29
3A2A
3A2C
3A2D
3A2E
3A2F
3A30
3A31
3A32
3A33
3A34
3A35
3A37
3A38
3A39
3A3A
3A3B
3A3C
3A3D
3A3E
3A3F
3A40
3A42
3A43
3A44
3A45
3A46
3A47
3A48
3A49
3A4A
3A4B
3A4C
3A4E
3A4F
3A50
3A51
3A52
3A53
3A54
3A55
3A56
3A57
3A59
3A5A
3A5B
3A5C
3A5D
3A5E
3A5F
3A60
3A61
3A62
3A64
3A65
3A66
3A67
3A68
3A69
3A6A
3A6B
3A6C
3A6D
3A6E
3A70
3A71
3A72
3A73
3A74
3A75
3A76
3A77
3A78
3A79
3A7B
3A7C
3A7D
3A7E
3A7F
3A80
3A81
3A82
3A83
3A84
3A85
3A87
3A88
3A89
3A8A
3A8B
3A8C
3A8D
3A8E
3A8F
3A90
3A91
3A93
3A94
3A95
3A96
3A97
3A98
3A99
3A9A
3A9B
3A9C
3A9E
3A9F
3AA0
3AA1
3AA2
3AA3
3AA4
3AA5
3AA6
3AA7
3AA8
3AAA
3AAB
3AAC
3AAD
3AAE
3AAF
3AB0
3AB1
3AB2
3AB3
3AB4
3AB6
3AB7
3AB8
3AB9
3ABA
3ABB
3ABC
3ABD
3ABE
3ABF
3AC0
3AC1
3AC3
3AC4
3AC5
3AC6
3AC7
3AC8
3AC9
3ACA
3ACB
3ACC
3ACD
3ACF
3AD0
3AD1
3AD2
3AD3
3AD4
3AD5
3AD6
3AD7
3AD8
3AD9
3ADB
3ADC
3ADD
3ADE
3ADF
3AE0
3AE1
3AE2
3AE3
3AE4
3AE5
3AE6
3AE8
3AE9
3AEA
3AEB
3AEC
3AED
3AEE
3AEF
3AF0
3AF1
3AF2
3AF4
3AF5
3AF6
3AF7
3AF8
3AF9
3AFA
3AFB
3AFC
3AFD
3AFE
3AFF
3B01
3B02
3B03
3B04
3B05
3B06
3B07
3B08
3B09
3B0A
3B0B
3B0C
3B0E
3B0F
3B10
3B11
3B12
3B13
3B14
3B15
3B16
3B17
3B18
3B19
3B1B
3B1C
3B1D
3B1E
3B1F
3B20
3B21
3B22
3B23
3B24
3B25
3B26
3B28
3B29
3B2A
3B2B
3B2C
3B2D
3B2E
3B2F
3B30
3B31
3B32
3B33
3B35
3B36
3B37
3B38
3B39
3B3A
3B3B
3B3C
3B3D
3B3E
3B3F
3B40
3B41
3B43
3B44
3B45
3B46
3B47
3B48
3B49
3B4A
3B4B
3B4C
3B4D
3B4E
3B50
3B51
3B52
3B53
3B54
3B55
3B56
3B57
3B58
3B59
3B5A
3B5B
3B5C
3B5E
3B5F
3B60
3B61
3B62
3B63
3B64
3B65
3B66
3B67
3B68
3B69
3B6A
3B6C
3B6D
3B6E
3B6F
3B70
3B71
3B72
3B73
3B74
3B75
3B76
3B77
3B78
3B7A
3B7B
3B7C
3B7D
3B7E
3B7F
3B80
3B81
3B82
3B83
3B84
3B85
3B86
3B88
3B89
3B8A
3B8B
3B8C
3B8D
3B8E
3B8F
3B90
3B91
3B92
3B93
3B94
3B95
3B97
3B98
3B99
3B9A
3B9B
3B9C
3B9D
3B9E
3B9F
3BA0
3BA1
3BA2
3BA3
3BA5
3BA6
3BA7
3BA8
3BA9
3BAA
3BAB
3BAC
3BAD
3BAE
3BAF
3BB0
3BB1
3BB2
3BB4
3BB5
3BB6
3BB7
3BB8
3BB9
3BBA
3BBB
3BBC
3BBD
3BBE
3BBF
3BC0
3BC1
3BC3
3BC4
3BC5
3BC6
3BC7
3BC8
3BC9
3BCA
3BCB
3BCC
3BCD
3BCE
3BCF
3BD0
3BD2
3BD3
3BD4
3BD5
3BD6
3BD7
3BD8
3BD9
3BDA
3BDB
3BDC
3BDD
3BDE
3BDF
3BE1
3BE2
3BE3
3BE4
3BE5
3BE6
3BE7
3BE8
3BE9
3BEA
3BEB
3BEC
3BED
3BEE
3BEF
3BF1
3BF2
3BF3
3BF4
3BF5
3BF6
3BF7
3BF8
3BF9
3BFA
3BFB
3BFC
3BFD
3BFE
3BFF
3C01
3C02
3C03
3C04
3C05
3C06
3C07
3C08
3C09
3C0A
3C0B
3C0C
3C0D
3C0E
3C0F
3C11
3C12
3C13
3C14
3C15
3C16
3C17
3C18
3C19
3C1A
3C1B
3C1C
3C1D
3C1E
3C1F
3C20
3C22
3C23
3C24
3C25
3C26
3C27
3C28
3C29
3C2A
3C2B
3C2C
3C2D
3C2E
3C2F
3C30
3C32
3C33
3C34
3C35
3C36
3C37
3C38
3C39
3C3A
3C3B
3C3C
3C3D
3C3E
3C3F
3C40
3C41
3C43
3C44
3C45
3C46
3C47
3C48
3C49
3C4A
3C4B
3C4C
3C4D
3C4E
3C4F
3C50
3C51
3C52
3C54
3C55
3C56
3C57
3C58
3C59
3C5A
3C5B
3C5C
3C5D
3C5E
3C5F
3C60
3C61
3C62
3C63
3C64
3C66
3C67
3C68
3C69
3C6A
3C6B
3C6C
3C6D
3C6E
3C6F
3C70
3C71
3C72
3C73
3C74
3C75
3C76
3C78
3C79
3C7A
3C7B
3C7C
3C7D
3C7E
3C7F
3C80
3C81
3C82
3C83
3C84
3C85
3C86
3C87
3C88
3C8A
3C8B
3C8C
3C8D
3C8E
3C8F
3C90
3C91
3C92
3C93
3C94
3C95
3C96
3C97
3C98
3C99
3C9A
3C9B
3C9D
3C9E
3C9F
3CA0
3CA1
3CA2
3CA3
3CA4
3CA5
3CA6
3CA7
3CA8
3CA9
3CAA
3CAB
3CAC
3CAD
3CAE
3CB0
3CB1
3CB2
3CB3
3CB4
3CB5
3CB6
3CB7
3CB8
3CB9
3CBA
3CBB
3CBC
3CBD
3CBE
3CBF
3CC0
3CC1
3CC3
3CC4
3CC5
3CC6
3CC7
3CC8
3CC9
3CCA
3CCB
3CCC
3CCD
3CCE
3CCF
3CD0
3CD1
3CD2
3CD3
3CD4
3CD5
3CD7
3CD8
3CD9
3CDA
3CDB
3CDC
3CDD
3CDE
3CDF
3CE0
3CE1
3CE2
3CE3
3CE4
3CE5
3CE6
3CE7
3CE8
3CE9
3CEA
3CEC
3CED
3CEE
3CEF
3CF0
3CF1
3CF2
3CF3
3CF4
3CF5
3CF6
3CF7
3CF8
3CF9
3CFA
3CFB
3CFC
3CFD
3CFE
3CFF
3D01
3D02
3D03
3D04
3D05
3D06
3D07
3D08
3D09
3D0A
3D0B
3D0C
3D0D
3D0E
3D0F
3D10
3D11
3D12
3D13
3D14
3D15
3D17
3D18
3D19
3D1A
3D1B
3D1C
3D1D
3D1E
3D1F
3D20
3D21
3D22
3D23
3D24
3D25
3D26
3D27
3D28
3D29
3D2A
3D2B
3D2D
3D2E
3D2F
3D30
3D31
3D32
3D33
3D34
3D35
3D36
3D37
3D38
3D39
3D3A
3D3B
3D3C
3D3D
3D3E
3D3F
3D40
3D41
3D42
3D44
3D45
3D46
3D47
3D48
3D49
3D4A
3D4B
3D4C
3D4D
3D4E
3D4F
3D50
3D51
3D52
3D53
3D54
3D55
3D56
3D57
3D58
3D59
3D5A
3D5C
3D5D
3D5E
3D5F
3D60
3D61
3D62
3D63
3D64
3D65
3D66
3D67
3D68
3D69
3D6A
3D6B
3D6C
3D6D
3D6E
3D6F
3D70
3D71
3D72
3D74
3D75
3D76
3D77
3D78
3D79
3D7A
3D7B
3D7C
3D7D
3D7E
3D7F
3D80
3D81
3D82
3D83
3D84
3D85
3D86
3D87
3D88
3D89
3D8A
3D8B
3D8C
3D8E
3D8F
3D90
3D91
3D92
3D93
3D94
3D95
3D96
3D97
3D98
3D99
3D9A
3D9B
3D9C
3D9D
3D9E
3D9F
3DA0
3DA1
3DA2
3DA3
3DA4
3DA5
3DA6
3DA7
3DA9
3DAA
3DAB
3DAC
3DAD
3DAE
3DAF
3DB0
3DB1
3DB2
3DB3
3DB4
3DB5
3DB6
3DB7
3DB8
3DB9
3DBA
3DBB
3DBC
3DBD
3DBE
3DBF
3DC0
3DC1
3DC2
3DC3
3DC5
3DC6
3DC7
3DC8
3DC9
3DCA
3DCB
3DCC
3DCD
3DCE
3DCF
3DD0
3DD1
3DD2
3DD3
3DD4
3DD5
3DD6
3DD7
3DD8
3DD9
3DDA
3DDB
3DDC
3DDD
3DDE
3DDF
3DE0
3DE2
3DE3
3DE4
3DE5
3DE6
3DE7
3DE8
3DE9
3DEA
3DEB
3DEC
3DED
3DEE
3DEF
3DF0
3DF1
3DF2
3DF3
3DF4
3DF5
3DF6
3DF7
3DF8
3DF9
3DFA
3DFB
3DFC
3DFD
3DFE
3DFF
3E01
3E02
3E03
3E04
3E05
3E06
3E07
3E08
3E09
3E0A
3E0B
3E0C
3E0D
3E0E
3E0F
3E10
3E11
3E12
3E13
3E14
3E15
3E16
3E17
3E18
3E19
3E1A
3E1B
3E1C
3E1D
3E1E
3E1F
3E20
3E22
3E23
3E24
3E25
3E26
3E27
3E28
3E29
3E2A
3E2B
3E2C
3E2D
3E2E
3E2F
3E30
3E31
3E32
3E33
3E34
3E35
3E36
3E37
3E38
3E39
3E3A
3E3B
3E3C
3E3D
3E3E
3E3F
3E40
3E41
3E42
3E43
3E44
3E46
3E47
3E48
3E49
3E4A
3E4B
3E4C
3E4D
3E4E
3E4F
3E50
3E51
3E52
3E53
3E54
3E55
3E56
3E57
3E58
3E59
3E5A
3E5B
3E5C
3E5D
3E5E
3E5F
3E60
3E61
3E62
3E63
3E64
3E65
3E66
3E67
3E68
3E69
3E6A
3E6C
3E6D
3E6E
3E6F
3E70
3E71
3E72
3E73
3E74
3E75
3E76
3E77
3E78
3E79
3E7A
3E7B
3E7C
3E7D
3E7E
3E7F
3E80
3E81
3E82
3E83
3E84
3E85
3E86
3E87
3E88
3E89
3E8A
3E8B
3E8C
3E8D
3E8E
3E8F
3E90
3E91
3E92
3E93
3E94
3E95
3E97
3E98
3E99
3E9A
3E9B
3E9C
3E9D
3E9E
3E9F
3EA0
3EA1
3EA2
3EA3
3EA4
3EA5
3EA6
3EA7
3EA8
3EA9
3EAA
3EAB
3EAC
3EAD
3EAE
3EAF
3EB0
3EB1
3EB2
3EB3
3EB4
3EB5
3EB6
3EB7
3EB8
3EB9
3EBA
3EBB
3EBC
3EBD
3EBE
3EBF
3EC0
3EC1
3EC2
3EC3
3EC4
3EC5
3EC7
3EC8
3EC9
3ECA
3ECB
3ECC
3ECD
3ECE
3ECF
3ED0
3ED1
3ED2
3ED3
3ED4
3ED5
3ED6
3ED7
3ED8
3ED9
3EDA
3EDB
3EDC
3EDD
3EDE
3EDF
3EE0
3EE1
3EE2
3EE3
3EE4
3EE5
3EE6
3EE7
3EE8
3EE9
3EEA
3EEB
3EEC
3EED
3EEE
3EEF
3EF0
3EF1
3EF2
3EF3
3EF4
3EF5
3EF6
3EF7
3EF8
3EF9
3EFA
3EFB
3EFC
3EFD
3EFE
3EFF
3F01
3F02
3F03
3F04
3F05
3F06
3F07
3F08
3F09
3F0A
3F0B
3F0C
3F0D
3F0E
3F0F
3F10
3F11
3F12
3F13
3F14
3F15
3F16
3F17
3F18
3F19
3F1A
3F1B
3F1C
3F1D
3F1E
3F1F
3F20
3F21
3F22
3F23
3F24
3F25
3F26
3F27
3F28
3F29
3F2A
3F2B
3F2C
3F2D
3F2E
3F2F
3F30
3F31
3F32
3F33
3F34
3F35
3F36
3F37
3F38
3F39
3F3A
3F3B
3F3C
3F3D
3F3E
3F3F
3F40
3F41
3F42
3F43
3F44
3F45
3F46
3F47
3F48
3F49
3F4A
3F4C
3F4D
3F4E
3F4F
3F50
3F51
3F52
3F53
3F54
3F55
3F56
3F57
3F58
3F59
3F5A
3F5B
3F5C
3F5D
3F5E
3F5F
3F60
3F61
3F62
3F63
3F64
3F65
3F66
3F67
3F68
3F69
3F6A
3F6B
3F6C
3F6D
3F6E
3F6F
3F70
3F71
3F72
3F73
3F74
3F75
3F76
3F77
3F78
3F79
3F7A
3F7B
3F7C
3F7D
3F7E
3F7F
3F80
3F81
3F82
3F83
3F84
3F85
3F86
3F87
3F88
3F89
3F8A
3F8B
3F8C
3F8D
3F8E
3F8F
3F90
3F91
3F92
3F93
3F94
3F95
3F96
3F97
3F98
3F99
3F9A
3F9B
3F9C
3F9D
3F9E
3F9F
3FA0
3FA1
3FA2
3FA3
3FA4
3FA5
3FA6
3FA7
3FA8
3FA9
3FAA
3FAB
3FAC
3FAD
3FAE
3FAF
3FB0
3FB1
3FB2
3FB3
3FB4
3FB5
3FB6
3FB7
3FB8
3FB9
3FBA
3FBB
3FBC
3FBD
3FBE
3FBF
3FC0
3FC1
3FC2
3FC3
3FC4
3FC5
3FC6
3FC7
3FC8
3FC9
3FCA
3FCB
3FCC
3FCD
3FCE
3FCF
3FD0
3FD1
3FD2
3FD3
3FD4
3FD5
3FD6
3FD7
3FD8
3FD9
3FDA
3FDB
3FDC
3FDD
3FDE
3FDF
3FE0
3FE1
3FE2
3FE3
3FE4
3FE5
3FE6
3FE7
3FE8
3FE9
3FEA
3FEB
3FEC
3FED
3FEE
3FEF
3FF0
3FF1
3FF2
3FF3
3FF4
3FF5
3FF6
3FF7
3FF8
3FF9
3FFA
3FFB
3FFC
3FFD
3FFE
3FFF
4000
4001
4002
4003
4004
4005
4006
4007
4008
4009
400A
400B
400C
400D
400E
400F
4010
4011
4012
4013
4014
4015
4016
4017
4018
4019
401A
401B
401C
401D
401E
401F
4020
4021
4022
4023
4024
4025
4026
4027
4028
4029
402A
402B
402C
402D
402E
402F
4030
4031
4032
4033
4034
4035
4036
4037
4038
4039
403A
403B
403C
403D
403E
403F
4040
4041
4042
4043
4044
4045
4046
4047
4048
4049
404A
404B
404C
404D
404E
404F
4050
4051
4052
4053
4054
4055
4056
4057
4058
4059
405A
405B
405C
405D
405E
405F
4060
4061
4062
4063
4064
4065
4066
4067
4068
4069
406A
406B
406C
406D
406E
406F
4070
4071
4072
4073
4074
4075
4076
4077
4078
4079
407A
407B
407C
407D
407E
407F
4080
4081
4082
4083
4084
4085
4086
4087
4088
4089
408A
408B
408C
408D
408E
408F
4090
4091
4092
4093
4094
4095
4096
4097
4098
4099
409A
409B
409C
409D
409E
409F
40A0
40A1
40A2
40A3
40A4
40A5
40A6
40A7
40A8
40A9
40AA
40AB
40AC
40AD
40AE
40AF
40B0
40B1
40B2
40B3
40B4
40B5
40B5
40B6
40B7
40B8
40B9
40BA
40BB
40BC
40BD
40BE
40BF
40C0
40C1
40C2
40C3
40C4
40C5
40C6
40C7
40C8
40C9
40CA
40CB
40CC
40CD
40CE
40CF
40D0
40D1
40D2
40D3
40D4
40D5
40D6
40D7
40D8
40D9
40DA
40DB
40DC
40DD
40DE
40DF
40E0
40E1
40E2
40E3
40E4
40E5
40E6
40E7
40E8
40E9
40EA
40EB
40EC
40ED
40EE
40EF
40F0
40F1
40F2
40F3
40F4
40F5
40F6
40F7
40F8
40F9
40FA
40FB
40FC
40FD
40FE
40FF
4100
4100
4101
4102
4103
4104
4105
4106
4107
4108
4109
410A
410B
410C
410D
410E
410F
4110
4111
4112
4113
4114
4115
4116
4117
4118
4119
411A
411B
411C
411D
411E
411F
4120
4121
4122
4123
4124
4125
4126
4127
4128
4129
412A
412B
412C
412D
412E
412F
4130
4131
4132
4133
4134
4135
4136
4137
4138
4139
413A
413A
413B
413C
413D
413E
413F
4140
4141
4142
4143
4144
4145
4146
4147
4148
4149
414A
414B
414C
414D
414E
414F
4150
4151
4152
4153
4154
4155
4156
4157
4158
4159
415A
415B
415C
415D
415E
415F
4160
4161
4162
4163
4164
4165
4166
4167
4168
4169
416A
416A
416B
416C
416D
416E
416F
4170
4171
4172
4173
4174
4175
4176
4177
4178
4179
417A
417B
417C
417D
417E
417F
4180
4181
4182
4183
4184
4185
4186
4187
4188
4189
418A
418B
418C
418D
418E
418F
4190
4191
4192
4193
4194
4195
4195
4196
4197
4198
4199
419A
419B
419C
419D
419E
419F
41A0
41A1
41A2
41A3
41A4
41A5
41A6
41A7
41A8
41A9
41AA
41AB
41AC
41AD
41AE
41AF
41B0
41B1
41B2
41B3
41B4
41B5
41B6
41B7
41B8
41B9
41BA
41BB
41BB
41BC
41BD
41BE
41BF
41C0
41C1
41C2
41C3
41C4
41C5
41C6
41C7
41C8
41C9
41CA
41CB
41CC
41CD
41CE
41CF
41D0
41D1
41D2
41D3
41D4
41D5
41D6
41D7
41D8
41D9
41DA
41DB
41DC
41DD
41DE
41DF
41DF
41E0
41E1
41E2
41E3
41E4
41E5
41E6
41E7
41E8
41E9
41EA
41EB
41EC
41ED
41EE
41EF
41F0
41F1
41F2
41F3
41F4
41F5
41F6
41F7
41F8
41F9
41FA
41FB
41FC
41FD
41FE
41FF
4200
4200
4201
4202
4203
4204
4205
4206
4207
4208
4209
420A
420B
420C
420D
420E
420F
4210
4211
4212
4213
4214
4215
4216
4217
4218
4219
421A
421B
421C
421D
421E
421F
421F
4220
4221
4222
4223
4224
4225
4226
4227
4228
4229
422A
422B
422C
422D
422E
422F
4230
4231
4232
4233
4234
4235
4236
4237
4238
4239
423A
423B
423C
423C
423D
423E
423F
4240
4241
4242
4243
4244
4245
4246
4247
4248
4249
424A
424B
424C
424D
424E
424F
4250
4251
4252
4253
4254
4255
4256
4257
4258
4258
4259
425A
425B
425C
425D
425E
425F
4260
4261
4262
4263
4264
4265
4266
4267
4268
4269
426A
426B
426C
426D
426E
426F
4270
4271
4272
4273
4273
4274
4275
4276
4277
4278
4279
427A
427B
427C
427D
427E
427F
4280
4281
4282
4283
4284
4285
4286
4287
4288
4289
428A
428B
428C
428D
428D
428E
428F
4290
4291
4292
4293
4294
4295
4296
4297
4298
4299
429A
429B
429C
429D
429E
429F
42A0
42A1
42A2
42A3
42A4
42A5
42A5
42A6
42A7
42A8
42A9
42AA
42AB
42AC
42AD
42AE
42AF
42B0
42B1
42B2
42B3
42B4
42B5
42B6
42B7
42B8
42B9
42BA
42BB
42BC
42BD
42BD
42BE
42BF
42C0
42C1
42C2
42C3
42C4
42C5
42C6
42C7
42C8
42C9
42CA
42CB
42CC
42CD
42CE
42CF
42D0
42D1
42D2
42D3
42D4
42D4
42D5
42D6
42D7
42D8
42D9
42DA
42DB
42DC
42DD
42DE
42DF
42E0
42E1
42E2
42E3
42E4
42E5
42E6
42E7
42E8
42E9
42EA
42EA
42EB
42EC
42ED
42EE
42EF
42F0
42F1
42F2
42F3
42F4
42F5
42F6
42F7
42F8
42F9
42FA
42FB
42FC
42FD
42FE
42FF
4300
4300
4301
4302
4303
4304
4305
4306
4307
4308
4309
430A
430B
430C
430D
430E
430F
4310
4311
4312
4313
4314
4315
4315
4316
4317
4318
4319
431A
431B
431C
431D
431E
431F
4320
4321
4322
4323
4324
4325
4326
4327
4328
4329
432A
432A
432B
432C
432D
432E
432F
4330
4331
4332
4333
4334
4335
4336
4337
4338
4339
433A
433B
433C
433D
433E
433E
433F
4340
4341
4342
4343
4344
4345
4346
4347
4348
4349
434A
434B
434C
434D
434E
434F
4350
4351
4351
4352
4353
4354
4355
4356
4357
4358
4359
435A
435B
435C
435D
435E
435F
4360
4361
4362
4363
4364
4364
4365
4366
4367
4368
4369
436A
436B
436C
436D
436E
436F
4370
4371
4372
4373
4374
4375
4376
4377
4377
4378
4379
437A
437B
437C
437D
437E
437F
4380
4381
4382
4383
4384
4385
4386
4387
4388
4389
4389
438A
438B
438C
438D
438E
438F
4390
4391
4392
4393
4394
4395
4396
4397
4398
4399
439A
439B
439B
439C
439D
439E
439F
43A0
43A1
43A2
43A3
43A4
43A5
43A6
43A7
43A8
43A9
43AA
43AB
43AC
43AD
43AD
43AE
43AF
43B0
43B1
43B2
43B3
43B4
43B5
43B6
43B7
43B8
43B9
43BA
43BB
43BC
43BD
43BE
43BE
43BF
43C0
43C1
43C2
43C3
43C4
43C5
43C6
43C7
43C8
43C9
43CA
43CB
43CC
43CD
43CE
43CF
43CF
43D0
43D1
43D2
43D3
43D4
43D5
43D6
43D7
43D8
43D9
43DA
43DB
43DC
43DD
43DE
43DF
43DF
43E0
43E1
43E2
43E3
43E4
43E5
43E6
43E7
43E8
43E9
43EA
43EB
43EC
43ED
43EE
43EF
43F0
43F0
43F1
43F2
43F3
43F4
43F5
43F6
43F7
43F8
43F9
43FA
43FB
43FC
43FD
43FE
43FF
4400
4400
4401
4402
4403
4404
4405
4406
4407
4408
4409
440A
440B
440C
440D
440E
440F
4410
4410
4411
4412
4413
4414
4415
4416
4417
4418
4419
441A
441B
441C
441D
441E
441F
4420
4420
4421
4422
4423
4424
4425
4426
4427
4428
4429
442A
442B
442C
442D
442E
442F
442F
4430
4431
4432
4433
4434
4435
4436
4437
4438
4439
443A
443B
443C
443D
443E
443E
443F
4440
4441
4442
4443
4444
4445
4446
4447
4448
4449
444A
444B
444C
444D
444D
444E
444F
4450
4451
4452
4453
4454
4455
4456
4457
4458
4459
445A
445B
445C
445C
445D
445E
445F
4460
4461
4462
4463
4464
4465
4466
4467
4468
4469
446A
446A
446B
446C
446D
446E
446F
4470
4471
4472
4473
4474
4475
4476
4477
4478
4479
4479
447A
447B
447C
447D
447E
447F
4480
4481
4482
4483
4484
4485
4486
4487
4487
4488
4489
448A
448B
448C
448D
448E
448F
4490
4491
4492
4493
4494
4495
4495
4496
4497
4498
4499
449A
449B
449C
449D
449E
449F
44A0
44A1
44A2
44A3
44A3
44A4
44A5
44A6
44A7
44A8
44A9
44AA
44AB
44AC
44AD
44AE
44AF
44B0
44B1
44B1
44B2
44B3
44B4
44B5
44B6
44B7
44B8
44B9
44BA
44BB
44BC
44BD
44BE
44BE
44BF
44C0
44C1
44C2
44C3
44C4
44C5
44C6
44C7
44C8
44C9
44CA
44CB
44CC
44CC
44CD
44CE
44CF
44D0
44D1
44D2
44D3
44D4
44D5
44D6
44D7
44D8
44D9
44D9
44DA
44DB
44DC
44DD
44DE
44DF
44E0
44E1
44E2
44E3
44E4
44E5
44E6
44E6
44E7
44E8
44E9
44EA
44EB
44EC
44ED
44EE
44EF
44F0
44F1
44F2
44F3
44F3
44F4
44F5
44F6
44F7
44F8
44F9
44FA
44FB
44FC
44FD
44FE
44FF
4500
4500
4501
4502
4503
4504
4505
4506
4507
4508
4509
450A
450B
450C
450D
450D
450E
450F
4510
4511
4512
4513
4514
4515
4516
4517
4518
4519
4519
451A
451B
451C
451D
451E
451F
4520
4521
4522
4523
4524
4525
4526
4526
4527
4528
4529
452A
452B
452C
452D
452E
452F
4530
4531
4532
4532
4533
4534
4535
4536
4537
4538
4539
453A
453B
453C
453D
453E
453E
453F
4540
4541
4542
4543
4544
4545
4546
4547
4548
4549
454A
454B
454B
454C
454D
454E
454F
4550
4551
4552
4553
4554
4555
4556
4557
4557
4558
4559
455A
455B
455C
455D
455E
455F
4560
4561
4562
4563
4563
4564
4565
4566
4567
4568
4569
456A
456B
456C
456D
456E
456E
456F
4570
4571
4572
4573
4574
4575
4576
4577
4578
4579
457A
457A
457B
457C
457D
457E
457F
4580
4581
4582
4583
4584
4585
4586
4586
4587
4588
4589
458A
458B
458C
458D
458E
458F
4590
4591
4591
4592
4593
4594
4595
4596
4597
4598
4599
459A
459B
459C
459D
459D
459E
459F
45A0
45A1
45A2
45A3
45A4
45A5
45A6
45A7
45A8
45A8
45A9
45AA
45AB
45AC
45AD
45AE
45AF
45B0
45B1
45B2
45B3
45B3
45B4
45B5
45B6
45B7
45B8
45B9
45BA
45BB
45BC
45BD
45BE
45BF
45BF
45C0
45C1
45C2
45C3
45C4
45C5
45C6
45C7
45C8
45C9
45CA
45CA
45CB
45CC
45CD
45CE
45CF
45D0
45D1
45D2
45D3
45D4
45D5
45D5
45D6
45D7
45D8
45D9
45DA
45DB
45DC
45DD
45DE
45DF
45E0
45E0
45E1
45E2
45E3
45E4
45E5
45E6
45E7
45E8
45E9
45EA
45EB
45EB
45EC
45ED
45EE
45EF
45F0
45F1
45F2
45F3
45F4
45F5
45F5
45F6
45F7
45F8
45F9
45FA
45FB
45FC
45FD
45FE
45FF
4600
4600
4601
4602
4603
4604
4605
4606
4607
4608
4609
460A
460B
460B
460C
460D
460E
460F
4610
4611
4612
4613
4614
4615
4615
4616
4617
4618
4619
461A
461B
461C
461D
461E
461F
4620
4620
4621
4622
4623
4624
4625
4626
4627
4628
4629
462A
462A
462B
462C
462D
462E
462F
4630
4631
4632
4633
4634
4634
4635
4636
4637
4638
4639
463A
463B
463C
463D
463E
463F
463F
4640
4641
4642
4643
4644
4645
4646
4647
4648
4649
4649
464A
464B
464C
464D
464E
464F
4650
4651
4652
4653
4653
4654
4655
4656
4657
4658
4659
465A
465B
465C
465D
465D
465E
465F
4660
4661
4662
4663
4664
4665
4666
4667
4667
4668
4669
466A
466B
466C
466D
466E
466F
4670
4671
4671
4672
4673
4674
4675
4676
4677
4678
4679
467A
467B
467B
467C
467D
467E
467F
4680
4681
4682
4683
4684
4685
4685
4686
4687
4688
4689
468A
468B
468C
468D
468E
468F
468F
4690
4691
4692
4693
4694
4695
4696
4697
4698
4698
4699
469A
469B
469C
469D
469E
469F
46A0
46A1
46A2
46A2
46A3
46A4
46A5
46A6
46A7
46A8
46A9
46AA
46AB
46AC
46AC
46AD
46AE
46AF
46B0
46B1
46B2
46B3
46B4
46B5
46B5
46B6
46B7
46B8
46B9
46BA
46BB
46BC
46BD
46BE
46BF
46BF
46C0
46C1
46C2
46C3
46C4
46C5
46C6
46C7
46C8
46C8
46C9
46CA
46CB
46CC
46CD
46CE
46CF
46D0
46D1
46D2
46D2
46D3
46D4
46D5
46D6
46D7
46D8
46D9
46DA
46DB
46DB
46DC
46DD
46DE
46DF
46E0
46E1
46E2
46E3
46E4
46E4
46E5
46E6
46E7
46E8
46E9
46EA
46EB
46EC
46ED
46EE
46EE
46EF
46F0
46F1
46F2
46F3
46F4
46F5
46F6
46F7
46F7
46F8
46F9
46FA
46FB
46FC
46FD
46FE
46FF
4700
4700
4701
4702
4703
4704
4705
4706
4707
4708
4709
4709
470A
470B
470C
470D
470E
470F
4710
4711
4712
4712
4713
4714
4715
4716
4717
4718
4719
471A
471B
471B
471C
471D
471E
471F
4720
4721
4722
4723
4724
4724
4725
4726
4727
4728
4729
472A
472B
472C
472D
472D
472E
472F
4730
4731
4732
4733
4734
4735
4736
4736
4737
4738
4739
473A
473B
473C
473D
473E
473F
473F
4740
4741
4742
4743
4744
4745
4746
4747
4748
4748
4749
474A
474B
474C
474D
474E
474F
4750
4750
4751
4752
4753
4754
4755
4756
4757
4758
4759
4759
475A
475B
475C
475D
475E
475F
4760
4761
4762
4762
4763
4764
4765
4766
4767
4768
4769
476A
476B
476B
476C
476D
476E
476F
4770
4771
4772
4773
4773
4774
4775
4776
4777
4778
4779
477A
477B
477C
477C
477D
477E
477F
4780
4781
4782
4783
4784
4784
4785
4786
4787
4788
4789
478A
478B
478C
478D
478D
478E
478F
4790
4791
4792
4793
4794
4795
4795
4796
4797
4798
4799
479A
479B
479C
479D
479E
479E
479F
47A0
47A1
47A2
47A3
47A4
47A5
47A6
47A6
47A7
47A8
47A9
47AA
47AB
47AC
47AD
47AE
47AE
47AF
47B0
47B1
47B2
47B3
47B4
47B5
47B6
47B7
47B7
47B8
47B9
47BA
47BB
47BC
47BD
47BE
47BF
47BF
47C0
47C1
47C2
47C3
47C4
47C5
47C6
47C7
47C7
47C8
47C9
47CA
47CB
47CC
47CD
47CE
47CF
47CF
47D0
47D1
47D2
47D3
47D4
47D5
47D6
47D7
47D8
47D8
47D9
47DA
47DB
47DC
47DD
47DE
47DF
47E0
47E0
47E1
47E2
47E3
47E4
47E5
47E6
47E7
47E8
47E8
47E9
47EA
47EB
47EC
47ED
47EE
47EF
47F0
47F0
47F1
47F2
47F3
47F4
47F5
47F6
47F7
47F8
47F8
47F9
47FA
47FB
47FC
47FD
47FE
47FF
4800
4800
4801
4802
4803
4804
4805
4806
4807
4808
4808
4809
480A
480B
480C
480D
480E
480F
4810
4810
4811
4812
4813
4814
4815
4816
4817
4818
4818
4819
481A
481B
481C
481D
481E
481F
4820
4820
4821
4822
4823
4824
4825
4826
4827
4828
4828
4829
482A
482B
482C
482D
482E
482F
482F
4830
4831
4832
4833
4834
4835
4836
4837
4837
4838
4839
483A
483B
483C
483D
483E
483F
483F
4840
4841
4842
4843
4844
4845
4846
4847
4847
4848
4849
484A
484B
484C
484D
484E
484E
484F
4850
4851
4852
4853
4854
4855
4856
4856
4857
4858
4859
485A
485B
485C
485D
485E
485E
485F
4860
4861
4862
4863
4864
4865
4865
4866
4867
4868
4869
486A
486B
486C
486D
486D
486E
486F
4870
4871
4872
4873
4874
4875
4875
4876
4877
4878
4879
487A
487B
487C
487C
487D
487E
487F
4880
4881
4882
4883
4884
4884
4885
4886
4887
4888
4889
488A
488B
488B
488C
488D
488E
488F
4890
4891
4892
4893
4893
4894
4895
4896
4897
4898
4899
489A
489A
489B
489C
489D
489E
489F
48A0
48A1
48A2
48A2
48A3
48A4
48A5
48A6
48A7
48A8
48A9
48A9
48AA
48AB
48AC
48AD
48AE
48AF
48B0
48B0
48B1
48B2
48B3
48B4
48B5
48B6
48B7
48B8
48B8
48B9
48BA
48BB
48BC
48BD
48BE
48BF
48BF
48C0
48C1
48C2
48C3
48C4
48C5
48C6
48C6
48C7
48C8
48C9
48CA
48CB
48CC
48CD
48CE
48CE
48CF
48D0
48D1
48D2
48D3
48D4
48D5
48D5
48D6
48D7
48D8
48D9
48DA
48DB
48DC
48DC
48DD
48DE
48DF
48E0
48E1
48E2
48E3
48E3
48E4
48E5
48E6
48E7
48E8
48E9
48EA
48EB
48EB
48EC
48ED
48EE
48EF
48F0
48F1
48F2
48F2
48F3
48F4
48F5
48F6
48F7
48F8
48F9
48F9
48FA
48FB
48FC
48FD
48FE
48FF
4900
4900
4901
4902
4903
4904
4905
4906
4907
4907
4908
4909
490A
490B
490C
490D
490E
490E
490F
4910
4911
4912
4913
4914
4915
4915
4916
4917
4918
4919
491A
491B
491C
491C
491D
491E
491F
4920
4921
4922
4923
4923
4924
4925
4926
4927
4928
4929
492A
492A
492B
492C
492D
492E
492F
4930
4931
4931
4932
4933
4934
4935
4936
4937
4938
4938
4939
493A
493B
493C
493D
493E
493F
493F
4940
4941
4942
4943
4944
4945
4946
4946
4947
4948
4949
494A
494B
494C
494D
494D
494E
494F
4950
4951
4952
4953
4954
4954
4955
4956
4957
4958
4959
495A
495B
495B
495C
495D
495E
495F
4960
4961
4961
4962
4963
4964
4965
4966
4967
4968
4968
4969
496A
496B
496C
496D
496E
496F
496F
4970
4971
4972
4973
4974
4975
4976
4976
4977
4978
4979
497A
497B
497C
497D
497D
497E
497F
4980
4981
4982
4983
4983
4984
4985
4986
4987
4988
4989
498A
498A
498B
498C
498D
498E
498F
4990
4991
4991
4992
4993
4994
4995
4996
4997
4997
4998
4999
499A
499B
499C
499D
499E
499E
499F
49A0
49A1
49A2
49A3
49A4
49A5
49A5
49A6
49A7
49A8
49A9
49AA
49AB
49AB
49AC
49AD
49AE
49AF
49B0
49B1
49B2
49B2
49B3
49B4
49B5
49B6
49B7
49B8
49B9
49B9
49BA
49BB
49BC
49BD
49BE
49BF
49BF
49C0
49C1
49C2
49C3
49C4
49C5
49C6
49C6
49C7
49C8
49C9
49CA
49CB
49CC
49CC
49CD
49CE
49CF
49D0
49D1
49D2
49D3
49D3
49D4
49D5
49D6
49D7
49D8
49D9
49D9
49DA
49DB
49DC
49DD
49DE
49DF
49E0
49E0
49E1
49E2
49E3
49E4
49E5
49E6
49E6
49E7
49E8
49E9
49EA
49EB
49EC
49ED
49ED
49EE
49EF
49F0
49F1
49F2
49F3
49F3
49F4
49F5
49F6
49F7
49F8
49F9
49FA
49FA
49FB
49FC
49FD
49FE
49FF
4A00
4A00
4A01
4A02
4A03
4A04
4A05
4A06
4A06
4A07
4A08
4A09
4A0A
4A0B
4A0C
4A0D
4A0D
4A0E
4A0F
4A10
4A11
4A12
4A13
4A13
4A14
4A15
4A16
4A17
4A18
4A19
4A19
4A1A
4A1B
4A1C
4A1D
4A1E
4A1F
4A20
4A20
4A21
4A22
4A23
4A24
4A25
4A26
4A26
4A27
4A28
4A29
4A2A
4A2B
4A2C
4A2C
4A2D
4A2E
4A2F
4A30
4A31
4A32
4A33
4A33
4A34
4A35
4A36
4A37
4A38
4A39
4A39
4A3A
4A3B
4A3C
4A3D
4A3E
4A3F
4A3F
4A40
4A41
4A42
4A43
4A44
4A45
4A45
4A46
4A47
4A48
4A49
4A4A
4A4B
4A4C
4A4C
4A4D
4A4E
4A4F
4A50
4A51
4A52
4A52
4A53
4A54
4A55
4A56
4A57
4A58
4A58
4A59
4A5A
4A5B
4A5C
4A5D
4A5E
4A5E
4A5F
4A60
4A61
4A62
4A63
4A64
4A64
4A65
4A66
4A67
4A68
4A69
4A6A
4A6B
4A6B
4A6C
4A6D
4A6E
4A6F
4A70
4A71
4A71
4A72
4A73
4A74
4A75
4A76
4A77
4A77
4A78
4A79
4A7A
4A7B
4A7C
4A7D
4A7D
4A7E
4A7F
4A80
4A81
4A82
4A83
4A83
4A84
4A85
4A86
4A87
4A88
4A89
4A89
4A8A
4A8B
4A8C
4A8D
4A8E
4A8F
4A8F
4A90
4A91
4A92
4A93
4A94
4A95
4A95
4A96
4A97
4A98
4A99
4A9A
4A9B
4A9B
4A9C
4A9D
4A9E
4A9F
4AA0
4AA1
4AA1
4AA2
4AA3
4AA4
4AA5
4AA6
4AA7
4AA7
4AA8
4AA9
4AAA
4AAB
4AAC
4AAD
4AAD
4AAE
4AAF
4AB0
4AB1
4AB2
4AB3
4AB3
4AB4
4AB5
4AB6
4AB7
4AB8
4AB9
4AB9
4ABA
4ABB
4ABC
4ABD
4ABE
4ABF
4ABF
4AC0
4AC1
4AC2
4AC3
4AC4
4AC5
4AC5
4AC6
4AC7
4AC8
4AC9
4ACA
4ACB
4ACB
4ACC
4ACD
4ACE
4ACF
4AD0
4AD1
4AD1
4AD2
4AD3
4AD4
4AD5
4AD6
4AD7
4AD7
4AD8
4AD9
4ADA
4ADB
4ADC
4ADD
4ADD
4ADE
4ADF
4AE0
4AE1
4AE2
4AE3
4AE3
4AE4
4AE5
4AE6
4AE7
4AE8
4AE9
4AE9
4AEA
4AEB
4AEC
4AED
4AEE
4AEE
4AEF
4AF0
4AF1
4AF2
4AF3
4AF4
4AF4
4AF5
4AF6
4AF7
4AF8
4AF9
4AFA
4AFA
4AFB
4AFC
4AFD
4AFE
4AFF
4B00
4B00
4B01
4B02
4B03
4B04
4B05
4B06
4B06
4B07
4B08
4B09
4B0A
4B0B
4B0C
4B0C
4B0D
4B0E
4B0F
4B10
4B11
4B11
4B12
4B13
4B14
4B15
4B16
4B17
4B17
4B18
4B19
4B1A
4B1B
4B1C
4B1D
4B1D
4B1E
4B1F
4B20
4B21
4B22
4B23
4B23
4B24
4B25
4B26
4B27
4B28
4B28
4B29
4B2A
4B2B
4B2C
4B2D
4B2E
4B2E
4B2F
4B30
4B31
4B32
4B33
4B34
4B34
4B35
4B36
4B37
4B38
4B39
4B3A
4B3A
4B3B
4B3C
4B3D
4B3E
4B3F
4B3F
4B40
4B41
4B42
4B43
4B44
4B45
4B45
4B46
4B47
4B48
4B49
4B4A
4B4B
4B4B
4B4C
4B4D
4B4E
4B4F
4B50
4B50
4B51
4B52
4B53
4B54
4B55
4B56
4B56
4B57
4B58
4B59
4B5A
4B5B
4B5C
4B5C
4B5D
4B5E
4B5F
4B60
4B61
4B61
4B62
4B63
4B64
4B65
4B66
4B67
4B67
4B68
4B69
4B6A
4B6B
4B6C
4B6C
4B6D
4B6E
4B6F
4B70
4B71
4B72
4B72
4B73
4B74
4B75
4B76
4B77
4B78
4B78
4B79
4B7A
4B7B
4B7C
4B7D
4B7D
4B7E
4B7F
4B80
4B81
4B82
4B83
4B83
4B84
4B85
4B86
4B87
4B88
4B88
4B89
4B8A
4B8B
4B8C
4B8D
4B8E
4B8E
4B8F
4B90
4B91
4B92
4B93
4B93
4B94
4B95
4B96
4B97
4B98
4B99
4B99
4B9A
4B9B
4B9C
4B9D
4B9E
4B9E
4B9F
4BA0
4BA1
4BA2
4BA3
4BA4
4BA4
4BA5
4BA6
4BA7
4BA8
4BA9
4BA9
4BAA
4BAB
4BAC
4BAD
4BAE
4BAF
4BAF
4BB0
4BB1
4BB2
4BB3
4BB4
4BB4
4BB5
4BB6
4BB7
4BB8
4BB9
4BBA
4BBA
4BBB
4BBC
4BBD
4BBE
4BBF
4BBF
4BC0
4BC1
4BC2
4BC3
4BC4
4BC5
4BC5
4BC6
4BC7
4BC8
4BC9
4BCA
4BCA
4BCB
4BCC
4BCD
4BCE
4BCF
4BD0
4BD0
4BD1
4BD2
4BD3
4BD4
4BD5
4BD5
4BD6
4BD7
4BD8
4BD9
4BDA
4BDA
4BDB
4BDC
4BDD
4BDE
4BDF
4BE0
4BE0
4BE1
4BE2
4BE3
4BE4
4BE5
4BE5
4BE6
4BE7
4BE8
4BE9
4BEA
4BEB
4BEB
4BEC
4BED
4BEE
4BEF
4BF0
4BF0
4BF1
4BF2
4BF3
4BF4
4BF5
4BF5
4BF6
4BF7
4BF8
4BF9
4BFA
4BFB
4BFB
4BFC
4BFD
4BFE
4BFF
4C00
4C00
4C01
4C02
4C03
4C04
4C05
4C05
4C06
4C07
4C08
4C09
4C0A
4C0B
4C0B
4C0C
4C0D
4C0E
4C0F
4C10
4C10
4C11
4C12
4C13
4C14
4C15
4C15
4C16
4C17
4C18
4C19
4C1A
4C1B
4C1B
4C1C
4C1D
4C1E
4C1F
4C20
4C20
4C21
4C22
4C23
4C24
4C25
4C25
4C26
4C27
4C28
4C29
4C2A
4C2A
4C2B
4C2C
4C2D
4C2E
4C2F
4C30
4C30
4C31
4C32
4C33
4C34
4C35
4C35
4C36
4C37
4C38
4C39
4C3A
4C3A
4C3B
4C3C
4C3D
4C3E
4C3F
4C3F
4C40
4C41
4C42
4C43
4C44
4C45
4C45
4C46
4C47
4C48
4C49
4C4A
4C4A
4C4B
4C4C
4C4D
4C4E
4C4F
4C4F
4C50
4C51
4C52
4C53
4C54
4C54
4C55
4C56
4C57
4C58
4C59
4C59
4C5A
4C5B
4C5C
4C5D
4C5E
4C5F
4C5F
4C60
4C61
4C62
4C63
4C64
4C64
4C65
4C66
4C67
4C68
4C69
4C69
4C6A
4C6B
4C6C
4C6D
4C6E
4C6E
4C6F
4C70
4C71
4C72
4C73
4C73
4C74
4C75
4C76
4C77
4C78
4C78
4C79
4C7A
4C7B
4C7C
4C7D
4C7D
4C7E
4C7F
4C80
4C81
4C82
4C83
4C83
4C84
4C85
4C86
4C87
4C88
4C88
4C89
4C8A
4C8B
4C8C
4C8D
4C8D
4C8E
4C8F
4C90
4C91
4C92
4C92
4C93
4C94
4C95
4C96
4C97
4C97
4C98
4C99
4C9A
4C9B
4C9C
4C9C
4C9D
4C9E
4C9F
4CA0
4CA1
4CA1
4CA2
4CA3
4CA4
4CA5
4CA6
4CA6
4CA7
4CA8
4CA9
4CAA
4CAB
4CAB
4CAC
4CAD
4CAE
4CAF
4CB0
4CB0
4CB1
4CB2
4CB3
4CB4
4CB5
4CB5
4CB6
4CB7
4CB8
4CB9
4CBA
4CBA
4CBB
4CBC
4CBD
4CBE
4CBF
4CBF
4CC0
4CC1
4CC2
4CC3
4CC4
4CC4
4CC5
4CC6
4CC7
4CC8
4CC9
4CC9
4CCA
4CCB
4CCC
4CCD
4CCE
4CCE
4CCF
4CD0
4CD1
4CD2
4CD3
4CD3
4CD4
4CD5
4CD6
4CD7
4CD8
4CD8
4CD9
4CDA
4CDB
4CDC
4CDD
4CDD
4CDE
4CDF
4CE0
4CE1
4CE2
4CE2
4CE3
4CE4
4CE5
4CE6
4CE7
4CE7
4CE8
4CE9
4CEA
4CEB
4CEC
4CEC
4CED
4CEE
4CEF
4CF0
4CF1
4CF1
4CF2
4CF3
4CF4
4CF5
4CF6
4CF6
4CF7
4CF8
4CF9
4CFA
4CFB
4CFB
4CFC
4CFD
4CFE
4CFF
4D00
4D00
4D01
4D02
4D03
4D04
4D05
4D05
4D06
4D07
4D08
4D09
4D0A
4D0A
4D0B
4D0C
4D0D
4D0E
4D0F
4D0F
4D10
4D11
4D12
4D13
4D14
4D14
4D15
4D16
4D17
4D18
4D19
4D19
4D1A
4D1B
4D1C
4D1D
4D1D
4D1E
4D1F
4D20
4D21
4D22
4D22
4D23
4D24
4D25
4D26
4D27
4D27
4D28
4D29
4D2A
4D2B
4D2C
4D2C
4D2D
4D2E
4D2F
4D30
4D31
4D31
4D32
4D33
4D34
4D35
4D36
4D36
4D37
4D38
4D39
4D3A
4D3B
4D3B
4D3C
4D3D
4D3E
4D3F
4D3F
4D40
4D41
4D42
4D43
4D44
4D44
4D45
4D46
4D47
4D48
4D49
4D49
4D4A
4D4B
4D4C
4D4D
4D4E
4D4E
4D4F
4D50
4D51
4D52
4D53
4D53
4D54
4D55
4D56
4D57
4D57
4D58
4D59
4D5A
4D5B
4D5C
4D5C
4D5D
4D5E
4D5F
4D60
4D61
4D61
4D62
4D63
4D64
4D65
4D66
4D66
4D67
4D68
4D69
4D6A
4D6B
4D6B
4D6C
4D6D
4D6E
4D6F
4D6F
4D70
4D71
4D72
4D73
4D74
4D74
4D75
4D76
4D77
4D78
4D79
4D79
4D7A
4D7B
4D7C
4D7D
4D7E
4D7E
4D7F
4D80
4D81
4D82
4D82
4D83
4D84
4D85
4D86
4D87
4D87
4D88
4D89
4D8A
4D8B
4D8C
4D8C
4D8D
4D8E
4D8F
4D90
4D91
4D91
4D92
4D93
4D94
4D95
4D95
4D96
4D97
4D98
4D99
4D9A
4D9A
4D9B
4D9C
4D9D
4D9E
4D9F
4D9F
4DA0
4DA1
4DA2
4DA3
4DA3
4DA4
4DA5
4DA6
4DA7
4DA8
4DA8
4DA9
4DAA
4DAB
4DAC
4DAD
4DAD
4DAE
4DAF
4DB0
4DB1
4DB1
4DB2
4DB3
4DB4
4DB5
4DB6
4DB6
4DB7
4DB8
4DB9
4DBA
4DBB
4DBB
4DBC
4DBD
4DBE
4DBF
4DBF
4DC0
4DC1
4DC2
4DC3
4DC4
4DC4
4DC5
4DC6
4DC7
4DC8
4DC9
4DC9
4DCA
4DCB
4DCC
4DCD
4DCD
4DCE
4DCF
4DD0
4DD1
4DD2
4DD2
4DD3
4DD4
4DD5
4DD6
4DD7
4DD7
4DD8
4DD9
4DDA
4DDB
4DDB
4DDC
4DDD
4DDE
4DDF
4DE0
4DE0
4DE1
4DE2
4DE3
4DE4
4DE4
4DE5
4DE6
4DE7
4DE8
4DE9
4DE9
4DEA
4DEB
4DEC
4DED
4DEE
4DEE
4DEF
4DF0
4DF1
4DF2
4DF2
4DF3
4DF4
4DF5
4DF6
4DF7
4DF7
4DF8
4DF9
4DFA
4DFB
4DFB
4DFC
4DFD
4DFE
4DFF
4E00
4E00
4E01
4E02
4E03
4E04
4E05
4E05
4E06
4E07
4E08
4E09
4E09
4E0A
4E0B
4E0C
4E0D
4E0E
4E0E
4E0F
4E10
4E11
4E12
4E12
4E13
4E14
4E15
4E16
4E17
4E17
4E18
4E19
4E1A
4E1B
4E1B
4E1C
4E1D
4E1E
4E1F
4E20
4E20
4E21
4E22
4E23
4E24
4E24
4E25
4E26
4E27
4E28
4E29
4E29
4E2A
4E2B
4E2C
4E2D
4E2D
4E2E
4E2F
4E30
4E31
4E32
4E32
4E33
4E34
4E35
4E36
4E36
4E37
4E38
4E39
4E3A
4E3B
4E3B
4E3C
4E3D
4E3E
4E3F
4E3F
4E40
4E41
4E42
4E43
4E44
4E44
4E45
4E46
4E47
4E48
4E48
4E49
4E4A
4E4B
4E4C
4E4D
4E4D
4E4E
4E4F
4E50
4E51
4E51
4E52
4E53
4E54
4E55
4E56
4E56
4E57
4E58
4E59
4E5A
4E5A
4E5B
4E5C
4E5D
4E5E
4E5F
4E5F
4E60
4E61
4E62
4E63
4E63
4E64
4E65
4E66
4E67
4E68
4E68
4E69
4E6A
4E6B
4E6C
4E6C
4E6D
4E6E
4E6F
4E70
4E71
4E71
4E72
4E73
4E74
4E75
4E75
4E76
4E77
4E78
4E79
4E79
4E7A
4E7B
4E7C
4E7D
4E7E
4E7E
4E7F
4E80
4E81
4E82
4E82
4E83
4E84
4E85
4E86
4E87
4E87
4E88
4E89
4E8A
4E8B
4E8B
4E8C
4E8D
4E8E
4E8F
4E8F
4E90
4E91
4E92
4E93
4E94
4E94
4E95
4E96
4E97
4E98
4E98
4E99
4E9A
4E9B
4E9C
4E9D
4E9D
4E9E
4E9F
4EA0
4EA1
4EA1
4EA2
4EA3
4EA4
4EA5
4EA5
4EA6
4EA7
4EA8
4EA9
4EAA
4EAA
4EAB
4EAC
4EAD
4EAE
4EAE
4EAF
4EB0
4EB1
4EB2
4EB2
4EB3
4EB4
4EB5
4EB6
4EB7
4EB7
4EB8
4EB9
4EBA
4EBB
4EBB
4EBC
4EBD
4EBE
4EBF
4EBF
4EC0
4EC1
4EC2
4EC3
4EC4
4EC4
4EC5
4EC6
4EC7
4EC8
4EC8
4EC9
4ECA
4ECB
4ECC
4ECC
4ECD
4ECE
4ECF
4ED0
4ED1
4ED1
4ED2
4ED3
4ED4
4ED5
4ED5
4ED6
4ED7
4ED8
4ED9
4ED9
4EDA
4EDB
4EDC
4EDD
4EDE
4EDE
4EDF
4EE0
4EE1
4EE2
4EE2
4EE3
4EE4
4EE5
4EE6
4EE6
4EE7
4EE8
4EE9
4EEA
4EEB
4EEB
4EEC
4EED
4EEE
4EEF
4EEF
4EF0
4EF1
4EF2
4EF3
4EF3
4EF4
4EF5
4EF6
4EF7
4EF7
4EF8
4EF9
4EFA
4EFB
4EFC
4EFC
4EFD
4EFE
4EFF
4F00
4F00
4F01
4F02
4F03
4F04
4F04
4F05
4F06
4F07
4F08
4F09
4F09
4F0A
4F0B
4F0C
4F0D
4F0D
4F0E
4F0F
4F10
4F11
4F11
4F12
4F13
4F14
4F15
4F15
4F16
4F17
4F18
4F19
4F1A
4F1A
4F1B
4F1C
4F1D
4F1E
4F1E
4F1F
4F20
4F21
4F22
4F22
4F23
4F24
4F25
4F26
4F26
4F27
4F28
4F29
4F2A
4F2A
4F2B
4F2C
4F2D
4F2E
4F2F
4F2F
4F30
4F31
4F32
4F33
4F33
4F34
4F35
4F36
4F37
4F37
4F38
4F39
4F3A
4F3B
4F3B
4F3C
4F3D
4F3E
4F3F
4F3F
4F40
4F41
4F42
4F43
4F44
4F44
4F45
4F46
4F47
4F48
4F48
4F49
4F4A
4F4B
4F4C
4F4C
4F4D
4F4E
4F4F
4F50
4F50
4F51
4F52
4F53
4F54
4F54
4F55
4F56
4F57
4F58
4F59
4F59
4F5A
4F5B
4F5C
4F5D
4F5D
4F5E
4F5F
4F60
4F61
4F61
4F62
4F63
4F64
4F65
4F65
4F66
4F67
4F68
4F69
4F69
4F6A
4F6B
4F6C
4F6D
4F6D
4F6E
4F6F
4F70
4F71
4F72
4F72
4F73
4F74
4F75
4F76
4F76
4F77
4F78
4F79
4F7A
4F7A
4F7B
4F7C
4F7D
4F7E
4F7E
4F7F
4F80
4F81
4F82
4F82
4F83
4F84
4F85
4F86
4F86
4F87
4F88
4F89
4F8A
4F8A
4F8B
4F8C
4F8D
4F8E
4F8E
4F8F
4F90
4F91
4F92
4F93
4F93
4F94
4F95
4F96
4F97
4F97
4F98
4F99
4F9A
4F9B
4F9B
4F9C
4F9D
4F9E
4F9F
4F9F
4FA0
4FA1
4FA2
4FA3
4FA3
4FA4
4FA5
4FA6
4FA7
4FA7
4FA8
4FA9
4FAA
4FAB
4FAB
4FAC
4FAD
4FAE
4FAF
4FAF
4FB0
4FB1
4FB2
4FB3
4FB3
4FB4
4FB5
4FB6
4FB7
4FB7
4FB8
4FB9
4FBA
4FBB
4FBB
4FBC
4FBD
4FBE
4FBF
4FBF
4FC0
4FC1
4FC2
4FC3
4FC4
4FC4
4FC5
4FC6
4FC7
4FC8
4FC8
4FC9
4FCA
4FCB
4FCC
4FCC
4FCD
4FCE
4FCF
4FD0
4FD0
4FD1
4FD2
4FD3
4FD4
4FD4
4FD5
4FD6
4FD7
4FD8
4FD8
4FD9
4FDA
4FDB
4FDC
4FDC
4FDD
4FDE
4FDF
4FE0
4FE0
4FE1
4FE2
4FE3
4FE4
4FE4
4FE5
4FE6
4FE7
4FE8
4FE8
4FE9
4FEA
4FEB
4FEC
4FEC
4FED
4FEE
4FEF
4FF0
4FF0
4FF1
4FF2
4FF3
4FF4
4FF4
4FF5
4FF6
4FF7
4FF8
4FF8
4FF9
4FFA
4FFB
4FFC
4FFC
4FFD
4FFE
4FFF
5000
5000
5001
5002
5003
5004
5004
5005
5006
5007
5008
5008
5009
500A
500B
500C
500C
500D
500E
500F
5010
5010
5011
5012
5013
5014
5014
5015
5016
5017
5018
5018
5019
501A
501B
501C
501C
501D
501E
501F
5020
5020
5021
5022
5023
5024
5024
5025
5026
5027
5028
5028
5029
502A
502B
502C
502C
502D
502E
502F
5030
5030
5031
5032
5033
5034
5034
5035
5036
5037
5038
5038
5039
503A
503B
503C
503C
503D
503E
503F
5040
5040
5041
5042
5043
5043
5044
5045
5046
5047
5047
5048
5049
504A
504B
504B
504C
504D
504E
504F
504F
5050
5051
5052
5053
5053
5054
5055
5056
5057
5057
5058
5059
505A
505B
505B
505C
505D
505E
505F
505F
5060
5061
5062
5063
5063
5064
5065
5066
5067
5067
5068
5069
506A
506B
506B
506C
506D
506E
506F
506F
5070
5071
5072
5072
5073
5074
5075
5076
5076
5077
5078
5079
507A
507A
507B
507C
507D
507E
507E
507F
5080
5081
5082
5082
5083
5084
5085
5086
5086
5087
5088
5089
508A
508A
508B
508C
508D
508E
508E
508F
5090
5091
5091
5092
5093
5094
5095
5095
5096
5097
5098
5099
5099
509A
509B
509C
509D
509D
509E
509F
50A0
50A1
50A1
50A2
50A3
50A4
50A5
50A5
50A6
50A7
50A8
50A9
50A9
50AA
50AB
50AC
50AC
50AD
50AE
50AF
50B0
50B0
50B1
50B2
50B3
50B4
50B4
50B5
50B6
50B7
50B8
50B8
50B9
50BA
50BB
50BC
50BC
50BD
50BE
50BF
50C0
50C0
50C1
50C2
50C3
50C3
50C4
50C5
50C6
50C7
50C7
50C8
50C9
50CA
50CB
50CB
50CC
50CD
50CE
50CF
50CF
50D0
50D1
50D2
50D3
50D3
50D4
50D5
50D6
50D6
50D7
50D8
50D9
50DA
50DA
50DB
50DC
50DD
50DE
50DE
50DF
50E0
50E1
50E2
50E2
50E3
50E4
50E5
50E6
50E6
50E7
50E8
50E9
50E9
50EA
50EB
50EC
50ED
50ED
50EE
50EF
50F0
50F1
50F1
50F2
50F3
50F4
50F5
50F5
50F6
50F7
50F8
50F8
50F9
50FA
50FB
50FC
50FC
50FD
50FE
50FF
5100
5100
5101
5102
5103
5104
5104
5105
5106
5107
5108
5108
5109
510A
510B
510B
510C
510D
510E
510F
510F
5110
5111
5112
5113
5113
5114
5115
5116
5117
5117
5118
5119
511A
511A
511B
511C
511D
511E
511E
511F
5120
5121
5122
5122
5123
5124
5125
5125
5126
5127
5128
5129
5129
512A
512B
512C
512D
512D
512E
512F
5130
5131
5131
5132
5133
5134
5134
5135
5136
5137
5138
5138
5139
513A
513B
513C
513C
513D
513E
513F
5140
5140
5141
5142
5143
5143
5144
5145
5146
5147
5147
5148
5149
514A
514B
514B
514C
514D
514E
514E
514F
5150
5151
5152
5152
5153
5154
5155
5156
5156
5157
5158
5159
5159
515A
515B
515C
515D
515D
515E
515F
5160
5161
5161
5162
5163
5164
5164
5165
5166
5167
5168
5168
5169
516A
516B
516C
516C
516D
516E
516F
5170
5170
5171
5172
5173
5173
5174
5175
5176
5177
5177
5178
5179
517A
517B
517B
517C
517D
517E
517E
517F
5180
5181
5182
5182
5183
5184
5185
5185
5186
5187
5188
5189
5189
518A
518B
518C
518D
518D
518E
518F
5190
5190
5191
5192
5193
5194
5194
5195
5196
5197
5198
5198
5199
519A
519B
519B
519C
519D
519E
519F
519F
51A0
51A1
51A2
51A3
51A3
51A4
51A5
51A6
51A6
51A7
51A8
51A9
51AA
51AA
51AB
51AC
51AD
51AD
51AE
51AF
51B0
51B1
51B1
51B2
51B3
51B4
51B5
51B5
51B6
51B7
51B8
51B8
51B9
51BA
51BB
51BC
51BC
51BD
51BE
51BF
51C0
51C0
51C1
51C2
51C3
51C3
51C4
51C5
51C6
51C7
51C7
51C8
51C9
51CA
51CA
51CB
51CC
51CD
51CE
51CE
51CF
51D0
51D1
51D2
51D2
51D3
51D4
51D5
51D5
51D6
51D7
51D8
51D9
51D9
51DA
51DB
51DC
51DC
51DD
51DE
51DF
51E0
51E0
51E1
51E2
51E3
51E3
51E4
51E5
51E6
51E7
51E7
51E8
51E9
51EA
51EB
51EB
51EC
51ED
51EE
51EE
51EF
51F0
51F1
51F2
51F2
51F3
51F4
51F5
51F5
51F6
51F7
51F8
51F9
51F9
51FA
51FB
51FC
51FC
51FD
51FE
51FF
5200
5200
5201
5202
5203
5204
5204
5205
5206
5207
5207
5208
5209
520A
520B
520B
520C
520D
520E
520E
520F
5210
5211
5212
5212
5213
5214
5215
5215
5216
5217
5218
5219
5219
521A
521B
521C
521C
521D
521E
521F
5220
5220
5221
5222
5223
5223
5224
5225
5226
5227
5227
5228
5229
522A
522A
522B
522C
522D
522E
522E
522F
5230
5231
5232
5232
5233
5234
5235
5235
5236
5237
5238
5239
5239
523A
523B
523C
523C
523D
523E
523F
5240
5240
5241
5242
5243
5243
5244
5245
5246
5247
5247
5248
5249
524A
524A
524B
524C
524D
524E
524E
524F
5250
5251
5251
5252
5253
5254
5255
5255
5256
5257
5258
5258
5259
525A
525B
525C
525C
525D
525E
525F
525F
5260
5261
5262
5263
5263
5264
5265
5266
5266
5267
5268
5269
5269
526A
526B
526C
526D
526D
526E
526F
5270
5270
5271
5272
5273
5274
5274
5275
5276
5277
5277
5278
5279
527A
527B
527B
527C
527D
527E
527E
527F
5280
5281
5282
5282
5283
5284
5285
5285
5286
5287
5288
5289
5289
528A
528B
528C
528C
528D
528E
528F
5290
5290
5291
5292
5293
5293
5294
5295
5296
5296
5297
5298
5299
529A
529A
529B
529C
529D
529D
529E
529F
52A0
52A1
52A1
52A2
52A3
52A4
52A4
52A5
52A6
52A7
52A8
52A8
52A9
52AA
52AB
52AB
52AC
52AD
52AE
52AE
52AF
52B0
52B1
52B2
52B2
52B3
52B4
52B5
52B5
52B6
52B7
52B8
52B9
52B9
52BA
52BB
52BC
52BC
52BD
52BE
52BF
52C0
52C0
52C1
52C2
52C3
52C3
52C4
52C5
52C6
52C6
52C7
52C8
52C9
52CA
52CA
52CB
52CC
52CD
52CD
52CE
52CF
52D0
52D1
52D1
52D2
52D3
52D4
52D4
52D5
52D6
52D7
52D7
52D8
52D9
52DA
52DB
52DB
52DC
52DD
52DE
52DE
52DF
52E0
52E1
52E2
52E2
52E3
52E4
52E5
52E5
52E6
52E7
52E8
52E8
52E9
52EA
52EB
52EC
52EC
52ED
52EE
52EF
52EF
52F0
52F1
52F2
52F3
52F3
52F4
52F5
52F6
52F6
52F7
52F8
52F9
52F9
52FA
52FB
52FC
52FD
52FD
52FE
52FF
5300
5300
5301
5302
5303
5303
5304
5305
5306
5307
5307
5308
5309
530A
530A
530B
530C
530D
530D
530E
530F
5310
5311
5311
5312
5313
5314
5314
5315
5316
5317
5318
5318
5319
531A
531B
531B
531C
531D
531E
531E
531F
5320
5321
5322
5322
5323
5324
5325
5325
5326
5327
5328
5328
5329
532A
532B
532C
532C
532D
532E
532F
532F
5330
5331
5332
5332
5333
5334
5335
5336
5336
5337
5338
5339
5339
533A
533B
533C
533C
533D
533E
533F
5340
5340
5341
5342
5343
5343
5344
5345
5346
5346
5347
5348
5349
534A
534A
534B
534C
534D
534D
534E
534F
5350
5350
5351
5352
5353
5353
5354
5355
5356
5357
5357
5358
5359
535A
535A
535B
535C
535D
535D
535E
535F
5360
5361
5361
5362
5363
5364
5364
5365
5366
5367
5367
5368
5369
536A
536B
536B
536C
536D
536E
536E
536F
5370
5371
5371
5372
5373
5374
5374
5375
5376
5377
5378
5378
5379
537A
537B
537B
537C
537D
537E
537E
537F
5380
5381
5382
5382
5383
5384
5385
5385
5386
5387
5388
5388
5389
538A
538B
538B
538C
538D
538E
538F
538F
5390
5391
5392
5392
5393
5394
5395
5395
5396
5397
5398
5399
5399
539A
539B
539C
539C
539D
539E
539F
539F
53A0
53A1
53A2
53A2
53A3
53A4
53A5
53A6
53A6
53A7
53A8
53A9
53A9
53AA
53AB
53AC
53AC
53AD
53AE
53AF
53AF
53B0
53B1
53B2
53B3
53B3
53B4
53B5
53B6
53B6
53B7
53B8
53B9
53B9
53BA
53BB
53BC
53BC
53BD
53BE
53BF
53C0
53C0
53C1
53C2
53C3
53C3
53C4
53C5
53C6
53C6
53C7
53C8
53C9
53C9
53CA
53CB
53CC
53CD
53CD
53CE
53CF
53D0
53D0
53D1
53D2
53D3
53D3
53D4
53D5
53D6
53D6
53D7
53D8
53D9
53D9
53DA
53DB
53DC
53DD
53DD
53DE
53DF
53E0
53E0
53E1
53E2
53E3
53E3
53E4
53E5
53E6
53E6
53E7
53E8
53E9
53EA
53EA
53EB
53EC
53ED
53ED
53EE
53EF
53F0
53F0
53F1
53F2
53F3
53F3
53F4
53F5
53F6
53F6
53F7
53F8
53F9
53FA
53FA
53FB
53FC
53FD
53FD
53FE
53FF
5400
5400
5401
5402
5403
5403
5404
5405
5406
5406
5407
5408
5409
540A
540A
540B
540C
540D
540D
540E
540F
5410
5410
5411
5412
5413
5413
5414
5415
5416
5416
5417
5418
5419
541A
541A
541B
541C
541D
541D
541E
541F
5420
5420
5421
5422
5423
5423
5424
5425
5426
5426
5427
5428
5429
5429
542A
542B
542C
542D
542D
542E
542F
5430
5430
5431
5432
5433
5433
5434
5435
5436
5436
5437
5438
5439
5439
543A
543B
543C
543C
543D
543E
543F
5440
5440
5441
5442
5443
5443
5444
5445
5446
5446
5447
5448
5449
5449
544A
544B
544C
544C
544D
544E
544F
544F
5450
5451
5452
5453
5453
5454
5455
5456
5456
5457
5458
5459
5459
545A
545B
545C
545C
545D
545E
545F
545F
5460
5461
5462
5462
5463
5464
5465
5465
5466
5467
5468
5469
5469
546A
546B
546C
546C
546D
546E
546F
546F
5470
5471
5472
5472
5473
5474
5475
5475
5476
5477
5478
5478
5479
547A
547B
547B
547C
547D
547E
547E
547F
5480
5481
5482
5482
5483
5484
5485
5485
5486
5487
5488
5488
5489
548A
548B
548B
548C
548D
548E
548E
548F
5490
5491
5491
5492
5493
5494
5494
5495
5496
5497
5497
5498
5499
549A
549A
549B
549C
549D
549E
549E
549F
54A0
54A1
54A1
54A2
54A3
54A4
54A4
54A5
54A6
54A7
54A7
54A8
54A9
54AA
54AA
54AB
54AC
54AD
54AD
54AE
54AF
54B0
54B0
54B1
54B2
54B3
54B3
54B4
54B5
54B6
54B6
54B7
54B8
54B9
54B9
54BA
54BB
54BC
54BD
54BD
54BE
54BF
54C0
54C0
54C1
54C2
54C3
54C3
54C4
54C5
54C6
54C6
54C7
54C8
54C9
54C9
54CA
54CB
54CC
54CC
54CD
54CE
54CF
54CF
54D0
54D1
54D2
54D2
54D3
54D4
54D5
54D5
54D6
54D7
54D8
54D8
54D9
54DA
54DB
54DB
54DC
54DD
54DE
54DE
54DF
54E0
54E1
54E1
54E2
54E3
54E4
54E5
54E5
54E6
54E7
54E8
54E8
54E9
54EA
54EB
54EB
54EC
54ED
54EE
54EE
54EF
54F0
54F1
54F1
54F2
54F3
54F4
54F4
54F5
54F6
54F7
54F7
54F8
54F9
54FA
54FA
54FB
54FC
54FD
54FD
54FE
54FF
5500
5500
5501
5502
5503
5503
5504
5505
5506
5506
5507
5508
5509
5509
550A
550B
550C
550C
550D
550E
550F
550F
5510
5511
5512
5512
5513
5514
5515
5515
5516
5517
5518
5518
5519
551A
551B
551B
551C
551D
551E
551E
551F
5520
5521
5521
5522
5523
5524
5524
5525
5526
5527
5527
5528
5529
552A
552A
552B
552C
552D
552E
552E
552F
5530
5531
5531
5532
5533
5534
5534
5535
5536
5537
5537
5538
5539
553A
553A
553B
553C
553D
553D
553E
553F
5540
5540
5541
5542
5543
5543
5544
5545
5546
5546
5547
5548
5549
5549
554A
554B
554C
554C
554D
554E
554F
554F
5550
5551
5552
5552
5553
5554
5555
5555
5556
5557
5558
5558
5559
555A
555B
555B
555C
555D
555E
555E
555F
5560
5561
5561
5562
5563
5564
5564
5565
5566
5567
5567
5568
5569
556A
556A
556B
556C
556D
556D
556E
556F
5570
5570
5571
5572
5573
5573
5574
5575
5576
5576
5577
5578
5579
5579
557A
557B
557C
557C
557D
557E
557F
557F
5580
5581
5581
5582
5583
5584
5584
5585
5586
5587
5587
5588
5589
558A
558A
558B
558C
558D
558D
558E
558F
5590
5590
5591
5592
5593
5593
5594
5595
5596
5596
5597
5598
5599
5599
559A
559B
559C
559C
559D
559E
559F
559F
55A0
55A1
55A2
55A2
55A3
55A4
55A5
55A5
55A6
55A7
55A8
55A8
55A9
55AA
55AB
55AB
55AC
55AD
55AE
55AE
55AF
55B0
55B1
55B1
55B2
55B3
55B4
55B4
55B5
55B6
55B7
55B7
55B8
55B9
55BA
55BA
55BB
55BC
55BD
55BD
55BE
55BF
55C0
55C0
55C1
55C2
55C3
55C3
55C4
55C5
55C6
55C6
55C7
55C8
55C8
55C9
55CA
55CB
55CB
55CC
55CD
55CE
55CE
55CF
55D0
55D1
55D1
55D2
55D3
55D4
55D4
55D5
55D6
55D7
55D7
55D8
55D9
55DA
55DA
55DB
55DC
55DD
55DD
55DE
55DF
55E0
55E0
55E1
55E2
55E3
55E3
55E4
55E5
55E6
55E6
55E7
55E8
55E9
55E9
55EA
55EB
55EC
55EC
55ED
55EE
55EF
55EF
55F0
55F1
55F1
55F2
55F3
55F4
55F4
55F5
55F6
55F7
55F7
55F8
55F9
55FA
55FA
55FB
55FC
55FD
55FD
55FE
55FF
5600
5600
5601
5602
5603
5603
5604
5605
5606
5606
5607
5608
5609
5609
560A
560B
560C
560C
560D
560E
560F
560F
5610
5611
5611
5612
5613
5614
5614
5615
5616
5617
5617
5618
5619
561A
561A
561B
561C
561D
561D
561E
561F
5620
5620
5621
5622
5623
5623
5624
5625
5626
5626
5627
5628
5629
5629
562A
562B
562B
562C
562D
562E
562E
562F
5630
5631
5631
5632
5633
5634
5634
5635
5636
5637
5637
5638
5639
563A
563A
563B
563C
563D
563D
563E
563F
5640
5640
5641
5642
5643
5643
5644
5645
5645
5646
5647
5648
5648
5649
564A
564B
564B
564C
564D
564E
564E
564F
5650
5651
5651
5652
5653
5654
5654
5655
5656
5657
5657
5658
5659
5659
565A
565B
565C
565C
565D
565E
565F
565F
5660
5661
5662
5662
5663
5664
5665
5665
5666
5667
5668
5668
5669
566A
566B
566B
566C
566D
566D
566E
566F
5670
5670
5671
5672
5673
5673
5674
5675
5676
5676
5677
5678
5679
5679
567A
567B
567C
567C
567D
567E
567F
567F
5680
5681
5681
5682
5683
5684
5684
5685
5686
5687
5687
5688
5689
568A
568A
568B
568C
568D
568D
568E
568F
5690
5690
5691
5692
5692
5693
5694
5695
5695
5696
5697
5698
5698
5699
569A
569B
569B
569C
569D
569E
569E
569F
56A0
56A1
56A1
56A2
56A3
56A3
56A4
56A5
56A6
56A6
56A7
56A8
56A9
56A9
56AA
56AB
56AC
56AC
56AD
56AE
56AF
56AF
56B0
56B1
56B2
56B2
56B3
56B4
56B4
56B5
56B6
56B7
56B7
56B8
56B9
56BA
56BA
56BB
56BC
56BD
56BD
56BE
56BF
56C0
56C0
56C1
56C2
56C2
56C3
56C4
56C5
56C5
56C6
56C7
56C8
56C8
56C9
56CA
56CB
56CB
56CC
56CD
56CE
56CE
56CF
56D0
56D1
56D1
56D2
56D3
56D3
56D4
56D5
56D6
56D6
56D7
56D8
56D9
56D9
56DA
56DB
56DC
56DC
56DD
56DE
56DF
56DF
56E0
56E1
56E1
56E2
56E3
56E4
56E4
56E5
56E6
56E7
56E7
56E8
56E9
56EA
56EA
56EB
56EC
56EC
56ED
56EE
56EF
56EF
56F0
56F1
56F2
56F2
56F3
56F4
56F5
56F5
56F6
56F7
56F8
56F8
56F9
56FA
56FA
56FB
56FC
56FD
56FD
56FE
56FF
5700
5700
5701
5702
5703
5703
5704
5705
5706
5706
5707
5708
5708
5709
570A
570B
570B
570C
570D
570E
570E
570F
5710
5711
5711
5712
5713
5713
5714
5715
5716
5716
5717
5718
5719
5719
571A
571B
571C
571C
571D
571E
571F
571F
5720
5721
5721
5722
5723
5724
5724
5725
5726
5727
5727
5728
5729
572A
572A
572B
572C
572C
572D
572E
572F
572F
5730
5731
5732
5732
5733
5734
5735
5735
5736
5737
5737
5738
5739
573A
573A
573B
573C
573D
573D
573E
573F
5740
5740
5741
5742
5742
5743
5744
5745
5745
5746
5747
5748
5748
5749
574A
574B
574B
574C
574D
574D
574E
574F
5750
5750
5751
5752
5753
5753
5754
5755
5756
5756
5757
5758
5758
5759
575A
575B
575B
575C
575D
575E
575E
575F
5760
5761
5761
5762
5763
5763
5764
5765
5766
5766
5767
5768
5769
5769
576A
576B
576C
576C
576D
576E
576E
576F
5770
5771
5771
5772
5773
5774
5774
5775
5776
5776
5777
5778
5779
5779
577A
577B
577C
577C
577D
577E
577F
577F
5780
5781
5781
5782
5783
5784
5784
5785
5786
5787
5787
5788
5789
578A
578A
578B
578C
578C
578D
578E
578F
578F
5790
5791
5792
5792
5793
5794
5794
5795
5796
5797
5797
5798
5799
579A
579A
579B
579C
579D
579D
579E
579F
579F
57A0
57A1
57A2
57A2
57A3
57A4
57A5
57A5
57A6
57A7
57A7
57A8
57A9
57AA
57AA
57AB
57AC
57AD
57AD
57AE
57AF
57AF
57B0
57B1
57B2
57B2
57B3
57B4
57B5
57B5
57B6
57B7
57B8
57B8
57B9
57BA
57BA
57BB
57BC
57BD
57BD
57BE
57BF
57C0
57C0
57C1
57C2
57C2
57C3
57C4
57C5
57C5
57C6
57C7
57C8
57C8
57C9
57CA
57CA
57CB
57CC
57CD
57CD
57CE
57CF
57D0
57D0
57D1
57D2
57D2
57D3
57D4
57D5
57D5
57D6
57D7
57D8
57D8
57D9
57DA
57DB
57DB
57DC
57DD
57DD
57DE
57DF
57E0
57E0
57E1
57E2
57E3
57E3
57E4
57E5
57E5
57E6
57E7
57E8
57E8
57E9
57EA
57EB
57EB
57EC
57ED
57ED
57EE
57EF
57F0
57F0
57F1
57F2
57F3
57F3
57F4
57F5
57F5
57F6
57F7
57F8
57F8
57F9
57FA
57FB
57FB
57FC
57FD
57FD
57FE
57FF
5800
5800
5801
5802
5803
5803
5804
5805
5805
5806
5807
5808
5808
5809
580A
580B
580B
580C
580D
580D
580E
580F
5810
5810
5811
5812
5813
5813
5814
5815
5815
5816
5817
5818
5818
5819
581A
581B
581B
581C
581D
581D
581E
581F
5820
5820
5821
5822
5823
5823
5824
5825
5825
5826
5827
5828
5828
5829
582A
582B
582B
582C
582D
582D
582E
582F
5830
5830
5831
5832
5832
5833
5834
5835
5835
5836
5837
5838
5838
5839
583A
583A
583B
583C
583D
583D
583E
583F
5840
5840
5841
5842
5842
5843
5844
5845
5845
5846
5847
5848
5848
5849
584A
584A
584B
584C
584D
584D
584E
584F
584F
5850
5851
5852
5852
5853
5854
5855
5855
5856
5857
5857
5858
5859
585A
585A
585B
585C
585D
585D
585E
585F
585F
5860
5861
5862
5862
5863
5864
5865
5865
5866
5867
5867
5868
5869
586A
586A
586B
586C
586C
586D
586E
586F
586F
5870
5871
5872
5872
5873
5874
5874
5875
5876
5877
5877
5878
5879
5879
587A
587B
587C
587C
587D
587E
587F
587F
5880
5881
5881
5882
5883
5884
5884
5885
5886
5887
5887
5888
5889
5889
588A
588B
588C
588C
588D
588E
588E
588F
5890
5891
5891
5892
5893
5894
5894
5895
5896
5896
5897
5898
5899
5899
589A
589B
589B
589C
589D
589E
589E
589F
58A0
58A1
58A1
58A2
58A3
58A3
58A4
58A5
58A6
58A6
58A7
58A8
58A8
58A9
58AA
58AB
58AB
58AC
58AD
58AE
58AE
58AF
58B0
58B0
58B1
58B2
58B3
58B3
58B4
58B5
58B5
58B6
58B7
58B8
58B8
58B9
58BA
58BB
58BB
58BC
58BD
58BD
58BE
58BF
58C0
58C0
58C1
58C2
58C2
58C3
58C4
58C5
58C5
58C6
58C7
58C7
58C8
58C9
58CA
58CA
58CB
58CC
58CD
58CD
58CE
58CF
58CF
58D0
58D1
58D2
58D2
58D3
58D4
58D4
58D5
58D6
58D7
58D7
58D8
58D9
58D9
58DA
58DB
58DC
58DC
58DD
58DE
58DF
58DF
58E0
58E1
58E1
58E2
58E3
58E4
58E4
58E5
58E6
58E6
58E7
58E8
58E9
58E9
58EA
58EB
58EB
58EC
58ED
58EE
58EE
58EF
58F0
58F1
58F1
58F2
58F3
58F3
58F4
58F5
58F6
58F6
58F7
58F8
58F8
58F9
58FA
58FB
58FB
58FC
58FD
58FD
58FE
58FF
5900
5900
5901
5902
5903
5903
5904
5905
5905
5906
5907
5908
5908
5909
590A
590A
590B
590C
590D
590D
590E
590F
590F
5910
5911
5912
5912
5913
5914
5914
5915
5916
5917
5917
5918
5919
591A
591A
591B
591C
591C
591D
591E
591F
591F
5920
5921
5921
5922
5923
5924
5924
5925
5926
5926
5927
5928
5929
5929
592A
592B
592B
592C
592D
592E
592E
592F
5930
5930
5931
5932
5933
5933
5934
5935
5936
5936
5937
5938
5938
5939
593A
593B
593B
593C
593D
593D
593E
593F
5940
5940
5941
5942
5942
5943
5944
5945
5945
5946
5947
5947
5948
5949
594A
594A
594B
594C
594C
594D
594E
594F
594F
5950
5951
5951
5952
5953
5954
5954
5955
5956
5956
5957
5958
5959
5959
595A
595B
595C
595C
595D
595E
595E
595F
5960
5961
5961
5962
5963
5963
5964
5965
5966
5966
5967
5968
5968
5969
596A
596B
596B
596C
596D
596D
596E
596F
5970
5970
5971
5972
5972
5973
5974
5975
5975
5976
5977
5977
5978
5979
597A
597A
597B
597C
597C
597D
597E
597F
597F
5980
5981
5981
5982
5983
5984
5984
5985
5986
5986
5987
5988
5989
5989
598A
598B
598B
598C
598D
598E
598E
598F
5990
5990
5991
5992
5993
5993
5994
5995
5995
5996
5997
5998
5998
5999
599A
599A
599B
599C
599D
599D
599E
599F
599F
59A0
59A1
59A2
59A2
59A3
59A4
59A4
59A5
59A6
59A7
59A7
59A8
59A9
59A9
59AA
59AB
59AC
59AC
59AD
59AE
59AE
59AF
59B0
59B1
59B1
59B2
59B3
59B3
59B4
59B5
59B6
59B6
59B7
59B8
59B8
59B9
59BA
59BB
59BB
59BC
59BD
59BD
59BE
59BF
59C0
59C0
59C1
59C2
59C2
59C3
59C4
59C5
59C5
59C6
59C7
59C7
59C8
59C9
59CA
59CA
59CB
59CC
59CC
59CD
59CE
59CF
59CF
59D0
59D1
59D1
59D2
59D3
59D4
59D4
59D5
59D6
59D6
59D7
59D8
59D8
59D9
59DA
59DB
59DB
59DC
59DD
59DD
59DE
59DF
59E0
59E0
59E1
59E2
59E2
59E3
59E4
59E5
59E5
59E6
59E7
59E7
59E8
59E9
59EA
59EA
59EB
59EC
59EC
59ED
59EE
59EF
59EF
59F0
59F1
59F1
59F2
59F3
59F4
59F4
59F5
59F6
59F6
59F7
59F8
59F9
59F9
59FA
59FB
59FB
59FC
59FD
59FE
59FE
59FF
5A00
5A00
5A01
5A02
5A02
5A03
5A04
5A05
5A05
5A06
5A07
5A07
5A08
5A09
5A0A
5A0A
5A0B
5A0C
5A0C
5A0D
5A0E
5A0F
5A0F
5A10
5A11
5A11
5A12
5A13
5A14
5A14
5A15
5A16
5A16
5A17
5A18
5A19
5A19
5A1A
5A1B
5A1B
5A1C
5A1D
5A1D
5A1E
5A1F
5A20
5A20
5A21
5A22
5A22
5A23
5A24
5A25
5A25
5A26
5A27
5A27
5A28
5A29
5A2A
5A2A
5A2B
5A2C
5A2C
5A2D
5A2E
5A2F
5A2F
5A30
5A31
5A31
5A32
5A33
5A33
5A34
5A35
5A36
5A36
5A37
5A38
5A38
5A39
5A3A
5A3B
5A3B
5A3C
5A3D
5A3D
5A3E
5A3F
5A40
5A40
5A41
5A42
5A42
5A43
5A44
5A45
5A45
5A46
5A47
5A47
5A48
5A49
5A49
5A4A
5A4B
5A4C
5A4C
5A4D
5A4E
5A4E
5A4F
5A50
5A51
5A51
5A52
5A53
5A53
5A54
5A55
5A56
5A56
5A57
5A58
5A58
5A59
5A5A
5A5A
5A5B
5A5C
5A5D
5A5D
5A5E
5A5F
5A5F
5A60
5A61
5A62
5A62
5A63
5A64
5A64
5A65
5A66
5A67
5A67
5A68
5A69
5A69
5A6A
5A6B
5A6B
5A6C
5A6D
5A6E
5A6E
5A6F
5A70
5A70
5A71
5A72
5A73
5A73
5A74
5A75
5A75
5A76
5A77
5A78
5A78
5A79
5A7A
5A7A
5A7B
5A7C
5A7C
5A7D
5A7E
5A7F
5A7F
5A80
5A81
5A81
5A82
5A83
5A84
5A84
5A85
5A86
5A86
5A87
5A88
5A88
5A89
5A8A
5A8B
5A8B
5A8C
5A8D
5A8D
5A8E
5A8F
5A90
5A90
5A91
5A92
5A92
5A93
5A94
5A94
5A95
5A96
5A97
5A97
5A98
5A99
5A99
5A9A
5A9B
5A9C
5A9C
5A9D
5A9E
5A9E
5A9F
5AA0
5AA1
5AA1
5AA2
5AA3
5AA3
5AA4
5AA5
5AA5
5AA6
5AA7
5AA8
5AA8
5AA9
5AAA
5AAA
5AAB
5AAC
5AAD
5AAD
5AAE
5AAF
5AAF
5AB0
5AB1
5AB1
5AB2
5AB3
5AB4
5AB4
5AB5
5AB6
5AB6
5AB7
5AB8
5AB9
5AB9
5ABA
5ABB
5ABB
5ABC
5ABD
5ABD
5ABE
5ABF
5AC0
5AC0
5AC1
5AC2
5AC2
5AC3
5AC4
5AC4
5AC5
5AC6
5AC7
5AC7
5AC8
5AC9
5AC9
5ACA
5ACB
5ACC
5ACC
5ACD
5ACE
5ACE
5ACF
5AD0
5AD0
5AD1
5AD2
5AD3
5AD3
5AD4
5AD5
5AD5
5AD6
5AD7
5AD8
5AD8
5AD9
5ADA
5ADA
5ADB
5ADC
5ADC
5ADD
5ADE
5ADF
5ADF
5AE0
5AE1
5AE1
5AE2
5AE3
5AE3
5AE4
5AE5
5AE6
5AE6
5AE7
5AE8
5AE8
5AE9
5AEA
5AEB
5AEB
5AEC
5AED
5AED
5AEE
5AEF
5AEF
5AF0
5AF1
5AF2
5AF2
5AF3
5AF4
5AF4
5AF5
5AF6
5AF7
5AF7
5AF8
5AF9
5AF9
5AFA
5AFB
5AFB
5AFC
5AFD
5AFE
5AFE
5AFF
5B00
5B00
5B01
5B02
5B02
5B03
5B04
5B05
5B05
5B06
5B07
5B07
5B08
5B09
5B09
5B0A
5B0B
5B0C
5B0C
5B0D
5B0E
5B0E
5B0F
5B10
5B11
5B11
5B12
5B13
5B13
5B14
5B15
5B15
5B16
5B17
5B18
5B18
5B19
5B1A
5B1A
5B1B
5B1C
5B1C
5B1D
5B1E
5B1F
5B1F
5B20
5B21
5B21
5B22
5B23
5B23
5B24
5B25
5B26
5B26
5B27
5B28
5B28
5B29
5B2A
5B2B
5B2B
5B2C
5B2D
5B2D
5B2E
5B2F
5B2F
5B30
5B31
5B32
5B32
5B33
5B34
5B34
5B35
5B36
5B36
5B37
5B38
5B39
5B39
5B3A
5B3B
5B3B
5B3C
5B3D
5B3D
5B3E
5B3F
5B40
5B40
5B41
5B42
5B42
5B43
5B44
5B44
5B45
5B46
5B47
5B47
5B48
5B49
5B49
5B4A
5B4B
5B4B
5B4C
5B4D
5B4E
5B4E
5B4F
5B50
5B50
5B51
5B52
5B52
5B53
5B54
5B55
5B55
5B56
5B57
5B57
5B58
5B59
5B59
5B5A
5B5B
5B5C
5B5C
5B5D
5B5E
5B5E
5B5F
5B60
5B61
5B61
5B62
5B63
5B63
5B64
5B65
5B65
5B66
5B67
5B68
5B68
5B69
5B6A
5B6A
5B6B
5B6C
5B6C
5B6D
5B6E
5B6F
5B6F
5B70
5B71
5B71
5B72
5B73
5B73
5B74
5B75
5B76
5B76
5B77
5B78
5B78
5B79
5B7A
5B7A
5B7B
5B7C
5B7D
5B7D
5B7E
5B7F
5B7F
5B80
5B81
5B81
5B82
5B83
5B83
5B84
5B85
5B86
5B86
5B87
5B88
5B88
5B89
5B8A
5B8A
5B8B
5B8C
5B8D
5B8D
5B8E
5B8F
5B8F
5B90
5B91
5B91
5B92
5B93
5B94
5B94
5B95
5B96
5B96
5B97
5B98
5B98
5B99
5B9A
5B9B
5B9B
5B9C
5B9D
5B9D
5B9E
5B9F
5B9F
5BA0
5BA1
5BA2
5BA2
5BA3
5BA4
5BA4
5BA5
5BA6
5BA6
5BA7
5BA8
5BA9
5BA9
5BAA
5BAB
5BAB
5BAC
5BAD
5BAD
5BAE
5BAF
5BB0
5BB0
5BB1
5BB2
5BB2
5BB3
5BB4
5BB4
5BB5
5BB6
5BB6
5BB7
5BB8
5BB9
5BB9
5BBA
5BBB
5BBB
5BBC
5BBD
5BBD
5BBE
5BBF
5BC0
5BC0
5BC1
5BC2
5BC2
5BC3
5BC4
5BC4
5BC5
5BC6
5BC7
5BC7
5BC8
5BC9
5BC9
5BCA
5BCB
5BCB
5BCC
5BCD
5BCE
5BCE
5BCF
5BD0
5BD0
5BD1
5BD2
5BD2
5BD3
5BD4
5BD4
5BD5
5BD6
5BD7
5BD7
5BD8
5BD9
5BD9
5BDA
5BDB
5BDB
5BDC
5BDD
5BDE
5BDE
5BDF
5BE0
5BE0
5BE1
5BE2
5BE2
5BE3
5BE4
5BE5
5BE5
5BE6
5BE7
5BE7
5BE8
5BE9
5BE9
5BEA
5BEB
5BEB
5BEC
5BED
5BEE
5BEE
5BEF
5BF0
5BF0
5BF1
5BF2
5BF2
5BF3
5BF4
5BF5
5BF5
5BF6
5BF7
5BF7
5BF8
5BF9
5BF9
5BFA
5BFB
5BFB
5BFC
5BFD
5BFE
5BFE
5BFF
5C00
5C00
5C01
5C02
5C02
5C03
5C04
5C05
5C05
5C06
5C07
5C07
5C08
5C09
5C09
5C0A
5C0B
5C0B
5C0C
5C0D
5C0E
5C0E
5C0F
5C10
5C10
5C11
5C12
5C12
5C13
5C14
5C15
5C15
5C16
5C17
5C17
5C18
5C19
5C19
5C1A
5C1B
5C1B
5C1C
5C1D
5C1E
5C1E
5C1F
5C20
5C20
5C21
5C22
5C22
5C23
5C24
5C24
5C25
5C26
5C27
5C27
5C28
5C29
5C29
5C2A
5C2B
5C2B
5C2C
5C2D
5C2E
5C2E
5C2F
5C30
5C30
5C31
5C32
5C32
5C33
5C34
5C34
5C35
5C36
5C37
5C37
5C38
5C39
5C39
5C3A
5C3B
5C3B
5C3C
5C3D
5C3D
5C3E
5C3F
5C40
5C40
5C41
5C42
5C42
5C43
5C44
5C44
5C45
5C46
5C47
5C47
5C48
5C49
5C49
5C4A
5C4B
5C4B
5C4C
5C4D
5C4D
5C4E
5C4F
5C50
5C50
5C51
5C52
5C52
5C53
5C54
5C54
5C55
5C56
5C56
5C57
5C58
5C59
5C59
5C5A
5C5B
5C5B
5C5C
5C5D
5C5D
5C5E
5C5F
5C5F
5C60
5C61
5C62
5C62
5C63
5C64
5C64
5C65
5C66
5C66
5C67
5C68
5C68
5C69
5C6A
5C6B
5C6B
5C6C
5C6D
5C6D
5C6E
5C6F
5C6F
5C70
5C71
5C71
5C72
5C73
5C74
5C74
5C75
5C76
5C76
5C77
5C78
5C78
5C79
5C7A
5C7A
5C7B
5C7C
5C7D
5C7D
5C7E
5C7F
5C7F
5C80
5C81
5C81
5C82
5C83
5C83
5C84
5C85
5C86
5C86
5C87
5C88
5C88
5C89
5C8A
5C8A
5C8B
5C8C
5C8C
5C8D
5C8E
5C8F
5C8F
5C90
5C91
5C91
5C92
5C93
5C93
5C94
5C95
5C95
5C96
5C97
5C98
5C98
5C99
5C9A
5C9A
5C9B
5C9C
5C9C
5C9D
5C9E
5C9E
5C9F
5CA0
5CA0
5CA1
5CA2
5CA3
5CA3
5CA4
5CA5
5CA5
5CA6
5CA7
5CA7
5CA8
5CA9
5CA9
5CAA
5CAB
5CAC
5CAC
5CAD
5CAE
5CAE
5CAF
5CB0
5CB0
5CB1
5CB2
5CB2
5CB3
5CB4
5CB5
5CB5
5CB6
5CB7
5CB7
5CB8
5CB9
5CB9
5CBA
5CBB
5CBB
5CBC
5CBD
5CBD
5CBE
5CBF
5CC0
5CC0
5CC1
5CC2
5CC2
5CC3
5CC4
5CC4
5CC5
5CC6
5CC6
5CC7
5CC8
5CC9
5CC9
5CCA
5CCB
5CCB
5CCC
5CCD
5CCD
5CCE
5CCF
5CCF
5CD0
5CD1
5CD2
5CD2
5CD3
5CD4
5CD4
5CD5
5CD6
5CD6
5CD7
5CD8
5CD8
5CD9
5CDA
5CDA
5CDB
5CDC
5CDD
5CDD
5CDE
5CDF
5CDF
5CE0
5CE1
5CE1
5CE2
5CE3
5CE3
5CE4
5CE5
5CE5
5CE6
5CE7
5CE8
5CE8
5CE9
5CEA
5CEA
5CEB
5CEC
5CEC
5CED
5CEE
5CEE
5CEF
5CF0
5CF1
5CF1
5CF2
5CF3
5CF3
5CF4
5CF5
5CF5
5CF6
5CF7
5CF7
5CF8
5CF9
5CF9
5CFA
5CFB
5CFC
5CFC
5CFD
5CFE
5CFE
5CFF
5D00
5D00
5D01
5D02
5D02
5D03
5D04
5D04
5D05
5D06
5D07
5D07
5D08
5D09
5D09
5D0A
5D0B
5D0B
5D0C
5D0D
5D0D
5D0E
5D0F
5D0F
5D10
5D11
5D12
5D12
5D13
5D14
5D14
5D15
5D16
5D16
5D17
5D18
5D18
5D19
5D1A
5D1A
5D1B
5D1C
5D1D
5D1D
5D1E
5D1F
5D1F
5D20
5D21
5D21
5D22
5D23
5D23
5D24
5D25
5D25
5D26
5D27
5D28
5D28
5D29
5D2A
5D2A
5D2B
5D2C
5D2C
5D2D
5D2E
5D2E
5D2F
5D30
5D30
5D31
5D32
5D33
5D33
5D34
5D35
5D35
5D36
5D37
5D37
5D38
5D39
5D39
5D3A
5D3B
5D3B
5D3C
5D3D
5D3E
5D3E
5D3F
5D40
5D40
5D41
5D42
5D42
5D43
5D44
5D44
5D45
5D46
5D46
5D47
5D48
5D48
5D49
5D4A
5D4B
5D4B
5D4C
5D4D
5D4D
5D4E
5D4F
5D4F
5D50
5D51
5D51
5D52
5D53
5D53
5D54
5D55
5D56
5D56
5D57
5D58
5D58
5D59
5D5A
5D5A
5D5B
5D5C
5D5C
5D5D
5D5E
5D5E
5D5F
5D60
5D60
5D61
5D62
5D63
5D63
5D64
5D65
5D65
5D66
5D67
5D67
5D68
5D69
5D69
5D6A
5D6B
5D6B
5D6C
5D6D
5D6E
5D6E
5D6F
5D70
5D70
5D71
5D72
5D72
5D73
5D74
5D74
5D75
5D76
5D76
5D77
5D78
5D78
5D79
5D7A
5D7B
5D7B
5D7C
5D7D
5D7D
5D7E
5D7F
5D7F
5D80
5D81
5D81
5D82
5D83
5D83
5D84
5D85
5D85
5D86
5D87
5D88
5D88
5D89
5D8A
5D8A
5D8B
5D8C
5D8C
5D8D
5D8E
5D8E
5D8F
5D90
5D90
5D91
5D92
5D92
5D93
5D94
5D95
5D95
5D96
5D97
5D97
5D98
5D99
5D99
5D9A
5D9B
5D9B
5D9C
5D9D
5D9D
5D9E
5D9F
5D9F
5DA0
5DA1
5DA2
5DA2
5DA3
5DA4
5DA4
5DA5
5DA6
5DA6
5DA7
5DA8
5DA8
5DA9
5DAA
5DAA
5DAB
5DAC
5DAC
5DAD
5DAE
5DAF
5DAF
5DB0
5DB1
5DB1
5DB2
5DB3
5DB3
5DB4
5DB5
5DB5
5DB6
5DB7
5DB7
5DB8
5DB9
5DB9
5DBA
5DBB
5DBB
5DBC
5DBD
5DBE
5DBE
5DBF
5DC0
5DC0
5DC1
5DC2
5DC2
5DC3
5DC4
5DC4
5DC5
5DC6
5DC6
5DC7
5DC8
5DC8
5DC9
5DCA
5DCA
5DCB
5DCC
5DCD
5DCD
5DCE
5DCF
5DCF
5DD0
5DD1
5DD1
5DD2
5DD3
5DD3
5DD4
5DD5
5DD5
5DD6
5DD7
5DD7
5DD8
5DD9
5DDA
5DDA
5DDB
5DDC
5DDC
5DDD
5DDE
5DDE
5DDF
5DE0
5DE0
5DE1
5DE2
5DE2
5DE3
5DE4
5DE4
5DE5
5DE6
5DE6
5DE7
5DE8
5DE8
5DE9
5DEA
5DEB
5DEB
5DEC
5DED
5DED
5DEE
5DEF
5DEF
5DF0
5DF1
5DF1
5DF2
5DF3
5DF3
5DF4
5DF5
5DF5
5DF6
5DF7
5DF7
5DF8
5DF9
5DFA
5DFA
5DFB
5DFC
5DFC
5DFD
5DFE
5DFE
5DFF
5E00
5E00
5E01
5E02
5E02
5E03
5E04
5E04
5E05
5E06
5E06
5E07
5E08
5E09
5E09
5E0A
5E0B
5E0B
5E0C
5E0D
5E0D
5E0E
5E0F
5E0F
5E10
5E11
5E11
5E12
5E13
5E13
5E14
5E15
5E15
5E16
5E17
5E17
5E18
5E19
5E1A
5E1A
5E1B
5E1C
5E1C
5E1D
5E1E
5E1E
5E1F
5E20
5E20
5E21
5E22
5E22
5E23
5E24
5E24
5E25
5E26
5E26
5E27
5E28
5E28
5E29
5E2A
5E2B
5E2B
5E2C
5E2D
5E2D
5E2E
5E2F
5E2F
5E30
5E31
5E31
5E32
5E33
5E33
5E34
5E35
5E35
5E36
5E37
5E37
5E38
5E39
5E39
5E3A
5E3B
5E3C
5E3C
5E3D
5E3E
5E3E
5E3F
5E40
5E40
5E41
5E42
5E42
5E43
5E44
5E44
5E45
5E46
5E46
5E47
5E48
5E48
5E49
5E4A
5E4A
5E4B
5E4C
5E4C
5E4D
5E4E
5E4F
5E4F
5E50
5E51
5E51
5E52
5E53
5E53
5E54
5E55
5E55
5E56
5E57
5E57
5E58
5E59
5E59
5E5A
5E5B
5E5B
5E5C
5E5D
5E5D
5E5E
5E5F
5E5F
5E60
5E61
5E62
5E62
5E63
5E64
5E64
5E65
5E66
5E66
5E67
5E68
5E68
5E69
5E6A
5E6A
5E6B
5E6C
5E6C
5E6D
5E6E
5E6E
5E6F
5E70
5E70
5E71
5E72
5E72
5E73
5E74
5E74
5E75
5E76
5E77
5E77
5E78
5E79
5E79
5E7A
5E7B
5E7B
5E7C
5E7D
5E7D
5E7E
5E7F
5E7F
5E80
5E81
5E81
5E82
5E83
5E83
5E84
5E85
5E85
5E86
5E87
5E87
5E88
5E89
5E89
5E8A
5E8B
5E8C
5E8C
5E8D
5E8E
5E8E
5E8F
5E90
5E90
5E91
5E92
5E92
5E93
5E94
5E94
5E95
5E96
5E96
5E97
5E98
5E98
5E99
5E9A
5E9A
5E9B
5E9C
5E9C
5E9D
5E9E
5E9E
5E9F
5EA0
5EA0
5EA1
5EA2
5EA3
5EA3
5EA4
5EA5
5EA5
5EA6
5EA7
5EA7
5EA8
5EA9
5EA9
5EAA
5EAB
5EAB
5EAC
5EAD
5EAD
5EAE
5EAF
5EAF
5EB0
5EB1
5EB1
5EB2
5EB3
5EB3
5EB4
5EB5
5EB5
5EB6
5EB7
5EB7
5EB8
5EB9
5EB9
5EBA
5EBB
5EBC
5EBC
5EBD
5EBE
5EBE
5EBF
5EC0
5EC0
5EC1
5EC2
5EC2
5EC3
5EC4
5EC4
5EC5
5EC6
5EC6
5EC7
5EC8
5EC8
5EC9
5ECA
5ECA
5ECB
5ECC
5ECC
5ECD
5ECE
5ECE
5ECF
5ED0
5ED0
5ED1
5ED2
5ED2
5ED3
5ED4
5ED5
5ED5
5ED6
5ED7
5ED7
5ED8
5ED9
5ED9
5EDA
5EDB
5EDB
5EDC
5EDD
5EDD
5EDE
5EDF
5EDF
5EE0
5EE1
5EE1
5EE2
5EE3
5EE3
5EE4
5EE5
5EE5
5EE6
5EE7
5EE7
5EE8
5EE9
5EE9
5EEA
5EEB
5EEB
5EEC
5EED
5EED
5EEE
5EEF
5EEF
5EF0
5EF1
5EF2
5EF2
5EF3
5EF4
5EF4
5EF5
5EF6
5EF6
5EF7
5EF8
5EF8
5EF9
5EFA
5EFA
5EFB
5EFC
5EFC
5EFD
5EFE
5EFE
5EFF
5F00
5F00
5F01
5F02
5F02
5F03
5F04
5F04
5F05
5F06
5F06
5F07
5F08
5F08
5F09
5F0A
5F0A
5F0B
5F0C
5F0C
5F0D
5F0E
5F0E
5F0F
5F10
5F10
5F11
5F12
5F13
5F13
5F14
5F15
5F15
5F16
5F17
5F17
5F18
5F19
5F19
5F1A
5F1B
5F1B
5F1C
5F1D
5F1D
5F1E
5F1F
5F1F
5F20
5F21
5F21
5F22
5F23
5F23
5F24
5F25
5F25
5F26
5F27
5F27
5F28
5F29
5F29
5F2A
5F2B
5F2B
5F2C
5F2D
5F2D
5F2E
5F2F
5F2F
5F30
5F31
5F31
5F32
5F33
5F33
5F34
5F35
5F35
5F36
5F37
5F38
5F38
5F39
5F3A
5F3A
5F3B
5F3C
5F3C
5F3D
5F3E
5F3E
5F3F
5F40
5F40
5F41
5F42
5F42
5F43
5F44
5F44
5F45
5F46
5F46
5F47
5F48
5F48
5F49
5F4A
5F4A
5F4B
5F4C
5F4C
5F4D
5F4E
5F4E
5F4F
5F50
5F50
5F51
5F52
5F52
5F53
5F54
5F54
5F55
5F56
5F56
5F57
5F58
5F58
5F59
5F5A
5F5A
5F5B
5F5C
5F5C
5F5D
5F5E
5F5E
5F5F
5F60
5F60
5F61
5F62
5F62
5F63
5F64
5F65
5F65
5F66
5F67
5F67
5F68
5F69
5F69
5F6A
5F6B
5F6B
5F6C
5F6D
5F6D
5F6E
5F6F
5F6F
5F70
5F71
5F71
5F72
5F73
5F73
5F74
5F75
5F75
5F76
5F77
5F77
5F78
5F79
5F79
5F7A
5F7B
5F7B
5F7C
5F7D
5F7D
5F7E
5F7F
5F7F
5F80
5F81
5F81
5F82
5F83
5F83
5F84
5F85
5F85
5F86
5F87
5F87
5F88
5F89
5F89
5F8A
5F8B
5F8B
5F8C
5F8D
5F8D
5F8E
5F8F
5F8F
5F90
5F91
5F91
5F92
5F93
5F93
5F94
5F95
5F95
5F96
5F97
5F97
5F98
5F99
5F99
5F9A
5F9B
5F9B
5F9C
5F9D
5F9D
5F9E
5F9F
5F9F
5FA0
5FA1
5FA1
5FA2
5FA3
5FA3
5FA4
5FA5
5FA6
5FA6
5FA7
5FA8
5FA8
5FA9
5FAA
5FAA
5FAB
5FAC
5FAC
5FAD
5FAE
5FAE
5FAF
5FB0
5FB0
5FB1
5FB2
5FB2
5FB3
5FB4
5FB4
5FB5
5FB6
5FB6
5FB7
5FB8
5FB8
5FB9
5FBA
5FBA
5FBB
5FBC
5FBC
5FBD
5FBE
5FBE
5FBF
5FC0
5FC0
5FC1
5FC2
5FC2
5FC3
5FC4
5FC4
5FC5
5FC6
5FC6
5FC7
5FC8
5FC8
5FC9
5FCA
5FCA
5FCB
5FCC
5FCC
5FCD
5FCE
5FCE
5FCF
5FD0
5FD0
5FD1
5FD2
5FD2
5FD3
5FD4
5FD4
5FD5
5FD6
5FD6
5FD7
5FD8
5FD8
5FD9
5FDA
5FDA
5FDB
5FDC
5FDC
5FDD
5FDE
5FDE
5FDF
5FE0
5FE0
5FE1
5FE2
5FE2
5FE3
5FE4
5FE4
5FE5
5FE6
5FE6
5FE7
5FE8
5FE8
5FE9
5FEA
5FEA
5FEB
5FEC
5FEC
5FED
5FEE
5FEE
5FEF
5FF0
5FF0
5FF1
5FF2
5FF2
5FF3
5FF4
5FF4
5FF5
5FF6
5FF6
5FF7
5FF8
5FF8
5FF9
5FFA
5FFA
5FFB
5FFC
5FFC
5FFD
5FFE
5FFE
5FFF
6000
6000
6001
6002
6002
6003
6004
6004
6005
6006
6006
6007
6008
6008
6009
600A
600A
600B
600C
600C
600D
600E
600E
600F
6010
6010
6011
6012
6012
6013
6014
6014
6015
6016
6016
6017
6018
6018
6019
601A
601A
601B
601C
601C
601D
601E
601E
601F
6020
6020
6021
6022
6022
6023
6024
6024
6025
6026
6026
6027
6028
6028
6029
602A
602A
602B
602C
602C
602D
602E
602E
602F
6030
6030
6031
6032
6032
6033
6034
6034
6035
6036
6036
6037
6038
6038
6039
603A
603A
603B
603C
603C
603D
603E
603E
603F
6040
6040
6041
6042
6042
6043
6044
6044
6045
6046
6046
6047
6048
6048
6049
604A
604A
604B
604C
604C
604D
604E
604E
604F
6050
6050
6051
6052
6052
6053
6054
6054
6055
6056
6056
6057
6058
6058
6059
605A
605A
605B
605B
605C
605D
605D
605E
605F
605F
6060
6061
6061
6062
6063
6063
6064
6065
6065
6066
6067
6067
6068
6069
6069
606A
606B
606B
606C
606D
606D
606E
606F
606F
6070
6071
6071
6072
6073
6073
6074
6075
6075
6076
6077
6077
6078
6079
6079
607A
607B
607B
607C
607D
607D
607E
607F
607F
6080
6081
6081
6082
6083
6083
6084
6085
6085
6086
6087
6087
6088
6089
6089
608A
608B
608B
608C
608D
608D
608E
608F
608F
6090
6091
6091
6092
6093
6093
6094
6095
6095
6096
6097
6097
6098
6099
6099
609A
609B
609B
609C
609D
609D
609E
609E
609F
60A0
60A0
60A1
60A2
60A2
60A3
60A4
60A4
60A5
60A6
60A6
60A7
60A8
60A8
60A9
60AA
60AA
60AB
60AC
60AC
60AD
60AE
60AE
60AF
60B0
60B0
60B1
60B2
60B2
60B3
60B4
60B4
60B5
60B6
60B6
60B7
60B8
60B8
60B9
60BA
60BA
60BB
60BC
60BC
60BD
60BE
60BE
60BF
60C0
60C0
60C1
60C2
60C2
60C3
60C4
60C4
60C5
60C6
60C6
60C7
60C8
60C8
60C9
60CA
60CA
60CB
60CB
60CC
60CD
60CD
60CE
60CF
60CF
60D0
60D1
60D1
60D2
60D3
60D3
60D4
60D5
60D5
60D6
60D7
60D7
60D8
60D9
60D9
60DA
60DB
60DB
60DC
60DD
60DD
60DE
60DF
60DF
60E0
60E1
60E1
60E2
60E3
60E3
60E4
60E5
60E5
60E6
60E7
60E7
60E8
60E9
60E9
60EA
60EB
60EB
60EC
60ED
60ED
60EE
60EF
60EF
60F0
60F0
60F1
60F2
60F2
60F3
60F4
60F4
60F5
60F6
60F6
60F7
60F8
60F8
60F9
60FA
60FA
60FB
60FC
60FC
60FD
60FE
60FE
60FF
6100
6100
6101
6102
6102
6103
6104
6104
6105
6106
6106
6107
6108
6108
6109
610A
610A
610B
610C
610C
610D
610E
610E
610F
6110
6110
6111
6111
6112
6113
6113
6114
6115
6115
6116
6117
6117
6118
6119
6119
611A
611B
611B
611C
611D
611D
611E
611F
611F
6120
6121
6121
6122
6123
6123
6124
6125
6125
6126
6127
6127
6128
6129
6129
612A
612B
612B
612C
612C
612D
612E
612E
612F
6130
6130
6131
6132
6132
6133
6134
6134
6135
6136
6136
6137
6138
6138
6139
613A
613A
613B
613C
613C
613D
613E
613E
613F
6140
6140
6141
6142
6142
6143
6144
6144
6145
6146
6146
6147
6147
6148
6149
6149
614A
614B
614B
614C
614D
614D
614E
614F
614F
6150
6151
6151
6152
6153
6153
6154
6155
6155
6156
6157
6157
6158
6159
6159
615A
615B
615B
615C
615D
615D
615E
615F
615F
6160
6160
6161
6162
6162
6163
6164
6164
6165
6166
6166
6167
6168
6168
6169
616A
616A
616B
616C
616C
616D
616E
616E
616F
6170
6170
6171
6172
6172
6173
6174
6174
6175
6175
6176
6177
6177
6178
6179
6179
617A
617B
617B
617C
617D
617D
617E
617F
617F
6180
6181
6181
6182
6183
6183
6184
6185
6185
6186
6187
6187
6188
6189
6189
618A
618B
618B
618C
618C
618D
618E
618E
618F
6190
6190
6191
6192
6192
6193
6194
6194
6195
6196
6196
6197
6198
6198
6199
619A
619A
619B
619C
619C
619D
619E
619E
619F
619F
61A0
61A1
61A1
61A2
61A3
61A3
61A4
61A5
61A5
61A6
61A7
61A7
61A8
61A9
61A9
61AA
61AB
61AB
61AC
61AD
61AD
61AE
61AF
61AF
61B0
61B1
61B1
61B2
61B2
61B3
61B4
61B4
61B5
61B6
61B6
61B7
61B8
61B8
61B9
61BA
61BA
61BB
61BC
61BC
61BD
61BE
61BE
61BF
61C0
61C0
61C1
61C2
61C2
61C3
61C4
61C4
61C5
61C5
61C6
61C7
61C7
61C8
61C9
61C9
61CA
61CB
61CB
61CC
61CD
61CD
61CE
61CF
61CF
61D0
61D1
61D1
61D2
61D3
61D3
61D4
61D5
61D5
61D6
61D6
61D7
61D8
61D8
61D9
61DA
61DA
61DB
61DC
61DC
61DD
61DE
61DE
61DF
61E0
61E0
61E1
61E2
61E2
61E3
61E4
61E4
61E5
61E6
61E6
61E7
61E7
61E8
61E9
61E9
61EA
61EB
61EB
61EC
61ED
61ED
61EE
61EF
61EF
61F0
61F1
61F1
61F2
61F3
61F3
61F4
61F5
61F5
61F6
61F7
61F7
61F8
61F8
61F9
61FA
61FA
61FB
61FC
61FC
61FD
61FE
61FE
61FF
6200
6200
6201
6202
6202
6203
6204
6204
6205
6206
6206
6207
6208
6208
6209
6209
620A
620B
620B
620C
620D
620D
620E
620F
620F
6210
6211
6211
6212
6213
6213
6214
6215
6215
6216
6217
6217
6218
6218
6219
621A
621A
621B
621C
621C
621D
621E
621E
621F
6220
6220
6221
6222
6222
6223
6224
6224
6225
6226
6226
6227
6227
6228
6229
6229
622A
622B
622B
622C
622D
622D
622E
622F
622F
6230
6231
6231
6232
6233
6233
6234
6235
6235
6236
6236
6237
6238
6238
6239
623A
623A
623B
623C
623C
623D
623E
623E
623F
6240
6240
6241
6242
6242
6243
6244
6244
6245
6245
6246
6247
6247
6248
6249
6249
624A
624B
624B
624C
624D
624D
624E
624F
624F
6250
6251
6251
6252
6252
6253
6254
6254
6255
6256
6256
6257
6258
6258
6259
625A
625A
625B
625C
625C
625D
625E
625E
625F
625F
6260
6261
6261
6262
6263
6263
6264
6265
6265
6266
6267
6267
6268
6269
6269
626A
626B
626B
626C
626D
626D
626E
626E
626F
6270
6270
6271
6272
6272
6273
6274
6274
6275
6276
6276
6277
6278
6278
6279
627A
627A
627B
627B
627C
627D
627D
627E
627F
627F
6280
6281
6281
6282
6283
6283
6284
6285
6285
6286
6286
6287
6288
6288
6289
628A
628A
628B
628C
628C
628D
628E
628E
628F
6290
6290
6291
6292
6292
6293
6293
6294
6295
6295
6296
6297
6297
6298
6299
6299
629A
629B
629B
629C
629D
629D
629E
629F
629F
62A0
62A0
62A1
62A2
62A2
62A3
62A4
62A4
62A5
62A6
62A6
62A7
62A8
62A8
62A9
62AA
62AA
62AB
62AB
62AC
62AD
62AD
62AE
62AF
62AF
62B0
62B1
62B1
62B2
62B3
62B3
62B4
62B5
62B5
62B6
62B7
62B7
62B8
62B8
62B9
62BA
62BA
62BB
62BC
62BC
62BD
62BE
62BE
62BF
62C0
62C0
62C1
62C2
62C2
62C3
62C3
62C4
62C5
62C5
62C6
62C7
62C7
62C8
62C9
62C9
62CA
62CB
62CB
62CC
62CD
62CD
62CE
62CE
62CF
62D0
62D0
62D1
62D2
62D2
62D3
62D4
62D4
62D5
62D6
62D6
62D7
62D8
62D8
62D9
62DA
62DA
62DB
62DB
62DC
62DD
62DD
62DE
62DF
62DF
62E0
62E1
62E1
62E2
62E3
62E3
62E4
62E5
62E5
62E6
62E6
62E7
62E8
62E8
62E9
62EA
62EA
62EB
62EC
62EC
62ED
62EE
62EE
62EF
62F0
62F0
62F1
62F1
62F2
62F3
62F3
62F4
62F5
62F5
62F6
62F7
62F7
62F8
62F9
62F9
62FA
62FB
62FB
62FC
62FC
62FD
62FE
62FE
62FF
6300
6300
6301
6302
6302
6303
6304
6304
6305
6305
6306
6307
6307
6308
6309
6309
630A
630B
630B
630C
630D
630D
630E
630F
630F
6310
6310
6311
6312
6312
6313
6314
6314
6315
6316
6316
6317
6318
6318
6319
631A
631A
631B
631B
631C
631D
631D
631E
631F
631F
6320
6321
6321
6322
6323
6323
6324
6324
6325
6326
6326
6327
6328
6328
6329
632A
632A
632B
632C
632C
632D
632E
632E
632F
632F
6330
6331
6331
6332
6333
6333
6334
6335
6335
6336
6337
6337
6338
6339
6339
633A
633A
633B
633C
633C
633D
633E
633E
633F
6340
6340
6341
6342
6342
6343
6343
6344
6345
6345
6346
6347
6347
6348
6349
6349
634A
634B
634B
634C
634C
634D
634E
634E
634F
6350
6350
6351
6352
6352
6353
6354
6354
6355
6356
6356
6357
6357
6358
6359
6359
635A
635B
635B
635C
635D
635D
635E
635F
635F
6360
6360
6361
6362
6362
6363
6364
6364
6365
6366
6366
6367
6368
6368
6369
6369
636A
636B
636B
636C
636D
636D
636E
636F
636F
6370
6371
6371
6372
6372
6373
6374
6374
6375
6376
6376
6377
6378
6378
6379
637A
637A
637B
637B
637C
637D
637D
637E
637F
637F
6380
6381
6381
6382
6383
6383
6384
6385
6385
6386
6386
6387
6388
6388
6389
638A
638A
638B
638C
638C
638D
638E
638E
638F
638F
6390
6391
6391
6392
6393
6393
6394
6395
6395
6396
6397
6397
6398
6398
6399
639A
639A
639B
639C
639C
639D
639E
639E
639F
639F
63A0
63A1
63A1
63A2
63A3
63A3
63A4
63A5
63A5
63A6
63A7
63A7
63A8
63A8
63A9
63AA
63AA
63AB
63AC
63AC
63AD
63AE
63AE
63AF
63B0
63B0
63B1
63B1
63B2
63B3
63B3
63B4
63B5
63B5
63B6
63B7
63B7
63B8
63B9
63B9
63BA
63BA
63BB
63BC
63BC
63BD
63BE
63BE
63BF
63C0
63C0
63C1
63C2
63C2
63C3
63C3
63C4
63C5
63C5
63C6
63C7
63C7
63C8
63C9
63C9
63CA
63CB
63CB
63CC
63CC
63CD
63CE
63CE
63CF
63D0
63D0
63D1
63D2
63D2
63D3
63D3
63D4
63D5
63D5
63D6
63D7
63D7
63D8
63D9
63D9
63DA
63DB
63DB
63DC
63DC
63DD
63DE
63DE
63DF
63E0
63E0
63E1
63E2
63E2
63E3
63E4
63E4
63E5
63E5
63E6
63E7
63E7
63E8
63E9
63E9
63EA
63EB
63EB
63EC
63EC
63ED
63EE
63EE
63EF
63F0
63F0
63F1
63F2
63F2
63F3
63F4
63F4
63F5
63F5
63F6
63F7
63F7
63F8
63F9
63F9
63FA
63FB
63FB
63FC
63FC
63FD
63FE
63FE
63FF
6400
6400
6401
6402
6402
6403
6404
6404
6405
6405
6406
6407
6407
6408
6409
6409
640A
640B
640B
640C
640C
640D
640E
640E
640F
6410
6410
6411
6412
6412
6413
6414
6414
6415
6415
6416
6417
6417
6418
6419
6419
641A
641B
641B
641C
641C
641D
641E
641E
641F
6420
6420
6421
6422
6422
6423
6423
6424
6425
6425
6426
6427
6427
6428
6429
6429
642A
642B
642B
642C
642C
642D
642E
642E
642F
6430
6430
6431
6432
6432
6433
6433
6434
6435
6435
6436
6437
6437
6438
6439
6439
643A
643A
643B
643C
643C
643D
643E
643E
643F
6440
6440
6441
6442
6442
6443
6443
6444
6445
6445
6446
6447
6447
6448
6449
6449
644A
644A
644B
644C
644C
644D
644E
644E
644F
6450
6450
6451
6451
6452
6453
6453
6454
6455
6455
6456
6457
6457
6458
6458
6459
645A
645A
645B
645C
645C
645D
645E
645E
645F
6460
6460
6461
6461
6462
6463
6463
6464
6465
6465
6466
6467
6467
6468
6468
6469
646A
646A
646B
646C
646C
646D
646E
646E
646F
646F
6470
6471
6471
6472
6473
6473
6474
6475
6475
6476
6476
6477
6478
6478
6479
647A
647A
647B
647C
647C
647D
647D
647E
647F
647F
6480
6481
6481
6482
6483
6483
6484
6484
6485
6486
6486
6487
6488
6488
6489
648A
648A
648B
648B
648C
648D
648D
648E
648F
648F
6490
6491
6491
6492
6492
6493
6494
6494
6495
6496
6496
6497
6498
6498
6499
6499
649A
649B
649B
649C
649D
649D
649E
649F
649F
64A0
64A0
64A1
64A2
64A2
64A3
64A4
64A4
64A5
64A6
64A6
64A7
64A7
64A8
64A9
64A9
64AA
64AB
64AB
64AC
64AD
64AD
64AE
64AE
64AF
64B0
64B0
64B1
64B2
64B2
64B3
64B4
64B4
64B5
64B5
64B6
64B7
64B7
64B8
64B9
64B9
64BA
64BB
64BB
64BC
64BC
64BD
64BE
64BE
64BF
64C0
64C0
64C1
64C2
64C2
64C3
64C3
64C4
64C5
64C5
64C6
64C7
64C7
64C8
64C8
64C9
64CA
64CA
64CB
64CC
64CC
64CD
64CE
64CE
64CF
64CF
64D0
64D1
64D1
64D2
64D3
64D3
64D4
64D5
64D5
64D6
64D6
64D7
64D8
64D8
64D9
64DA
64DA
64DB
64DC
64DC
64DD
64DD
64DE
64DF
64DF
64E0
64E1
64E1
64E2
64E3
64E3
64E4
64E4
64E5
64E6
64E6
64E7
64E8
64E8
64E9
64E9
64EA
64EB
64EB
64EC
64ED
64ED
64EE
64EF
64EF
64F0
64F0
64F1
64F2
64F2
64F3
64F4
64F4
64F5
64F6
64F6
64F7
64F7
64F8
64F9
64F9
64FA
64FB
64FB
64FC
64FD
64FD
64FE
64FE
64FF
6500
6500
6501
6502
6502
6503
6503
6504
6505
6505
6506
6507
6507
6508
6509
6509
650A
650A
650B
650C
650C
650D
650E
650E
650F
6510
6510
6511
6511
6512
6513
6513
6514
6515
6515
6516
6516
6517
6518
6518
6519
651A
651A
651B
651C
651C
651D
651D
651E
651F
651F
6520
6521
6521
6522
6523
6523
6524
6524
6525
6526
6526
6527
6528
6528
6529
6529
652A
652B
652B
652C
652D
652D
652E
652F
652F
6530
6530
6531
6532
6532
6533
6534
6534
6535
6535
6536
6537
6537
6538
6539
6539
653A
653B
653B
653C
653C
653D
653E
653E
653F
6540
6540
6541
6542
6542
6543
6543
6544
6545
6545
6546
6547
6547
6548
6548
6549
654A
654A
654B
654C
654C
654D
654E
654E
654F
654F
6550
6551
6551
6552
6553
6553
6554
6554
6555
6556
6556
6557
6558
6558
6559
655A
655A
655B
655B
655C
655D
655D
655E
655F
655F
6560
6560
6561
6562
6562
6563
6564
6564
6565
6566
6566
6567
6567
6568
6569
6569
656A
656B
656B
656C
656C
656D
656E
656E
656F
6570
6570
6571
6571
6572
6573
6573
6574
6575
6575
6576
6577
6577
6578
6578
6579
657A
657A
657B
657C
657C
657D
657D
657E
657F
657F
6580
6581
6581
6582
6583
6583
6584
6584
6585
6586
6586
6587
6588
6588
6589
6589
658A
658B
658B
658C
658D
658D
658E
658E
658F
6590
6590
6591
6592
6592
6593
6594
6594
6595
6595
6596
6597
6597
6598
6599
6599
659A
659A
659B
659C
659C
659D
659E
659E
659F
65A0
65A0
65A1
65A1
65A2
65A3
65A3
65A4
65A5
65A5
65A6
65A6
65A7
65A8
65A8
65A9
65AA
65AA
65AB
65AB
65AC
65AD
65AD
65AE
65AF
65AF
65B0
65B1
65B1
65B2
65B2
65B3
65B4
65B4
65B5
65B6
65B6
65B7
65B7
65B8
65B9
65B9
65BA
65BB
65BB
65BC
65BC
65BD
65BE
65BE
65BF
65C0
65C0
65C1
65C1
65C2
65C3
65C3
65C4
65C5
65C5
65C6
65C7
65C7
65C8
65C8
65C9
65CA
65CA
65CB
65CC
65CC
65CD
65CD
65CE
65CF
65CF
65D0
65D1
65D1
65D2
65D2
65D3
65D4
65D4
65D5
65D6
65D6
65D7
65D7
65D8
65D9
65D9
65DA
65DB
65DB
65DC
65DD
65DD
65DE
65DE
65DF
65E0
65E0
65E1
65E2
65E2
65E3
65E3
65E4
65E5
65E5
65E6
65E7
65E7
65E8
65E8
65E9
65EA
65EA
65EB
65EC
65EC
65ED
65ED
65EE
65EF
65EF
65F0
65F1
65F1
65F2
65F3
65F3
65F4
65F4
65F5
65F6
65F6
65F7
65F8
65F8
65F9
65F9
65FA
65FB
65FB
65FC
65FD
65FD
65FE
65FE
65FF
6600
6600
6601
6602
6602
6603
6603
6604
6605
6605
6606
6607
6607
6608
6608
6609
660A
660A
660B
660C
660C
660D
660D
660E
660F
660F
6610
6611
6611
6612
6613
6613
6614
6614
6615
6616
6616
6617
6618
6618
6619
6619
661A
661B
661B
661C
661D
661D
661E
661E
661F
6620
6620
6621
6622
6622
6623
6623
6624
6625
6625
6626
6627
6627
6628
6628
6629
662A
662A
662B
662C
662C
662D
662D
662E
662F
662F
6630
6631
6631
6632
6632
6633
6634
6634
6635
6636
6636
6637
6637
6638
6639
6639
663A
663B
663B
663C
663C
663D
663E
663E
663F
6640
6640
6641
6641
6642
6643
6643
6644
6645
6645
6646
6646
6647
6648
6648
6649
664A
664A
664B
664B
664C
664D
664D
664E
664F
664F
6650
6651
6651
6652
6652
6653
6654
6654
6655
6656
6656
6657
6657
6658
6659
6659
665A
665B
665B
665C
665C
665D
665E
665E
665F
6660
6660
6661
6661
6662
6663
6663
6664
6665
6665
6666
6666
6667
6668
6668
6669
666A
666A
666B
666B
666C
666D
666D
666E
666F
666F
6670
6670
6671
6672
6672
6673
6674
6674
6675
6675
6676
6677
6677
6678
6679
6679
667A
667A
667B
667C
667C
667D
667E
667E
667F
667F
6680
6681
6681
6682
6682
6683
6684
6684
6685
6686
6686
6687
6687
6688
6689
6689
668A
668B
668B
668C
668C
668D
668E
668E
668F
6690
6690
6691
6691
6692
6693
6693
6694
6695
6695
6696
6696
6697
6698
6698
6699
669A
669A
669B
669B
669C
669D
669D
669E
669F
669F
66A0
66A0
66A1
66A2
66A2
66A3
66A4
66A4
66A5
66A5
66A6
66A7
66A7
66A8
66A9
66A9
66AA
66AA
66AB
66AC
66AC
66AD
66AE
66AE
66AF
66AF
66B0
66B1
66B1
66B2
66B3
66B3
66B4
66B4
66B5
66B6
66B6
66B7
66B8
66B8
66B9
66B9
66BA
66BB
66BB
66BC
66BC
66BD
66BE
66BE
66BF
66C0
66C0
66C1
66C1
66C2
66C3
66C3
66C4
66C5
66C5
66C6
66C6
66C7
66C8
66C8
66C9
66CA
66CA
66CB
66CB
66CC
66CD
66CD
66CE
66CF
66CF
66D0
66D0
66D1
66D2
66D2
66D3
66D4
66D4
66D5
66D5
66D6
66D7
66D7
66D8
66D9
66D9
66DA
66DA
66DB
66DC
66DC
66DD
66DD
66DE
66DF
66DF
66E0
66E1
66E1
66E2
66E2
66E3
66E4
66E4
66E5
66E6
66E6
66E7
66E7
66E8
66E9
66E9
66EA
66EB
66EB
66EC
66EC
66ED
66EE
66EE
66EF
66F0
66F0
66F1
66F1
66F2
66F3
66F3
66F4
66F5
66F5
66F6
66F6
66F7
66F8
66F8
66F9
66F9
66FA
66FB
66FB
66FC
66FD
66FD
66FE
66FE
66FF
6700
6700
6701
6702
6702
6703
6703
6704
6705
6705
6706
6707
6707
6708
6708
6709
670A
670A
670B
670B
670C
670D
670D
670E
670F
670F
6710
6710
6711
6712
6712
6713
6714
6714
6715
6715
6716
6717
6717
6718
6719
6719
671A
671A
671B
671C
671C
671D
671D
671E
671F
671F
6720
6721
6721
6722
6722
6723
6724
6724
6725
6726
6726
6727
6727
6728
6729
6729
672A
672B
672B
672C
672C
672D
672E
672E
672F
672F
6730
6731
6731
6732
6733
6733
6734
6734
6735
6736
6736
6737
6738
6738
6739
6739
673A
673B
673B
673C
673D
673D
673E
673E
673F
6740
6740
6741
6741
6742
6743
6743
6744
6745
6745
6746
6746
6747
6748
6748
6749
674A
674A
674B
674B
674C
674D
674D
674E
674E
674F
6750
6750
6751
6752
6752
6753
6753
6754
6755
6755
6756
6757
6757
6758
6758
6759
675A
675A
675B
675B
675C
675D
675D
675E
675F
675F
6760
6760
6761
6762
6762
6763
6764
6764
6765
6765
6766
6767
6767
6768
6768
6769
676A
676A
676B
676C
676C
676D
676D
676E
676F
676F
6770
6771
6771
6772
6772
6773
6774
6774
6775
6775
6776
6777
6777
6778
6779
6779
677A
677A
677B
677C
677C
677D
677E
677E
677F
677F
6780
6781
6781
6782
6782
6783
6784
6784
6785
6786
6786
6787
6787
6788
6789
6789
678A
678B
678B
678C
678C
678D
678E
678E
678F
678F
6790
6791
6791
6792
6793
6793
6794
6794
6795
6796
6796
6797
6797
6798
6799
6799
679A
679B
679B
679C
679C
679D
679E
679E
679F
67A0
67A0
67A1
67A1
67A2
67A3
67A3
67A4
67A4
67A5
67A6
67A6
67A7
67A8
67A8
67A9
67A9
67AA
67AB
67AB
67AC
67AC
67AD
67AE
67AE
67AF
67B0
67B0
67B1
67B1
67B2
67B3
67B3
67B4
67B5
67B5
67B6
67B6
67B7
67B8
67B8
67B9
67B9
67BA
67BB
67BB
67BC
67BD
67BD
67BE
67BE
67BF
67C0
67C0
67C1
67C1
67C2
67C3
67C3
67C4
67C5
67C5
67C6
67C6
67C7
67C8
67C8
67C9
67C9
67CA
67CB
67CB
67CC
67CD
67CD
67CE
67CE
67CF
67D0
67D0
67D1
67D1
67D2
67D3
67D3
67D4
67D5
67D5
67D6
67D6
67D7
67D8
67D8
67D9
67DA
67DA
67DB
67DB
67DC
67DD
67DD
67DE
67DE
67DF
67E0
67E0
67E1
67E2
67E2
67E3
67E3
67E4
67E5
67E5
67E6
67E6
67E7
67E8
67E8
67E9
67EA
67EA
67EB
67EB
67EC
67ED
67ED
67EE
67EE
67EF
67F0
67F0
67F1
67F2
67F2
67F3
67F3
67F4
67F5
67F5
67F6
67F6
67F7
67F8
67F8
67F9
67FA
67FA
67FB
67FB
67FC
67FD
67FD
67FE
67FE
67FF
6800
6800
6801
6802
6802
6803
6803
6804
6805
6805
6806
6806
6807
6808
6808
6809
680A
680A
680B
680B
680C
680D
680D
680E
680E
680F
6810
6810
6811
6812
6812
6813
6813
6814
6815
6815
6816
6816
6817
6818
6818
6819
681A
681A
681B
681B
681C
681D
681D
681E
681E
681F
6820
6820
6821
6822
6822
6823
6823
6824
6825
6825
6826
6826
6827
6828
6828
6829
682A
682A
682B
682B
682C
682D
682D
682E
682E
682F
6830
6830
6831
6831
6832
6833
6833
6834
6835
6835
6836
6836
6837
6838
6838
6839
6839
683A
683B
683B
683C
683D
683D
683E
683E
683F
6840
6840
6841
6841
6842
6843
6843
6844
6845
6845
6846
6846
6847
6848
6848
6849
6849
684A
684B
684B
684C
684D
684D
684E
684E
684F
6850
6850
6851
6851
6852
6853
6853
6854
6854
6855
6856
6856
6857
6858
6858
6859
6859
685A
685B
685B
685C
685C
685D
685E
685E
685F
6860
6860
6861
6861
6862
6863
6863
6864
6864
6865
6866
6866
6867
6867
6868
6869
6869
686A
686B
686B
686C
686C
686D
686E
686E
686F
686F
6870
6871
6871
6872
6873
6873
6874
6874
6875
6876
6876
6877
6877
6878
6879
6879
687A
687A
687B
687C
687C
687D
687E
687E
687F
687F
6880
6881
6881
6882
6882
6883
6884
6884
6885
6886
6886
6887
6887
6888
6889
6889
688A
688A
688B
688C
688C
688D
688D
688E
688F
688F
6890
6891
6891
6892
6892
6893
6894
6894
6895
6895
6896
6897
6897
6898
6898
6899
689A
689A
689B
689C
689C
689D
689D
689E
689F
689F
68A0
68A0
68A1
68A2
68A2
68A3
68A3
68A4
68A5
68A5
68A6
68A7
68A7
68A8
68A8
68A9
68AA
68AA
68AB
68AB
68AC
68AD
68AD
68AE
68AF
68AF
68B0
68B0
68B1
68B2
68B2
68B3
68B3
68B4
68B5
68B5
68B6
68B6
68B7
68B8
68B8
68B9
68BA
68BA
68BB
68BB
68BC
68BD
68BD
68BE
68BE
68BF
68C0
68C0
68C1
68C1
68C2
68C3
68C3
68C4
68C5
68C5
68C6
68C6
68C7
68C8
68C8
68C9
68C9
68CA
68CB
68CB
68CC
68CC
68CD
68CE
68CE
68CF
68CF
68D0
68D1
68D1
68D2
68D3
68D3
68D4
68D4
68D5
68D6
68D6
68D7
68D7
68D8
68D9
68D9
68DA
68DA
68DB
68DC
68DC
68DD
68DE
68DE
68DF
68DF
68E0
68E1
68E1
68E2
68E2
68E3
68E4
68E4
68E5
68E5
68E6
68E7
68E7
68E8
68E9
68E9
68EA
68EA
68EB
68EC
68EC
68ED
68ED
68EE
68EF
68EF
68F0
68F0
68F1
68F2
68F2
68F3
68F4
68F4
68F5
68F5
68F6
68F7
68F7
68F8
68F8
68F9
68FA
68FA
68FB
68FB
68FC
68FD
68FD
68FE
68FE
68FF
6900
6900
6901
6902
6902
6903
6903
6904
6905
6905
6906
6906
6907
6908
6908
6909
6909
690A
690B
690B
690C
690C
690D
690E
690E
690F
6910
6910
6911
6911
6912
6913
6913
6914
6914
6915
6916
6916
6917
6917
6918
6919
6919
691A
691B
691B
691C
691C
691D
691E
691E
691F
691F
6920
6921
6921
6922
6922
6923
6924
6924
6925
6925
6926
6927
6927
6928
6929
6929
692A
692A
692B
692C
692C
692D
692D
692E
692F
692F
6930
6930
6931
6932
6932
6933
6933
6934
6935
6935
6936
6936
6937
6938
6938
6939
693A
693A
693B
693B
693C
693D
693D
693E
693E
693F
6940
6940
6941
6941
6942
6943
6943
6944
6944
6945
6946
6946
6947
6948
6948
6949
6949
694A
694B
694B
694C
694C
694D
694E
694E
694F
694F
6950
6951
6951
6952
6952
6953
6954
6954
6955
6956
6956
6957
6957
6958
6959
6959
695A
695A
695B
695C
695C
695D
695D
695E
695F
695F
6960
6960
6961
6962
6962
6963
6963
6964
6965
6965
6966
6967
6967
6968
6968
6969
696A
696A
696B
696B
696C
696D
696D
696E
696E
696F
6970
6970
6971
6971
6972
6973
6973
6974
6974
6975
6976
6976
6977
6978
6978
6979
6979
697A
697B
697B
697C
697C
697D
697E
697E
697F
697F
6980
6981
6981
6982
6982
6983
6984
6984
6985
6985
6986
6987
6987
6988
6988
6989
698A
698A
698B
698C
698C
698D
698D
698E
698F
698F
6990
6990
6991
6992
6992
6993
6993
6994
6995
6995
6996
6996
6997
6998
6998
6999
6999
699A
699B
699B
699C
699C
699D
699E
699E
699F
69A0
69A0
69A1
69A1
69A2
69A3
69A3
69A4
69A4
69A5
69A6
69A6
69A7
69A7
69A8
69A9
69A9
69AA
69AA
69AB
69AC
69AC
69AD
69AD
69AE
69AF
69AF
69B0
69B0
69B1
69B2
69B2
69B3
69B4
69B4
69B5
69B5
69B6
69B7
69B7
69B8
69B8
69B9
69BA
69BA
69BB
69BB
69BC
69BD
69BD
69BE
69BE
69BF
69C0
69C0
69C1
69C1
69C2
69C3
69C3
69C4
69C4
69C5
69C6
69C6
69C7
69C7
69C8
69C9
69C9
69CA
69CB
69CB
69CC
69CC
69CD
69CE
69CE
69CF
69CF
69D0
69D1
69D1
69D2
69D2
69D3
69D4
69D4
69D5
69D5
69D6
69D7
69D7
69D8
69D8
69D9
69DA
69DA
69DB
69DB
69DC
69DD
69DD
69DE
69DE
69DF
69E0
69E0
69E1
69E1
69E2
69E3
69E3
69E4
69E5
69E5
69E6
69E6
69E7
69E8
69E8
69E9
69E9
69EA
69EB
69EB
69EC
69EC
69ED
69EE
69EE
69EF
69EF
69F0
69F1
69F1
69F2
69F2
69F3
69F4
69F4
69F5
69F5
69F6
69F7
69F7
69F8
69F8
69F9
69FA
69FA
69FB
69FB
69FC
69FD
69FD
69FE
69FE
69FF
6A00
6A00
6A01
6A02
6A02
6A03
6A03
6A04
6A05
6A05
6A06
6A06
6A07
6A08
6A08
6A09
6A09
6A0A
6A0B
6A0B
6A0C
6A0C
6A0D
6A0E
6A0E
6A0F
6A0F
6A10
6A11
6A11
6A12
6A12
6A13
6A14
6A14
6A15
6A15
6A16
6A17
6A17
6A18
6A18
6A19
6A1A
6A1A
6A1B
6A1B
6A1C
6A1D
6A1D
6A1E
6A1E
6A1F
6A20
6A20
6A21
6A21
6A22
6A23
6A23
6A24
6A25
6A25
6A26
6A26
6A27
6A28
6A28
6A29
6A29
6A2A
6A2B
6A2B
6A2C
6A2C
6A2D
6A2E
6A2E
6A2F
6A2F
6A30
6A31
6A31
6A32
6A32
6A33
6A34
6A34
6A35
6A35
6A36
6A37
6A37
6A38
6A38
6A39
6A3A
6A3A
6A3B
6A3B
6A3C
6A3D
6A3D
6A3E
6A3E
6A3F
6A40
6A40
6A41
6A41
6A42
6A43
6A43
6A44
6A44
6A45
6A46
6A46
6A47
6A47
6A48
6A49
6A49
6A4A
6A4A
6A4B
6A4C
6A4C
6A4D
6A4D
6A4E
6A4F
6A4F
6A50
6A50
6A51
6A52
6A52
6A53
6A53
6A54
6A55
6A55
6A56
6A57
6A57
6A58
6A58
6A59
6A5A
6A5A
6A5B
6A5B
6A5C
6A5D
6A5D
6A5E
6A5E
6A5F
6A60
6A60
6A61
6A61
6A62
6A63
6A63
6A64
6A64
6A65
6A66
6A66
6A67
6A67
6A68
6A69
6A69
6A6A
6A6A
6A6B
6A6C
6A6C
6A6D
6A6D
6A6E
6A6F
6A6F
6A70
6A70
6A71
6A72
6A72
6A73
6A73
6A74
6A75
6A75
6A76
6A76
6A77
6A78
6A78
6A79
6A79
6A7A
6A7B
6A7B
6A7C
6A7C
6A7D
6A7E
6A7E
6A7F
6A7F
6A80
6A81
6A81
6A82
6A82
6A83
6A84
6A84
6A85
6A85
6A86
6A87
6A87
6A88
6A88
6A89
6A8A
6A8A
6A8B
6A8B
6A8C
6A8D
6A8D
6A8E
6A8E
6A8F
6A90
6A90
6A91
6A91
6A92
6A93
6A93
6A94
6A94
6A95
6A96
6A96
6A97
6A97
6A98
6A99
6A99
6A9A
6A9A
6A9B
6A9C
6A9C
6A9D
6A9D
6A9E
6A9F
6A9F
6AA0
6AA0
6AA1
6AA2
6AA2
6AA3
6AA3
6AA4
6AA5
6AA5
6AA6
6AA6
6AA7
6AA8
6AA8
6AA9
6AA9
6AAA
6AAB
6AAB
6AAC
6AAC
6AAD
6AAE
6AAE
6AAF
6AAF
6AB0
6AB1
6AB1
6AB2
6AB2
6AB3
6AB4
6AB4
6AB5
6AB5
6AB6
6AB7
6AB7
6AB8
6AB8
6AB9
6ABA
6ABA
6ABB
6ABB
6ABC
6ABD
6ABD
6ABE
6ABE
6ABF
6AC0
6AC0
6AC1
6AC1
6AC2
6AC3
6AC3
6AC4
6AC4
6AC5
6AC6
6AC6
6AC7
6AC7
6AC8
6AC9
6AC9
6ACA
6ACA
6ACB
6ACC
6ACC
6ACD
6ACD
6ACE
6ACF
6ACF
6AD0
6AD0
6AD1
6AD2
6AD2
6AD3
6AD3
6AD4
6AD5
6AD5
6AD6
6AD6
6AD7
6AD8
6AD8
6AD9
6AD9
6ADA
6ADB
6ADB
6ADC
6ADC
6ADD
6ADE
6ADE
6ADF
6ADF
6AE0
6AE1
6AE1
6AE2
6AE2
6AE3
6AE4
6AE4
6AE5
6AE5
6AE6
6AE7
6AE7
6AE8
6AE8
6AE9
6AEA
6AEA
6AEB
6AEB
6AEC
6AED
6AED
6AEE
6AEE
6AEF
6AF0
6AF0
6AF1
6AF1
6AF2
6AF3
6AF3
6AF4
6AF4
6AF5
6AF6
6AF6
6AF7
6AF7
6AF8
6AF9
6AF9
6AFA
6AFA
6AFB
6AFC
6AFC
6AFD
6AFD
6AFE
6AFF
6AFF
6B00
6B00
6B01
6B01
6B02
6B03
6B03
6B04
6B04
6B05
6B06
6B06
6B07
6B07
6B08
6B09
6B09
6B0A
6B0A
6B0B
6B0C
6B0C
6B0D
6B0D
6B0E
6B0F
6B0F
6B10
6B10
6B11
6B12
6B12
6B13
6B13
6B14
6B15
6B15
6B16
6B16
6B17
6B18
6B18
6B19
6B19
6B1A
6B1B
6B1B
6B1C
6B1C
6B1D
6B1E
6B1E
6B1F
6B1F
6B20
6B21
6B21
6B22
6B22
6B23
6B24
6B24
6B25
6B25
6B26
6B27
6B27
6B28
6B28
6B29
6B2A
6B2A
6B2B
6B2B
6B2C
6B2D
6B2D
6B2E
6B2E
6B2F
6B30
6B30
6B31
6B31
6B32
6B32
6B33
6B34
6B34
6B35
6B35
6B36
6B37
6B37
6B38
6B38
6B39
6B3A
6B3A
6B3B
6B3B
6B3C
6B3D
6B3D
6B3E
6B3E
6B3F
6B40
6B40
6B41
6B41
6B42
6B43
6B43
6B44
6B44
6B45
6B46
6B46
6B47
6B47
6B48
6B49
6B49
6B4A
6B4A
6B4B
6B4C
6B4C
6B4D
6B4D
6B4E
6B4F
6B4F
6B50
6B50
6B51
6B52
6B52
6B53
6B53
6B54
6B55
6B55
6B56
6B56
6B57
6B57
6B58
6B59
6B59
6B5A
6B5A
6B5B
6B5C
6B5C
6B5D
6B5D
6B5E
6B5F
6B5F
6B60
6B60
6B61
6B62
6B62
6B63
6B63
6B64
6B65
6B65
6B66
6B66
6B67
6B68
6B68
6B69
6B69
6B6A
6B6B
6B6B
6B6C
6B6C
6B6D
6B6E
6B6E
6B6F
6B6F
6B70
6B71
6B71
6B72
6B72
6B73
6B73
6B74
6B75
6B75
6B76
6B76
6B77
6B78
6B78
6B79
6B79
6B7A
6B7B
6B7B
6B7C
6B7C
6B7D
6B7E
6B7E
6B7F
6B7F
6B80
6B81
6B81
6B82
6B82
6B83
6B84
6B84
6B85
6B85
6B86
6B87
6B87
6B88
6B88
6B89
6B8A
6B8A
6B8B
6B8B
6B8C
6B8C
6B8D
6B8E
6B8E
6B8F
6B8F
6B90
6B91
6B91
6B92
6B92
6B93
6B94
6B94
6B95
6B95
6B96
6B97
6B97
6B98
6B98
6B99
6B9A
6B9A
6B9B
6B9B
6B9C
6B9D
6B9D
6B9E
6B9E
6B9F
6BA0
6BA0
6BA1
6BA1
6BA2
6BA3
6BA3
6BA4
6BA4
6BA5
6BA5
6BA6
6BA7
6BA7
6BA8
6BA8
6BA9
6BAA
6BAA
6BAB
6BAB
6BAC
6BAD
6BAD
6BAE
6BAE
6BAF
6BB0
6BB0
6BB1
6BB1
6BB2
6BB3
6BB3
6BB4
6BB4
6BB5
6BB6
6BB6
6BB7
6BB7
6BB8
6BB9
6BB9
6BBA
6BBA
6BBB
6BBB
6BBC
6BBD
6BBD
6BBE
6BBE
6BBF
6BC0
6BC0
6BC1
6BC1
6BC2
6BC3
6BC3
6BC4
6BC4
6BC5
6BC6
6BC6
6BC7
6BC7
6BC8
6BC9
6BC9
6BCA
6BCA
6BCB
6BCC
6BCC
6BCD
6BCD
6BCE
6BCE
6BCF
6BD0
6BD0
6BD1
6BD1
6BD2
6BD3
6BD3
6BD4
6BD4
6BD5
6BD6
6BD6
6BD7
6BD7
6BD8
6BD9
6BD9
6BDA
6BDA
6BDB
6BDC
6BDC
6BDD
6BDD
6BDE
6BDE
6BDF
6BE0
6BE0
6BE1
6BE1
6BE2
6BE3
6BE3
6BE4
6BE4
6BE5
6BE6
6BE6
6BE7
6BE7
6BE8
6BE9
6BE9
6BEA
6BEA
6BEB
6BEC
6BEC
6BED
6BED
6BEE
6BEF
6BEF
6BF0
6BF0
6BF1
6BF1
6BF2
6BF3
6BF3
6BF4
6BF4
6BF5
6BF6
6BF6
6BF7
6BF7
6BF8
6BF9
6BF9
6BFA
6BFA
6BFB
6BFC
6BFC
6BFD
6BFD
6BFE
6BFF
6BFF
6C00
6C00
6C01
6C01
6C02
6C03
6C03
6C04
6C04
6C05
6C06
6C06
6C07
6C07
6C08
6C09
6C09
6C0A
6C0A
6C0B
6C0C
6C0C
6C0D
6C0D
6C0E
6C0F
6C0F
6C10
6C10
6C11
6C11
6C12
6C13
6C13
6C14
6C14
6C15
6C16
6C16
6C17
6C17
6C18
6C19
6C19
6C1A
6C1A
6C1B
6C1C
6C1C
6C1D
6C1D
6C1E
6C1F
6C1F
6C20
6C20
6C21
6C21
6C22
6C23
6C23
6C24
6C24
6C25
6C26
6C26
6C27
6C27
6C28
6C29
6C29
6C2A
6C2A
6C2B
6C2C
6C2C
6C2D
6C2D
6C2E
6C2E
6C2F
6C30
6C30
6C31
6C31
6C32
6C33
6C33
6C34
6C34
6C35
6C36
6C36
6C37
6C37
6C38
6C39
6C39
6C3A
6C3A
6C3B
6C3B
6C3C
6C3D
6C3D
6C3E
6C3E
6C3F
6C40
6C40
6C41
6C41
6C42
6C43
6C43
6C44
6C44
6C45
6C46
6C46
6C47
6C47
6C48
6C48
6C49
6C4A
6C4A
6C4B
6C4B
6C4C
6C4D
6C4D
6C4E
6C4E
6C4F
6C50
6C50
6C51
6C51
6C52
6C53
6C53
6C54
6C54
6C55
6C55
6C56
6C57
6C57
6C58
6C58
6C59
6C5A
6C5A
6C5B
6C5B
6C5C
6C5D
6C5D
6C5E
6C5E
6C5F
6C60
6C60
6C61
6C61
6C62
6C62
6C63
6C64
6C64
6C65
6C65
6C66
6C67
6C67
6C68
6C68
6C69
6C6A
6C6A
6C6B
6C6B
6C6C
6C6D
6C6D
6C6E
6C6E
6C6F
6C6F
6C70
6C71
6C71
6C72
6C72
6C73
6C74
6C74
6C75
6C75
6C76
6C77
6C77
6C78
6C78
6C79
6C7A
6C7A
6C7B
6C7B
6C7C
6C7C
6C7D
6C7E
6C7E
6C7F
6C7F
6C80
6C81
6C81
6C82
6C82
6C83
6C84
6C84
6C85
6C85
6C86
6C86
6C87
6C88
6C88
6C89
6C89
6C8A
6C8B
6C8B
6C8C
6C8C
6C8D
6C8E
6C8E
6C8F
6C8F
6C90
6C91
6C91
6C92
6C92
6C93
6C93
6C94
6C95
6C95
6C96
6C96
6C97
6C98
6C98
6C99
6C99
6C9A
6C9B
6C9B
6C9C
6C9C
6C9D
6C9D
6C9E
6C9F
6C9F
6CA0
6CA0
6CA1
6CA2
6CA2
6CA3
6CA3
6CA4
6CA5
6CA5
6CA6
6CA6
6CA7
6CA7
6CA8
6CA9
6CA9
6CAA
6CAA
6CAB
6CAC
6CAC
6CAD
6CAD
6CAE
6CAF
6CAF
6CB0
6CB0
6CB1
6CB2
6CB2
6CB3
6CB3
6CB4
6CB4
6CB5
6CB6
6CB6
6CB7
6CB7
6CB8
6CB9
6CB9
6CBA
6CBA
6CBB
6CBC
6CBC
6CBD
6CBD
6CBE
6CBE
6CBF
6CC0
6CC0
6CC1
6CC1
6CC2
6CC3
6CC3
6CC4
6CC4
6CC5
6CC6
6CC6
6CC7
6CC7
6CC8
6CC8
6CC9
6CCA
6CCA
6CCB
6CCB
6CCC
6CCD
6CCD
6CCE
6CCE
6CCF
6CD0
6CD0
6CD1
6CD1
6CD2
6CD2
6CD3
6CD4
6CD4
6CD5
6CD5
6CD6
6CD7
6CD7
6CD8
6CD8
6CD9
6CDA
6CDA
6CDB
6CDB
6CDC
6CDC
6CDD
6CDE
6CDE
6CDF
6CDF
6CE0
6CE1
6CE1
6CE2
6CE2
6CE3
6CE4
6CE4
6CE5
6CE5
6CE6
6CE6
6CE7
6CE8
6CE8
6CE9
6CE9
6CEA
6CEB
6CEB
6CEC
6CEC
6CED
6CED
6CEE
6CEF
6CEF
6CF0
6CF0
6CF1
6CF2
6CF2
6CF3
6CF3
6CF4
6CF5
6CF5
6CF6
6CF6
6CF7
6CF7
6CF8
6CF9
6CF9
6CFA
6CFA
6CFB
6CFC
6CFC
6CFD
6CFD
6CFE
6CFF
6CFF
6D00
6D00
6D01
6D01
6D02
6D03
6D03
6D04
6D04
6D05
6D06
6D06
6D07
6D07
6D08
6D09
6D09
6D0A
6D0A
6D0B
6D0B
6D0C
6D0D
6D0D
6D0E
6D0E
6D0F
6D10
6D10
6D11
6D11
6D12
6D12
6D13
6D14
6D14
6D15
6D15
6D16
6D17
6D17
6D18
6D18
6D19
6D1A
6D1A
6D1B
6D1B
6D1C
6D1C
6D1D
6D1E
6D1E
6D1F
6D1F
6D20
6D21
6D21
6D22
6D22
6D23
6D24
6D24
6D25
6D25
6D26
6D26
6D27
6D28
6D28
6D29
6D29
6D2A
6D2B
6D2B
6D2C
6D2C
6D2D
6D2D
6D2E
6D2F
6D2F
6D30
6D30
6D31
6D32
6D32
6D33
6D33
6D34
6D35
6D35
6D36
6D36
6D37
6D37
6D38
6D39
6D39
6D3A
6D3A
6D3B
6D3C
6D3C
6D3D
6D3D
6D3E
6D3E
6D3F
6D40
6D40
6D41
6D41
6D42
6D43
6D43
6D44
6D44
6D45
6D45
6D46
6D47
6D47
6D48
6D48
6D49
6D4A
6D4A
6D4B
6D4B
6D4C
6D4D
6D4D
6D4E
6D4E
6D4F
6D4F
6D50
6D51
6D51
6D52
6D52
6D53
6D54
6D54
6D55
6D55
6D56
6D56
6D57
6D58
6D58
6D59
6D59
6D5A
6D5B
6D5B
6D5C
6D5C
6D5D
6D5D
6D5E
6D5F
6D5F
6D60
6D60
6D61
6D62
6D62
6D63
6D63
6D64
6D65
6D65
6D66
6D66
6D67
6D67
6D68
6D69
6D69
6D6A
6D6A
6D6B
6D6C
6D6C
6D6D
6D6D
6D6E
6D6E
6D6F
6D70
6D70
6D71
6D71
6D72
6D73
6D73
6D74
6D74
6D75
6D75
6D76
6D77
6D77
6D78
6D78
6D79
6D7A
6D7A
6D7B
6D7B
6D7C
6D7C
6D7D
6D7E
6D7E
6D7F
6D7F
6D80
6D81
6D81
6D82
6D82
6D83
6D84
6D84
6D85
6D85
6D86
6D86
6D87
6D88
6D88
6D89
6D89
6D8A
6D8B
6D8B
6D8C
6D8C
6D8D
6D8D
6D8E
6D8F
6D8F
6D90
6D90
6D91
6D92
6D92
6D93
6D93
6D94
6D94
6D95
6D96
6D96
6D97
6D97
6D98
6D99
6D99
6D9A
6D9A
6D9B
6D9B
6D9C
6D9D
6D9D
6D9E
6D9E
6D9F
6DA0
6DA0
6DA1
6DA1
6DA2
6DA2
6DA3
6DA4
6DA4
6DA5
6DA5
6DA6
6DA7
6DA7
6DA8
6DA8
6DA9
6DA9
6DAA
6DAB
6DAB
6DAC
6DAC
6DAD
6DAE
6DAE
6DAF
6DAF
6DB0
6DB0
6DB1
6DB2
6DB2
6DB3
6DB3
6DB4
6DB5
6DB5
6DB6
6DB6
6DB7
6DB7
6DB8
6DB9
6DB9
6DBA
6DBA
6DBB
6DBC
6DBC
6DBD
6DBD
6DBE
6DBE
6DBF
6DC0
6DC0
6DC1
6DC1
6DC2
6DC3
6DC3
6DC4
6DC4
6DC5
6DC5
6DC6
6DC7
6DC7
6DC8
6DC8
6DC9
6DCA
6DCA
6DCB
6DCB
6DCC
6DCC
6DCD
6DCE
6DCE
6DCF
6DCF
6DD0
6DD1
6DD1
6DD2
6DD2
6DD3
6DD3
6DD4
6DD5
6DD5
6DD6
6DD6
6DD7
6DD8
6DD8
6DD9
6DD9
6DDA
6DDA
6DDB
6DDC
6DDC
6DDD
6DDD
6DDE
6DDF
6DDF
6DE0
6DE0
6DE1
6DE1
6DE2
6DE3
6DE3
6DE4
6DE4
6DE5
6DE6
6DE6
6DE7
6DE7
6DE8
6DE8
6DE9
6DEA
6DEA
6DEB
6DEB
6DEC
6DED
6DED
6DEE
6DEE
6DEF
6DEF
6DF0
6DF1
6DF1
6DF2
6DF2
6DF3
6DF3
6DF4
6DF5
6DF5
6DF6
6DF6
6DF7
6DF8
6DF8
6DF9
6DF9
6DFA
6DFA
6DFB
6DFC
6DFC
6DFD
6DFD
6DFE
6DFF
6DFF
6E00
6E00
6E01
6E01
6E02
6E03
6E03
6E04
6E04
6E05
6E06
6E06
6E07
6E07
6E08
6E08
6E09
6E0A
6E0A
6E0B
6E0B
6E0C
6E0D
6E0D
6E0E
6E0E
6E0F
6E0F
6E10
6E11
6E11
6E12
6E12
6E13
6E13
6E14
6E15
6E15
6E16
6E16
6E17
6E18
6E18
6E19
6E19
6E1A
6E1A
6E1B
6E1C
6E1C
6E1D
6E1D
6E1E
6E1F
6E1F
6E20
6E20
6E21
6E21
6E22
6E23
6E23
6E24
6E24
6E25
6E26
6E26
6E27
6E27
6E28
6E28
6E29
6E2A
6E2A
6E2B
6E2B
6E2C
6E2C
6E2D
6E2E
6E2E
6E2F
6E2F
6E30
6E31
6E31
6E32
6E32
6E33
6E33
6E34
6E35
6E35
6E36
6E36
6E37
6E38
6E38
6E39
6E39
6E3A
6E3A
6E3B
6E3C
6E3C
6E3D
6E3D
6E3E
6E3E
6E3F
6E40
6E40
6E41
6E41
6E42
6E43
6E43
6E44
6E44
6E45
6E45
6E46
6E47
6E47
6E48
6E48
6E49
6E4A
6E4A
6E4B
6E4B
6E4C
6E4C
6E4D
6E4E
6E4E
6E4F
6E4F
6E50
6E50
6E51
6E52
6E52
6E53
6E53
6E54
6E55
6E55
6E56
6E56
6E57
6E57
6E58
6E59
6E59
6E5A
6E5A
6E5B
6E5B
6E5C
6E5D
6E5D
6E5E
6E5E
6E5F
6E60
6E60
6E61
6E61
6E62
6E62
6E63
6E64
6E64
6E65
6E65
6E66
6E67
6E67
6E68
6E68
6E69
6E69
6E6A
6E6B
6E6B
6E6C
6E6C
6E6D
6E6D
6E6E
6E6F
6E6F
6E70
6E70
6E71
6E72
6E72
6E73
6E73
6E74
6E74
6E75
6E76
6E76
6E77
6E77
6E78
6E78
6E79
6E7A
6E7A
6E7B
6E7B
6E7C
6E7D
6E7D
6E7E
6E7E
6E7F
6E7F
6E80
6E81
6E81
6E82
6E82
6E83
6E83
6E84
6E85
6E85
6E86
6E86
6E87
6E88
6E88
6E89
6E89
6E8A
6E8A
6E8B
6E8C
6E8C
6E8D
6E8D
6E8E
6E8E
6E8F
6E90
6E90
6E91
6E91
6E92
6E93
6E93
6E94
6E94
6E95
6E95
6E96
6E97
6E97
6E98
6E98
6E99
6E99
6E9A
6E9B
6E9B
6E9C
6E9C
6E9D
6E9E
6E9E
6E9F
6E9F
6EA0
6EA0
6EA1
6EA2
6EA2
6EA3
6EA3
6EA4
6EA4
6EA5
6EA6
6EA6
6EA7
6EA7
6EA8
6EA9
6EA9
6EAA
6EAA
6EAB
6EAB
6EAC
6EAD
6EAD
6EAE
6EAE
6EAF
6EAF
6EB0
6EB1
6EB1
6EB2
6EB2
6EB3
6EB4
6EB4
6EB5
6EB5
6EB6
6EB6
6EB7
6EB8
6EB8
6EB9
6EB9
6EBA
6EBA
6EBB
6EBC
6EBC
6EBD
6EBD
6EBE
6EBE
6EBF
6EC0
6EC0
6EC1
6EC1
6EC2
6EC3
6EC3
6EC4
6EC4
6EC5
6EC5
6EC6
6EC7
6EC7
6EC8
6EC8
6EC9
6EC9
6ECA
6ECB
6ECB
6ECC
6ECC
6ECD
6ECE
6ECE
6ECF
6ECF
6ED0
6ED0
6ED1
6ED2
6ED2
6ED3
6ED3
6ED4
6ED4
6ED5
6ED6
6ED6
6ED7
6ED7
6ED8
6ED8
6ED9
6EDA
6EDA
6EDB
6EDB
6EDC
6EDD
6EDD
6EDE
6EDE
6EDF
6EDF
6EE0
6EE1
6EE1
6EE2
6EE2
6EE3
6EE3
6EE4
6EE5
6EE5
6EE6
6EE6
6EE7
6EE7
6EE8
6EE9
6EE9
6EEA
6EEA
6EEB
6EEC
6EEC
6EED
6EED
6EEE
6EEE
6EEF
6EF0
6EF0
6EF1
6EF1
6EF2
6EF2
6EF3
6EF4
6EF4
6EF5
6EF5
6EF6
6EF6
6EF7
6EF8
6EF8
6EF9
6EF9
6EFA
6EFB
6EFB
6EFC
6EFC
6EFD
6EFD
6EFE
6EFF
6EFF
6F00
6F00
6F01
6F01
6F02
6F03
6F03
6F04
6F04
6F05
6F05
6F06
6F07
6F07
6F08
6F08
6F09
6F0A
6F0A
6F0B
6F0B
6F0C
6F0C
6F0D
6F0E
6F0E
6F0F
6F0F
6F10
6F10
6F11
6F12
6F12
6F13
6F13
6F14
6F14
6F15
6F16
6F16
6F17
6F17
6F18
6F18
6F19
6F1A
6F1A
6F1B
6F1B
6F1C
6F1D
6F1D
6F1E
6F1E
6F1F
6F1F
6F20
6F21
6F21
6F22
6F22
6F23
6F23
6F24
6F25
6F25
6F26
6F26
6F27
6F27
6F28
6F29
6F29
6F2A
6F2A
6F2B
6F2B
6F2C
6F2D
6F2D
6F2E
6F2E
6F2F
6F30
6F30
6F31
6F31
6F32
6F32
6F33
6F34
6F34
6F35
6F35
6F36
6F36
6F37
6F38
6F38
6F39
6F39
6F3A
6F3A
6F3B
6F3C
6F3C
6F3D
6F3D
6F3E
6F3E
6F3F
6F40
6F40
6F41
6F41
6F42
6F43
6F43
6F44
6F44
6F45
6F45
6F46
6F47
6F47
6F48
6F48
6F49
6F49
6F4A
6F4B
6F4B
6F4C
6F4C
6F4D
6F4D
6F4E
6F4F
6F4F
6F50
6F50
6F51
6F51
6F52
6F53
6F53
6F54
6F54
6F55
6F55
6F56
6F57
6F57
6F58
6F58
6F59
6F5A
6F5A
6F5B
6F5B
6F5C
6F5C
6F5D
6F5E
6F5E
6F5F
6F5F
6F60
6F60
6F61
6F62
6F62
6F63
6F63
6F64
6F64
6F65
6F66
6F66
6F67
6F67
6F68
6F68
6F69
6F6A
6F6A
6F6B
6F6B
6F6C
6F6C
6F6D
6F6E
6F6E
6F6F
6F6F
6F70
6F70
6F71
6F72
6F72
6F73
6F73
6F74
6F75
6F75
6F76
6F76
6F77
6F77
6F78
6F79
6F79
6F7A
6F7A
6F7B
6F7B
6F7C
6F7D
6F7D
6F7E
6F7E
6F7F
6F7F
6F80
6F81
6F81
6F82
6F82
6F83
6F83
6F84
6F85
6F85
6F86
6F86
6F87
6F87
6F88
6F89
6F89
6F8A
6F8A
6F8B
6F8B
6F8C
6F8D
6F8D
6F8E
6F8E
6F8F
6F8F
6F90
6F91
6F91
6F92
6F92
6F93
6F94
6F94
6F95
6F95
6F96
6F96
6F97
6F98
6F98
6F99
6F99
6F9A
6F9A
6F9B
6F9C
6F9C
6F9D
6F9D
6F9E
6F9E
6F9F
6FA0
6FA0
6FA1
6FA1
6FA2
6FA2
6FA3
6FA4
6FA4
6FA5
6FA5
6FA6
6FA6
6FA7
6FA8
6FA8
6FA9
6FA9
6FAA
6FAA
6FAB
6FAC
6FAC
6FAD
6FAD
6FAE
6FAE
6FAF
6FB0
6FB0
6FB1
6FB1
6FB2
6FB2
6FB3
6FB4
6FB4
6FB5
6FB5
6FB6
6FB6
6FB7
6FB8
6FB8
6FB9
6FB9
6FBA
6FBA
6FBB
6FBC
6FBC
6FBD
6FBD
6FBE
6FBE
6FBF
6FC0
6FC0
6FC1
6FC1
6FC2
6FC3
6FC3
6FC4
6FC4
6FC5
6FC5
6FC6
6FC7
6FC7
6FC8
6FC8
6FC9
6FC9
6FCA
6FCB
6FCB
6FCC
6FCC
6FCD
6FCD
6FCE
6FCF
6FCF
6FD0
6FD0
6FD1
6FD1
6FD2
6FD3
6FD3
6FD4
6FD4
6FD5
6FD5
6FD6
6FD7
6FD7
6FD8
6FD8
6FD9
6FD9
6FDA
6FDB
6FDB
6FDC
6FDC
6FDD
6FDD
6FDE
6FDF
6FDF
6FE0
6FE0
6FE1
6FE1
6FE2
6FE3
6FE3
6FE4
6FE4
6FE5
6FE5
6FE6
6FE7
6FE7
6FE8
6FE8
6FE9
6FE9
6FEA
6FEB
6FEB
6FEC
6FEC
6FED
6FED
6FEE
6FEF
6FEF
6FF0
6FF0
6FF1
6FF1
6FF2
6FF3
6FF3
6FF4
6FF4
6FF5
6FF5
6FF6
6FF7
6FF7
6FF8
6FF8
6FF9
6FF9
6FFA
6FFB
6FFB
6FFC
6FFC
6FFD
6FFD
6FFE
6FFF
6FFF
7000
7000
7001
7001
7002
7003
7003
7004
7004
7005
7005
7006
7007
7007
7008
7008
7009
7009
700A
700B
700B
700C
700C
700D
700D
700E
700F
700F
7010
7010
7011
7011
7012
7013
7013
7014
7014
7015
7015
7016
7017
7017
7018
7018
7019
7019
701A
701B
701B
701C
701C
701D
701D
701E
701F
701F
7020
7020
7021
7021
7022
7023
7023
7024
7024
7025
7025
7026
7027
7027
7028
7028
7029
7029
702A
702B
702B
702C
702C
702D
702D
702E
702F
702F
7030
7030
7031
7031
7032
7033
7033
7034
7034
7035
7035
7036
7037
7037
7038
7038
7039
7039
703A
703B
703B
703C
703C
703D
703D
703E
703F
703F
7040
7040
7041
7041
7042
7042
7043
7044
7044
7045
7045
7046
7046
7047
7048
7048
7049
7049
704A
704A
704B
704C
704C
704D
704D
704E
704E
704F
7050
7050
7051
7051
7052
7052
7053
7054
7054
7055
7055
7056
7056
7057
7058
7058
7059
7059
705A
705A
705B
705C
705C
705D
705D
705E
705E
705F
7060
7060
7061
7061
7062
7062
7063
7064
7064
7065
7065
7066
7066
7067
7068
7068
7069
7069
706A
706A
706B
706C
706C
706D
706D
706E
706E
706F
706F
7070
7071
7071
7072
7072
7073
7073
7074
7075
7075
7076
7076
7077
7077
7078
7079
7079
707A
707A
707B
707B
707C
707D
707D
707E
707E
707F
707F
7080
7081
7081
7082
7082
7083
7083
7084
7085
7085
7086
7086
7087
7087
7088
7089
7089
708A
708A
708B
708B
708C
708D
708D
708E
708E
708F
708F
7090
7090
7091
7092
7092
7093
7093
7094
7094
7095
7096
7096
7097
7097
7098
7098
7099
709A
709A
709B
709B
709C
709C
709D
709E
709E
709F
709F
70A0
70A0
70A1
70A2
70A2
70A3
70A3
70A4
70A4
70A5
70A6
70A6
70A7
70A7
70A8
70A8
70A9
70A9
70AA
70AB
70AB
70AC
70AC
70AD
70AD
70AE
70AF
70AF
70B0
70B0
70B1
70B1
70B2
70B3
70B3
70B4
70B4
70B5
70B5
70B6
70B7
70B7
70B8
70B8
70B9
70B9
70BA
70BB
70BB
70BC
70BC
70BD
70BD
70BE
70BF
70BF
70C0
70C0
70C1
70C1
70C2
70C2
70C3
70C4
70C4
70C5
70C5
70C6
70C6
70C7
70C8
70C8
70C9
70C9
70CA
70CA
70CB
70CC
70CC
70CD
70CD
70CE
70CE
70CF
70D0
70D0
70D1
70D1
70D2
70D2
70D3
70D4
70D4
70D5
70D5
70D6
70D6
70D7
70D7
70D8
70D9
70D9
70DA
70DA
70DB
70DB
70DC
70DD
70DD
70DE
70DE
70DF
70DF
70E0
70E1
70E1
70E2
70E2
70E3
70E3
70E4
70E5
70E5
70E6
70E6
70E7
70E7
70E8
70E8
70E9
70EA
70EA
70EB
70EB
70EC
70EC
70ED
70EE
70EE
70EF
70EF
70F0
70F0
70F1
70F2
70F2
70F3
70F3
70F4
70F4
70F5
70F6
70F6
70F7
70F7
70F8
70F8
70F9
70F9
70FA
70FB
70FB
70FC
70FC
70FD
70FD
70FE
70FF
70FF
7100
7100
7101
7101
7102
7103
7103
7104
7104
7105
7105
7106
7107
7107
7108
7108
7109
7109
710A
710A
710B
710C
710C
710D
710D
710E
710E
710F
7110
7110
7111
7111
7112
7112
7113
7114
7114
7115
7115
7116
7116
7117
7117
7118
7119
7119
711A
711A
711B
711B
711C
711D
711D
711E
711E
711F
711F
7120
7121
7121
7122
7122
7123
7123
7124
7125
7125
7126
7126
7127
7127
7128
7128
7129
712A
712A
712B
712B
712C
712C
712D
712E
712E
712F
712F
7130
7130
7131
7132
7132
7133
7133
7134
7134
7135
7135
7136
7137
7137
7138
7138
7139
7139
713A
713B
713B
713C
713C
713D
713D
713E
713F
713F
7140
7140
7141
7141
7142
7142
7143
7144
7144
7145
7145
7146
7146
7147
7148
7148
7149
7149
714A
714A
714B
714C
714C
714D
714D
714E
714E
714F
714F
7150
7151
7151
7152
7152
7153
7153
7154
7155
7155
7156
7156
7157
7157
7158
7159
7159
715A
715A
715B
715B
715C
715C
715D
715E
715E
715F
715F
7160
7160
7161
7162
7162
7163
7163
7164
7164
7165
7165
7166
7167
7167
7168
7168
7169
7169
716A
716B
716B
716C
716C
716D
716D
716E
716F
716F
7170
7170
7171
7171
7172
7172
7173
7174
7174
7175
7175
7176
7176
7177
7178
7178
7179
7179
717A
717A
717B
717B
717C
717D
717D
717E
717E
717F
717F
7180
7181
7181
7182
7182
7183
7183
7184
7185
7185
7186
7186
7187
7187
7188
7188
7189
718A
718A
718B
718B
718C
718C
718D
718E
718E
718F
718F
7190
7190
7191
7191
7192
7193
7193
7194
7194
7195
7195
7196
7197
7197
7198
7198
7199
7199
719A
719A
719B
719C
719C
719D
719D
719E
719E
719F
71A0
71A0
71A1
71A1
71A2
71A2
71A3
71A4
71A4
71A5
71A5
71A6
71A6
71A7
71A7
71A8
71A9
71A9
71AA
71AA
71AB
71AB
71AC
71AD
71AD
71AE
71AE
71AF
71AF
71B0
71B0
71B1
71B2
71B2
71B3
71B3
71B4
71B4
71B5
71B6
71B6
71B7
71B7
71B8
71B8
71B9
71B9
71BA
71BB
71BB
71BC
71BC
71BD
71BD
71BE
71BF
71BF
71C0
71C0
71C1
71C1
71C2
71C2
71C3
71C4
71C4
71C5
71C5
71C6
71C6
71C7
71C8
71C8
71C9
71C9
71CA
71CA
71CB
71CB
71CC
71CD
71CD
71CE
71CE
71CF
71CF
71D0
71D1
71D1
71D2
71D2
71D3
71D3
71D4
71D4
71D5
71D6
71D6
71D7
71D7
71D8
71D8
71D9
71DA
71DA
71DB
71DB
71DC
71DC
71DD
71DD
71DE
71DF
71DF
71E0
71E0
71E1
71E1
71E2
71E3
71E3
71E4
71E4
71E5
71E5
71E6
71E6
71E7
71E8
71E8
71E9
71E9
71EA
71EA
71EB
71EC
71EC
71ED
71ED
71EE
71EE
71EF
71EF
71F0
71F1
71F1
71F2
71F2
71F3
71F3
71F4
71F4
71F5
71F6
71F6
71F7
71F7
71F8
71F8
71F9
71FA
71FA
71FB
71FB
71FC
71FC
71FD
71FD
71FE
71FF
71FF
7200
7200
7201
7201
7202
7203
7203
7204
7204
7205
7205
7206
7206
7207
7208
7208
7209
7209
720A
720A
720B
720C
720C
720D
720D
720E
720E
720F
720F
7210
7211
7211
7212
7212
7213
7213
7214
7214
7215
7216
7216
7217
7217
7218
7218
7219
721A
721A
721B
721B
721C
721C
721D
721D
721E
721F
721F
7220
7220
7221
7221
7222
7223
7223
7224
7224
7225
7225
7226
7226
7227
7228
7228
7229
7229
722A
722A
722B
722B
722C
722D
722D
722E
722E
722F
722F
7230
7231
7231
7232
7232
7233
7233
7234
7234
7235
7236
7236
7237
7237
7238
7238
7239
7239
723A
723B
723B
723C
723C
723D
723D
723E
723F
723F
7240
7240
7241
7241
7242
7242
7243
7244
7244
7245
7245
7246
7246
7247
7247
7248
7249
7249
724A
724A
724B
724B
724C
724D
724D
724E
724E
724F
724F
7250
7250
7251
7252
7252
7253
7253
7254
7254
7255
7255
7256
7257
7257
7258
7258
7259
7259
725A
725B
725B
725C
725C
725D
725D
725E
725E
725F
7260
7260
7261
7261
7262
7262
7263
7263
7264
7265
7265
7266
7266
7267
7267
7268
7269
7269
726A
726A
726B
726B
726C
726C
726D
726E
726E
726F
726F
7270
7270
7271
7271
7272
7273
7273
7274
7274
7275
7275
7276
7276
7277
7278
7278
7279
7279
727A
727A
727B
727C
727C
727D
727D
727E
727E
727F
727F
7280
7281
7281
7282
7282
7283
7283
7284
7284
7285
7286
7286
7287
7287
7288
7288
7289
728A
728A
728B
728B
728C
728C
728D
728D
728E
728F
728F
7290
7290
7291
7291
7292
7292
7293
7294
7294
7295
7295
7296
7296
7297
7297
7298
7299
7299
729A
729A
729B
729B
729C
729C
729D
729E
729E
729F
729F
72A0
72A0
72A1
72A2
72A2
72A3
72A3
72A4
72A4
72A5
72A5
72A6
72A7
72A7
72A8
72A8
72A9
72A9
72AA
72AA
72AB
72AC
72AC
72AD
72AD
72AE
72AE
72AF
72AF
72B0
72B1
72B1
72B2
72B2
72B3
72B3
72B4
72B4
72B5
72B6
72B6
72B7
72B7
72B8
72B8
72B9
72BA
72BA
72BB
72BB
72BC
72BC
72BD
72BD
72BE
72BF
72BF
72C0
72C0
72C1
72C1
72C2
72C2
72C3
72C4
72C4
72C5
72C5
72C6
72C6
72C7
72C7
72C8
72C9
72C9
72CA
72CA
72CB
72CB
72CC
72CC
72CD
72CE
72CE
72CF
72CF
72D0
72D0
72D1
72D1
72D2
72D3
72D3
72D4
72D4
72D5
72D5
72D6
72D7
72D7
72D8
72D8
72D9
72D9
72DA
72DA
72DB
72DC
72DC
72DD
72DD
72DE
72DE
72DF
72DF
72E0
72E1
72E1
72E2
72E2
72E3
72E3
72E4
72E4
72E5
72E6
72E6
72E7
72E7
72E8
72E8
72E9
72E9
72EA
72EB
72EB
72EC
72EC
72ED
72ED
72EE
72EE
72EF
72F0
72F0
72F1
72F1
72F2
72F2
72F3
72F3
72F4
72F5
72F5
72F6
72F6
72F7
72F7
72F8
72F8
72F9
72FA
72FA
72FB
72FB
72FC
72FC
72FD
72FD
72FE
72FF
72FF
7300
7300
7301
7301
7302
7303
7303
7304
7304
7305
7305
7306
7306
7307
7308
7308
7309
7309
730A
730A
730B
730B
730C
730D
730D
730E
730E
730F
730F
7310
7310
7311
7312
7312
7313
7313
7314
7314
7315
7315
7316
7317
7317
7318
7318
7319
7319
731A
731A
731B
731C
731C
731D
731D
731E
731E
731F
731F
7320
7321
7321
7322
7322
7323
7323
7324
7324
7325
7326
7326
7327
7327
7328
7328
7329
7329
732A
732B
732B
732C
732C
732D
732D
732E
732E
732F
7330
7330
7331
7331
7332
7332
7333
7333
7334
7335
7335
7336
7336
7337
7337
7338
7338
7339
733A
733A
733B
733B
733C
733C
733D
733D
733E
733F
733F
7340
7340
7341
7341
7342
7342
7343
7344
7344
7345
7345
7346
7346
7347
7347
7348
7349
7349
734A
734A
734B
734B
734C
734C
734D
734E
734E
734F
734F
7350
7350
7351
7351
7352
7353
7353
7354
7354
7355
7355
7356
7356
7357
7358
7358
7359
7359
735A
735A
735B
735B
735C
735D
735D
735E
735E
735F
735F
7360
7360
7361
7362
7362
7363
7363
7364
7364
7365
7365
7366
7366
7367
7368
7368
7369
7369
736A
736A
736B
736B
736C
736D
736D
736E
736E
736F
736F
7370
7370
7371
7372
7372
7373
7373
7374
7374
7375
7375
7376
7377
7377
7378
7378
7379
7379
737A
737A
737B
737C
737C
737D
737D
737E
737E
737F
737F
7380
7381
7381
7382
7382
7383
7383
7384
7384
7385
7386
7386
7387
7387
7388
7388
7389
7389
738A
738B
738B
738C
738C
738D
738D
738E
738E
738F
7390
7390
7391
7391
7392
7392
7393
7393
7394
7394
7395
7396
7396
7397
7397
7398
7398
7399
7399
739A
739B
739B
739C
739C
739D
739D
739E
739E
739F
73A0
73A0
73A1
73A1
73A2
73A2
73A3
73A3
73A4
73A5
73A5
73A6
73A6
73A7
73A7
73A8
73A8
73A9
73AA
73AA
73AB
73AB
73AC
73AC
73AD
73AD
73AE
73AF
73AF
73B0
73B0
73B1
73B1
73B2
73B2
73B3
73B3
73B4
73B5
73B5
73B6
73B6
73B7
73B7
73B8
73B8
73B9
73BA
73BA
73BB
73BB
73BC
73BC
73BD
73BD
73BE
73BF
73BF
73C0
73C0
73C1
73C1
73C2
73C2
73C3
73C4
73C4
73C5
73C5
73C6
73C6
73C7
73C7
73C8
73C8
73C9
73CA
73CA
73CB
73CB
73CC
73CC
73CD
73CD
73CE
73CF
73CF
73D0
73D0
73D1
73D1
73D2
73D2
73D3
73D4
73D4
73D5
73D5
73D6
73D6
73D7
73D7
73D8
73D9
73D9
73DA
73DA
73DB
73DB
73DC
73DC
73DD
73DD
73DE
73DF
73DF
73E0
73E0
73E1
73E1
73E2
73E2
73E3
73E4
73E4
73E5
73E5
73E6
73E6
73E7
73E7
73E8
73E9
73E9
73EA
73EA
73EB
73EB
73EC
73EC
73ED
73EE
73EE
73EF
73EF
73F0
73F0
73F1
73F1
73F2
73F2
73F3
73F4
73F4
73F5
73F5
73F6
73F6
73F7
73F7
73F8
73F9
73F9
73FA
73FA
73FB
73FB
73FC
73FC
73FD
73FE
73FE
73FF
73FF
7400
7400
7401
7401
7402
7402
7403
7404
7404
7405
7405
7406
7406
7407
7407
7408
7409
7409
740A
740A
740B
740B
740C
740C
740D
740E
740E
740F
740F
7410
7410
7411
7411
7412
7412
7413
7414
7414
7415
7415
7416
7416
7417
7417
7418
7419
7419
741A
741A
741B
741B
741C
741C
741D
741E
741E
741F
741F
7420
7420
7421
7421
7422
7422
7423
7424
7424
7425
7425
7426
7426
7427
7427
7428
7429
7429
742A
742A
742B
742B
742C
742C
742D
742D
742E
742F
742F
7430
7430
7431
7431
7432
7432
7433
7434
7434
7435
7435
7436
7436
7437
7437
7438
7438
7439
743A
743A
743B
743B
743C
743C
743D
743D
743E
743F
743F
7440
7440
7441
7441
7442
7442
7443
7444
7444
7445
7445
7446
7446
7447
7447
7448
7448
7449
744A
744A
744B
744B
744C
744C
744D
744D
744E
744F
744F
7450
7450
7451
7451
7452
7452
7453
7453
7454
7455
7455
7456
7456
7457
7457
7458
7458
7459
745A
745A
745B
745B
745C
745C
745D
745D
745E
745E
745F
7460
7460
7461
7461
7462
7462
7463
7463
7464
7465
7465
7466
7466
7467
7467
7468
7468
7469
7469
746A
746B
746B
746C
746C
746D
746D
746E
746E
746F
7470
7470
7471
7471
7472
7472
7473
7473
7474
7474
7475
7476
7476
7477
7477
7478
7478
7479
7479
747A
747B
747B
747C
747C
747D
747D
747E
747E
747F
747F
7480
7481
7481
7482
7482
7483
7483
7484
7484
7485
7485
7486
7487
7487
7488
7488
7489
7489
748A
748A
748B
748C
748C
748D
748D
748E
748E
748F
748F
7490
7490
7491
7492
7492
7493
7493
7494
7494
7495
7495
7496
7497
7497
7498
7498
7499
7499
749A
749A
749B
749B
749C
749D
749D
749E
749E
749F
749F
74A0
74A0
74A1
74A1
74A2
74A3
74A3
74A4
74A4
74A5
74A5
74A6
74A6
74A7
74A8
74A8
74A9
74A9
74AA
74AA
74AB
74AB
74AC
74AC
74AD
74AE
74AE
74AF
74AF
74B0
74B0
74B1
74B1
74B2
74B2
74B3
74B4
74B4
74B5
74B5
74B6
74B6
74B7
74B7
74B8
74B9
74B9
74BA
74BA
74BB
74BB
74BC
74BC
74BD
74BD
74BE
74BF
74BF
74C0
74C0
74C1
74C1
74C2
74C2
74C3
74C3
74C4
74C5
74C5
74C6
74C6
74C7
74C7
74C8
74C8
74C9
74CA
74CA
74CB
74CB
74CC
74CC
74CD
74CD
74CE
74CE
74CF
74D0
74D0
74D1
74D1
74D2
74D2
74D3
74D3
74D4
74D4
74D5
74D6
74D6
74D7
74D7
74D8
74D8
74D9
74D9
74DA
74DB
74DB
74DC
74DC
74DD
74DD
74DE
74DE
74DF
74DF
74E0
74E1
74E1
74E2
74E2
74E3
74E3
74E4
74E4
74E5
74E5
74E6
74E7
74E7
74E8
74E8
74E9
74E9
74EA
74EA
74EB
74EB
74EC
74ED
74ED
74EE
74EE
74EF
74EF
74F0
74F0
74F1
74F2
74F2
74F3
74F3
74F4
74F4
74F5
74F5
74F6
74F6
74F7
74F8
74F8
74F9
74F9
74FA
74FA
74FB
74FB
74FC
74FC
74FD
74FE
74FE
74FF
74FF
7500
7500
7501
7501
7502
7502
7503
7504
7504
7505
7505
7506
7506
7507
7507
7508
7508
7509
750A
750A
750B
750B
750C
750C
750D
750D
750E
750E
750F
7510
7510
7511
7511
7512
7512
7513
7513
7514
7515
7515
7516
7516
7517
7517
7518
7518
7519
7519
751A
751B
751B
751C
751C
751D
751D
751E
751E
751F
751F
7520
7521
7521
7522
7522
7523
7523
7524
7524
7525
7525
7526
7527
7527
7528
7528
7529
7529
752A
752A
752B
752B
752C
752D
752D
752E
752E
752F
752F
7530
7530
7531
7531
7532
7533
7533
7534
7534
7535
7535
7536
7536
7537
7537
7538
7539
7539
753A
753A
753B
753B
753C
753C
753D
753D
753E
753F
753F
7540
7540
7541
7541
7542
7542
7543
7543
7544
7545
7545
7546
7546
7547
7547
7548
7548
7549
7549
754A
754B
754B
754C
754C
754D
754D
754E
754E
754F
754F
7550
7551
7551
7552
7552
7553
7553
7554
7554
7555
7555
7556
7557
7557
7558
7558
7559
7559
755A
755A
755B
755B
755C
755D
755D
755E
755E
755F
755F
7560
7560
7561
7561
7562
7563
7563
7564
7564
7565
7565
7566
7566
7567
7567
7568
7569
7569
756A
756A
756B
756B
756C
756C
756D
756D
756E
756F
756F
7570
7570
7571
7571
7572
7572
7573
7573
7574
7575
7575
7576
7576
7577
7577
7578
7578
7579
7579
757A
757B
757B
757C
757C
757D
757D
757E
757E
757F
757F
7580
7581
7581
7582
7582
7583
7583
7584
7584
7585
7585
7586
7587
7587
7588
7588
7589
7589
758A
758A
758B
758B
758C
758D
758D
758E
758E
758F
758F
7590
7590
7591
7591
7592
7593
7593
7594
7594
7595
7595
7596
7596
7597
7597
7598
7599
7599
759A
759A
759B
759B
759C
759C
759D
759D
759E
759E
759F
75A0
75A0
75A1
75A1
75A2
75A2
75A3
75A3
75A4
75A4
75A5
75A6
75A6
75A7
75A7
75A8
75A8
75A9
75A9
75AA
75AA
75AB
75AC
75AC
75AD
75AD
75AE
75AE
75AF
75AF
75B0
75B0
75B1
75B2
75B2
75B3
75B3
75B4
75B4
75B5
75B5
75B6
75B6
75B7
75B8
75B8
75B9
75B9
75BA
75BA
75BB
75BB
75BC
75BC
75BD
75BD
75BE
75BF
75BF
75C0
75C0
75C1
75C1
75C2
75C2
75C3
75C3
75C4
75C5
75C5
75C6
75C6
75C7
75C7
75C8
75C8
75C9
75C9
75CA
75CB
75CB
75CC
75CC
75CD
75CD
75CE
75CE
75CF
75CF
75D0
75D1
75D1
75D2
75D2
75D3
75D3
75D4
75D4
75D5
75D5
75D6
75D6
75D7
75D8
75D8
75D9
75D9
75DA
75DA
75DB
75DB
75DC
75DC
75DD
75DE
75DE
75DF
75DF
75E0
75E0
75E1
75E1
75E2
75E2
75E3
75E4
75E4
75E5
75E5
75E6
75E6
75E7
75E7
75E8
75E8
75E9
75E9
75EA
75EB
75EB
75EC
75EC
75ED
75ED
75EE
75EE
75EF
75EF
75F0
75F1
75F1
75F2
75F2
75F3
75F3
75F4
75F4
75F5
75F5
75F6
75F7
75F7
75F8
75F8
75F9
75F9
75FA
75FA
75FB
75FB
75FC
75FC
75FD
75FE
75FE
75FF
75FF
7600
7600
7601
7601
7602
7602
7603
7604
7604
7605
7605
7606
7606
7607
7607
7608
7608
7609
7609
760A
760B
760B
760C
760C
760D
760D
760E
760E
760F
760F
7610
7611
7611
7612
7612
7613
7613
7614
7614
7615
7615
7616
7617
7617
7618
7618
7619
7619
761A
761A
761B
761B
761C
761C
761D
761E
761E
761F
761F
7620
7620
7621
7621
7622
7622
7623
7624
7624
7625
7625
7626
7626
7627
7627
7628
7628
7629
7629
762A
762B
762B
762C
762C
762D
762D
762E
762E
762F
762F
7630
7631
7631
7632
7632
7633
7633
7634
7634
7635
7635
7636
7636
7637
7638
7638
7639
7639
763A
763A
763B
763B
763C
763C
763D
763D
763E
763F
763F
7640
7640
7641
7641
7642
7642
7643
7643
7644
7645
7645
7646
7646
7647
7647
7648
7648
7649
7649
764A
764A
764B
764C
764C
764D
764D
764E
764E
764F
764F
7650
7650
7651
7652
7652
7653
7653
7654
7654
7655
7655
7656
7656
7657
7657
7658
7659
7659
765A
765A
765B
765B
765C
765C
765D
765D
765E
765E
765F
7660
7660
7661
7661
7662
7662
7663
7663
7664
7664
7665
7666
7666
7667
7667
7668
7668
7669
7669
766A
766A
766B
766B
766C
766D
766D
766E
766E
766F
766F
7670
7670
7671
7671
7672
7672
7673
7674
7674
7675
7675
7676
7676
7677
7677
7678
7678
7679
767A
767A
767B
767B
767C
767C
767D
767D
767E
767E
767F
767F
7680
7681
7681
7682
7682
7683
7683
7684
7684
7685
7685
7686
7686
7687
7688
7688
7689
7689
768A
768A
768B
768B
768C
768C
768D
768D
768E
768F
768F
7690
7690
7691
7691
7692
7692
7693
7693
7694
7695
7695
7696
7696
7697
7697
7698
7698
7699
7699
769A
769A
769B
769C
769C
769D
769D
769E
769E
769F
769F
76A0
76A0
76A1
76A1
76A2
76A3
76A3
76A4
76A4
76A5
76A5
76A6
76A6
76A7
76A7
76A8
76A8
76A9
76AA
76AA
76AB
76AB
76AC
76AC
76AD
76AD
76AE
76AE
76AF
76AF
76B0
76B1
76B1
76B2
76B2
76B3
76B3
76B4
76B4
76B5
76B5
76B6
76B6
76B7
76B8
76B8
76B9
76B9
76BA
76BA
76BB
76BB
76BC
76BC
76BD
76BE
76BE
76BF
76BF
76C0
76C0
76C1
76C1
76C2
76C2
76C3
76C3
76C4
76C5
76C5
76C6
76C6
76C7
76C7
76C8
76C8
76C9
76C9
76CA
76CA
76CB
76CC
76CC
76CD
76CD
76CE
76CE
76CF
76CF
76D0
76D0
76D1
76D1
76D2
76D3
76D3
76D4
76D4
76D5
76D5
76D6
76D6
76D7
76D7
76D8
76D8
76D9
76DA
76DA
76DB
76DB
76DC
76DC
76DD
76DD
76DE
76DE
76DF
76DF
76E0
76E1
76E1
76E2
76E2
76E3
76E3
76E4
76E4
76E5
76E5
76E6
76E6
76E7
76E8
76E8
76E9
76E9
76EA
76EA
76EB
76EB
76EC
76EC
76ED
76ED
76EE
76EF
76EF
76F0
76F0
76F1
76F1
76F2
76F2
76F3
76F3
76F4
76F4
76F5
76F6
76F6
76F7
76F7
76F8
76F8
76F9
76F9
76FA
76FA
76FB
76FB
76FC
76FD
76FD
76FE
76FE
76FF
76FF
7700
7700
7701
7701
7702
7702
7703
7703
7704
7705
7705
7706
7706
7707
7707
7708
7708
7709
7709
770A
770A
770B
770C
770C
770D
770D
770E
770E
770F
770F
7710
7710
7711
7711
7712
7713
7713
7714
7714
7715
7715
7716
7716
7717
7717
7718
7718
7719
771A
771A
771B
771B
771C
771C
771D
771D
771E
771E
771F
771F
7720
7721
7721
7722
7722
7723
7723
7724
7724
7725
7725
7726
7726
7727
7728
7728
7729
7729
772A
772A
772B
772B
772C
772C
772D
772D
772E
772E
772F
7730
7730
7731
7731
7732
7732
7733
7733
7734
7734
7735
7735
7736
7737
7737
7738
7738
7739
7739
773A
773A
773B
773B
773C
773C
773D
773E
773E
773F
773F
7740
7740
7741
7741
7742
7742
7743
7743
7744
7744
7745
7746
7746
7747
7747
7748
7748
7749
7749
774A
774A
774B
774B
774C
774D
774D
774E
774E
774F
774F
7750
7750
7751
7751
7752
7752
7753
7754
7754
7755
7755
7756
7756
7757
7757
7758
7758
7759
7759
775A
775A
775B
775C
775C
775D
775D
775E
775E
775F
775F
7760
7760
7761
7761
7762
7763
7763
7764
7764
7765
7765
7766
7766
7767
7767
7768
7768
7769
7769
776A
776B
776B
776C
776C
776D
776D
776E
776E
776F
776F
7770
7770
7771
7772
7772
7773
7773
7774
7774
7775
7775
7776
7776
7777
7777
7778
7779
7779
777A
777A
777B
777B
777C
777C
777D
777D
777E
777E
777F
777F
7780
7781
7781
7782
7782
7783
7783
7784
7784
7785
7785
7786
7786
7787
7787
7788
7789
7789
778A
778A
778B
778B
778C
778C
778D
778D
778E
778E
778F
7790
7790
7791
7791
7792
7792
7793
7793
7794
7794
7795
7795
7796
7796
7797
7798
7798
7799
7799
779A
779A
779B
779B
779C
779C
779D
779D
779E
779F
779F
77A0
77A0
77A1
77A1
77A2
77A2
77A3
77A3
77A4
77A4
77A5
77A5
77A6
77A7
77A7
77A8
77A8
77A9
77A9
77AA
77AA
77AB
77AB
77AC
77AC
77AD
77AD
77AE
77AF
77AF
77B0
77B0
77B1
77B1
77B2
77B2
77B3
77B3
77B4
77B4
77B5
77B6
77B6
77B7
77B7
77B8
77B8
77B9
77B9
77BA
77BA
77BB
77BB
77BC
77BC
77BD
77BE
77BE
77BF
77BF
77C0
77C0
77C1
77C1
77C2
77C2
77C3
77C3
77C4
77C4
77C5
77C6
77C6
77C7
77C7
77C8
77C8
77C9
77C9
77CA
77CA
77CB
77CB
77CC
77CC
77CD
77CE
77CE
77CF
77CF
77D0
77D0
77D1
77D1
77D2
77D2
77D3
77D3
77D4
77D5
77D5
77D6
77D6
77D7
77D7
77D8
77D8
77D9
77D9
77DA
77DA
77DB
77DB
77DC
77DD
77DD
77DE
77DE
77DF
77DF
77E0
77E0
77E1
77E1
77E2
77E2
77E3
77E3
77E4
77E5
77E5
77E6
77E6
77E7
77E7
77E8
77E8
77E9
77E9
77EA
77EA
77EB
77EB
77EC
77ED
77ED
77EE
77EE
77EF
77EF
77F0
77F0
77F1
77F1
77F2
77F2
77F3
77F3
77F4
77F5
77F5
77F6
77F6
77F7
77F7
77F8
77F8
77F9
77F9
77FA
77FA
77FB
77FB
77FC
77FD
77FD
77FE
77FE
77FF
77FF
7800
7800
7801
7801
7802
7802
7803
7803
7804
7805
7805
7806
7806
7807
7807
7808
7808
7809
7809
780A
780A
780B
780B
780C
780D
780D
780E
780E
780F
780F
7810
7810
7811
7811
7812
7812
7813
7813
7814
7815
7815
7816
7816
7817
7817
7818
7818
7819
7819
781A
781A
781B
781B
781C
781D
781D
781E
781E
781F
781F
7820
7820
7821
7821
7822
7822
7823
7823
7824
7825
7825
7826
7826
7827
7827
7828
7828
7829
7829
782A
782A
782B
782B
782C
782D
782D
782E
782E
782F
782F
7830
7830
7831
7831
7832
7832
7833
7833
7834
7834
7835
7836
7836
7837
7837
7838
7838
7839
7839
783A
783A
783B
783B
783C
783C
783D
783E
783E
783F
783F
7840
7840
7841
7841
7842
7842
7843
7843
7844
7844
7845
7846
7846
7847
7847
7848
7848
7849
7849
784A
784A
784B
784B
784C
784C
784D
784E
784E
784F
784F
7850
7850
7851
7851
7852
7852
7853
7853
7854
7854
7855
7855
7856
7857
7857
7858
7858
7859
7859
785A
785A
785B
785B
785C
785C
785D
785D
785E
785F
785F
7860
7860
7861
7861
7862
7862
7863
7863
7864
7864
7865
7865
7866
7866
7867
7868
7868
7869
7869
786A
786A
786B
786B
786C
786C
786D
786D
786E
786E
786F
7870
7870
7871
7871
7872
7872
7873
7873
7874
7874
7875
7875
7876
7876
7877
7878
7878
7879
7879
787A
787A
787B
787B
787C
787C
787D
787D
787E
787E
787F
787F
7880
7881
7881
7882
7882
7883
7883
7884
7884
7885
7885
7886
7886
7887
7887
7888
7888
7889
788A
788A
788B
788B
788C
788C
788D
788D
788E
788E
788F
788F
7890
7890
7891
7892
7892
7893
7893
7894
7894
7895
7895
7896
7896
7897
7897
7898
7898
7899
7899
789A
789B
789B
789C
789C
789D
789D
789E
789E
789F
789F
78A0
78A0
78A1
78A1
78A2
78A3
78A3
78A4
78A4
78A5
78A5
78A6
78A6
78A7
78A7
78A8
78A8
78A9
78A9
78AA
78AA
78AB
78AC
78AC
78AD
78AD
78AE
78AE
78AF
78AF
78B0
78B0
78B1
78B1
78B2
78B2
78B3
78B3
78B4
78B5
78B5
78B6
78B6
78B7
78B7
78B8
78B8
78B9
78B9
78BA
78BA
78BB
78BB
78BC
78BC
78BD
78BE
78BE
78BF
78BF
78C0
78C0
78C1
78C1
78C2
78C2
78C3
78C3
78C4
78C4
78C5
78C5
78C6
78C7
78C7
78C8
78C8
78C9
78C9
78CA
78CA
78CB
78CB
78CC
78CC
78CD
78CD
78CE
78CF
78CF
78D0
78D0
78D1
78D1
78D2
78D2
78D3
78D3
78D4
78D4
78D5
78D5
78D6
78D6
78D7
78D8
78D8
78D9
78D9
78DA
78DA
78DB
78DB
78DC
78DC
78DD
78DD
78DE
78DE
78DF
78DF
78E0
78E1
78E1
78E2
78E2
78E3
78E3
78E4
78E4
78E5
78E5
78E6
78E6
78E7
78E7
78E8
78E8
78E9
78EA
78EA
78EB
78EB
78EC
78EC
78ED
78ED
78EE
78EE
78EF
78EF
78F0
78F0
78F1
78F1
78F2
78F3
78F3
78F4
78F4
78F5
78F5
78F6
78F6
78F7
78F7
78F8
78F8
78F9
78F9
78FA
78FA
78FB
78FC
78FC
78FD
78FD
78FE
78FE
78FF
78FF
7900
7900
7901
7901
7902
7902
7903
7903
7904
7904
7905
7906
7906
7907
7907
7908
7908
7909
7909
790A
790A
790B
790B
790C
790C
790D
790D
790E
790F
790F
7910
7910
7911
7911
7912
7912
7913
7913
7914
7914
7915
7915
7916
7916
7917
7918
7918
7919
7919
791A
791A
791B
791B
791C
791C
791D
791D
791E
791E
791F
791F
7920
7921
7921
7922
7922
7923
7923
7924
7924
7925
7925
7926
7926
7927
7927
7928
7928
7929
7929
792A
792B
792B
792C
792C
792D
792D
792E
792E
792F
792F
7930
7930
7931
7931
7932
7932
7933
7934
7934
7935
7935
7936
7936
7937
7937
7938
7938
7939
7939
793A
793A
793B
793B
793C
793D
793D
793E
793E
793F
793F
7940
7940
7941
7941
7942
7942
7943
7943
7944
7944
7945
7945
7946
7947
7947
7948
7948
7949
7949
794A
794A
794B
794B
794C
794C
794D
794D
794E
794E
794F
7950
7950
7951
7951
7952
7952
7953
7953
7954
7954
7955
7955
7956
7956
7957
7957
7958
7958
7959
795A
795A
795B
795B
795C
795C
795D
795D
795E
795E
795F
795F
7960
7960
7961
7961
7962
7962
7963
7964
7964
7965
7965
7966
7966
7967
7967
7968
7968
7969
7969
796A
796A
796B
796B
796C
796D
796D
796E
796E
796F
796F
7970
7970
7971
7971
7972
7972
7973
7973
7974
7974
7975
7975
7976
7977
7977
7978
7978
7979
7979
797A
797A
797B
797B
797C
797C
797D
797D
797E
797E
797F
797F
7980
7981
7981
7982
7982
7983
7983
7984
7984
7985
7985
7986
7986
7987
7987
7988
7988
7989
7989
798A
798B
798B
798C
798C
798D
798D
798E
798E
798F
798F
7990
7990
7991
7991
7992
7992
7993
7993
7994
7995
7995
7996
7996
7997
7997
7998
7998
7999
7999
799A
799A
799B
799B
799C
799C
799D
799D
799E
799F
799F
79A0
79A0
79A1
79A1
79A2
79A2
79A3
79A3
79A4
79A4
79A5
79A5
79A6
79A6
79A7
79A7
79A8
79A9
79A9
79AA
79AA
79AB
79AB
79AC
79AC
79AD
79AD
79AE
79AE
79AF
79AF
79B0
79B0
79B1
79B1
79B2
79B3
79B3
79B4
79B4
79B5
79B5
79B6
79B6
79B7
79B7
79B8
79B8
79B9
79B9
79BA
79BA
79BB
79BB
79BC
79BD
79BD
79BE
79BE
79BF
79BF
79C0
79C0
79C1
79C1
79C2
79C2
79C3
79C3
79C4
79C4
79C5
79C5
79C6
79C7
79C7
79C8
79C8
79C9
79C9
79CA
79CA
79CB
79CB
79CC
79CC
79CD
79CD
79CE
79CE
79CF
79CF
79D0
79D0
79D1
79D2
79D2
79D3
79D3
79D4
79D4
79D5
79D5
79D6
79D6
79D7
79D7
79D8
79D8
79D9
79D9
79DA
79DA
79DB
79DC
79DC
79DD
79DD
79DE
79DE
79DF
79DF
79E0
79E0
79E1
79E1
79E2
79E2
79E3
79E3
79E4
79E4
79E5
79E5
79E6
79E7
79E7
79E8
79E8
79E9
79E9
79EA
79EA
79EB
79EB
79EC
79EC
79ED
79ED
79EE
79EE
79EF
79EF
79F0
79F1
79F1
79F2
79F2
79F3
79F3
79F4
79F4
79F5
79F5
79F6
79F6
79F7
79F7
79F8
79F8
79F9
79F9
79FA
79FA
79FB
79FC
79FC
79FD
79FD
79FE
79FE
79FF
79FF
7A00
7A00
7A01
7A01
7A02
7A02
7A03
7A03
7A04
7A04
7A05
7A06
7A06
7A07
7A07
7A08
7A08
7A09
7A09
7A0A
7A0A
7A0B
7A0B
7A0C
7A0C
7A0D
7A0D
7A0E
7A0E
7A0F
7A0F
7A10
7A11
7A11
7A12
7A12
7A13
7A13
7A14
7A14
7A15
7A15
7A16
7A16
7A17
7A17
7A18
7A18
7A19
7A19
7A1A
7A1A
7A1B
7A1C
7A1C
7A1D
7A1D
7A1E
7A1E
7A1F
7A1F
7A20
7A20
7A21
7A21
7A22
7A22
7A23
7A23
7A24
7A24
7A25
7A25
7A26
7A27
7A27
7A28
7A28
7A29
7A29
7A2A
7A2A
7A2B
7A2B
7A2C
7A2C
7A2D
7A2D
7A2E
7A2E
7A2F
7A2F
7A30
7A30
7A31
7A32
7A32
7A33
7A33
7A34
7A34
7A35
7A35
7A36
7A36
7A37
7A37
7A38
7A38
7A39
7A39
7A3A
7A3A
7A3B
7A3B
7A3C
7A3D
7A3D
7A3E
7A3E
7A3F
7A3F
7A40
7A40
7A41
7A41
7A42
7A42
7A43
7A43
7A44
7A44
7A45
7A45
7A46
7A46
7A47
7A48
7A48
7A49
7A49
7A4A
7A4A
7A4B
7A4B
7A4C
7A4C
7A4D
7A4D
7A4E
7A4E
7A4F
7A4F
7A50
7A50
7A51
7A51
7A52
7A53
7A53
7A54
7A54
7A55
7A55
7A56
7A56
7A57
7A57
7A58
7A58
7A59
7A59
7A5A
7A5A
7A5B
7A5B
7A5C
7A5C
7A5D
7A5D
7A5E
7A5F
7A5F
7A60
7A60
7A61
7A61
7A62
7A62
7A63
7A63
7A64
7A64
7A65
7A65
7A66
7A66
7A67
7A67
7A68
7A68
7A69
7A6A
7A6A
7A6B
7A6B
7A6C
7A6C
7A6D
7A6D
7A6E
7A6E
7A6F
7A6F
7A70
7A70
7A71
7A71
7A72
7A72
7A73
7A73
7A74
7A75
7A75
7A76
7A76
7A77
7A77
7A78
7A78
7A79
7A79
7A7A
7A7A
7A7B
7A7B
7A7C
7A7C
7A7D
7A7D
7A7E
7A7E
7A7F
7A7F
7A80
7A81
7A81
7A82
7A82
7A83
7A83
7A84
7A84
7A85
7A85
7A86
7A86
7A87
7A87
7A88
7A88
7A89
7A89
7A8A
7A8A
7A8B
7A8B
7A8C
7A8D
7A8D
7A8E
7A8E
7A8F
7A8F
7A90
7A90
7A91
7A91
7A92
7A92
7A93
7A93
7A94
7A94
7A95
7A95
7A96
7A96
7A97
7A98
7A98
7A99
7A99
7A9A
7A9A
7A9B
7A9B
7A9C
7A9C
7A9D
7A9D
7A9E
7A9E
7A9F
7A9F
7AA0
7AA0
7AA1
7AA1
7AA2
7AA2
7AA3
7AA4
7AA4
7AA5
7AA5
7AA6
7AA6
7AA7
7AA7
7AA8
7AA8
7AA9
7AA9
7AAA
7AAA
7AAB
7AAB
7AAC
7AAC
7AAD
7AAD
7AAE
7AAE
7AAF
7AB0
7AB0
7AB1
7AB1
7AB2
7AB2
7AB3
7AB3
7AB4
7AB4
7AB5
7AB5
7AB6
7AB6
7AB7
7AB7
7AB8
7AB8
7AB9
7AB9
7ABA
7ABA
7ABB
7ABC
7ABC
7ABD
7ABD
7ABE
7ABE
7ABF
7ABF
7AC0
7AC0
7AC1
7AC1
7AC2
7AC2
7AC3
7AC3
7AC4
7AC4
7AC5
7AC5
7AC6
7AC6
7AC7
7AC7
7AC8
7AC9
7AC9
7ACA
7ACA
7ACB
7ACB
7ACC
7ACC
7ACD
7ACD
7ACE
7ACE
7ACF
7ACF
7AD0
7AD0
7AD1
7AD1
7AD2
7AD2
7AD3
7AD3
7AD4
7AD5
7AD5
7AD6
7AD6
7AD7
7AD7
7AD8
7AD8
7AD9
7AD9
7ADA
7ADA
7ADB
7ADB
7ADC
7ADC
7ADD
7ADD
7ADE
7ADE
7ADF
7ADF
7AE0
7AE1
7AE1
7AE2
7AE2
7AE3
7AE3
7AE4
7AE4
7AE5
7AE5
7AE6
7AE6
7AE7
7AE7
7AE8
7AE8
7AE9
7AE9
7AEA
7AEA
7AEB
7AEB
7AEC
7AEC
7AED
7AEE
7AEE
7AEF
7AEF
7AF0
7AF0
7AF1
7AF1
7AF2
7AF2
7AF3
7AF3
7AF4
7AF4
7AF5
7AF5
7AF6
7AF6
7AF7
7AF7
7AF8
7AF8
7AF9
7AF9
7AFA
7AFB
7AFB
7AFC
7AFC
7AFD
7AFD
7AFE
7AFE
7AFF
7AFF
7B00
7B00
7B01
7B01
7B02
7B02
7B03
7B03
7B04
7B04
7B05
7B05
7B06
7B07
7B07
7B08
7B08
7B09
7B09
7B0A
7B0A
7B0B
7B0B
7B0C
7B0C
7B0D
7B0D
7B0E
7B0E
7B0F
7B0F
7B10
7B10
7B11
7B11
7B12
7B12
7B13
7B14
7B14
7B15
7B15
7B16
7B16
7B17
7B17
7B18
7B18
7B19
7B19
7B1A
7B1A
7B1B
7B1B
7B1C
7B1C
7B1D
7B1D
7B1E
7B1E
7B1F
7B1F
7B20
7B21
7B21
7B22
7B22
7B23
7B23
7B24
7B24
7B25
7B25
7B26
7B26
7B27
7B27
7B28
7B28
7B29
7B29
7B2A
7B2A
7B2B
7B2B
7B2C
7B2C
7B2D
7B2D
7B2E
7B2F
7B2F
7B30
7B30
7B31
7B31
7B32
7B32
7B33
7B33
7B34
7B34
7B35
7B35
7B36
7B36
7B37
7B37
7B38
7B38
7B39
7B39
7B3A
7B3A
7B3B
7B3C
7B3C
7B3D
7B3D
7B3E
7B3E
7B3F
7B3F
7B40
7B40
7B41
7B41
7B42
7B42
7B43
7B43
7B44
7B44
7B45
7B45
7B46
7B46
7B47
7B47
7B48
7B49
7B49
7B4A
7B4A
7B4B
7B4B
7B4C
7B4C
7B4D
7B4D
7B4E
7B4E
7B4F
7B4F
7B50
7B50
7B51
7B51
7B52
7B52
7B53
7B53
7B54
7B54
7B55
7B55
7B56
7B57
7B57
7B58
7B58
7B59
7B59
7B5A
7B5A
7B5B
7B5B
7B5C
7B5C
7B5D
7B5D
7B5E
7B5E
7B5F
7B5F
7B60
7B60
7B61
7B61
7B62
7B62
7B63
7B63
7B64
7B65
7B65
7B66
7B66
7B67
7B67
7B68
7B68
7B69
7B69
7B6A
7B6A
7B6B
7B6B
7B6C
7B6C
7B6D
7B6D
7B6E
7B6E
7B6F
7B6F
7B70
7B70
7B71
7B71
7B72
7B73
7B73
7B74
7B74
7B75
7B75
7B76
7B76
7B77
7B77
7B78
7B78
7B79
7B79
7B7A
7B7A
7B7B
7B7B
7B7C
7B7C
7B7D
7B7D
7B7E
7B7E
7B7F
7B7F
7B80
7B81
7B81
7B82
7B82
7B83
7B83
7B84
7B84
7B85
7B85
7B86
7B86
7B87
7B87
7B88
7B88
7B89
7B89
7B8A
7B8A
7B8B
7B8B
7B8C
7B8C
7B8D
7B8D
7B8E
7B8F
7B8F
7B90
7B90
7B91
7B91
7B92
7B92
7B93
7B93
7B94
7B94
7B95
7B95
7B96
7B96
7B97
7B97
7B98
7B98
7B99
7B99
7B9A
7B9A
7B9B
7B9B
7B9C
7B9C
7B9D
7B9E
7B9E
7B9F
7B9F
7BA0
7BA0
7BA1
7BA1
7BA2
7BA2
7BA3
7BA3
7BA4
7BA4
7BA5
7BA5
7BA6
7BA6
7BA7
7BA7
7BA8
7BA8
7BA9
7BA9
7BAA
7BAA
7BAB
7BAC
7BAC
7BAD
7BAD
7BAE
7BAE
7BAF
7BAF
7BB0
7BB0
7BB1
7BB1
7BB2
7BB2
7BB3
7BB3
7BB4
7BB4
7BB5
7BB5
7BB6
7BB6
7BB7
7BB7
7BB8
7BB8
7BB9
7BB9
7BBA
7BBB
7BBB
7BBC
7BBC
7BBD
7BBD
7BBE
7BBE
7BBF
7BBF
7BC0
7BC0
7BC1
7BC1
7BC2
7BC2
7BC3
7BC3
7BC4
7BC4
7BC5
7BC5
7BC6
7BC6
7BC7
7BC7
7BC8
7BC8
7BC9
7BCA
7BCA
7BCB
7BCB
7BCC
7BCC
7BCD
7BCD
7BCE
7BCE
7BCF
7BCF
7BD0
7BD0
7BD1
7BD1
7BD2
7BD2
7BD3
7BD3
7BD4
7BD4
7BD5
7BD5
7BD6
7BD6
7BD7
7BD7
7BD8
7BD8
7BD9
7BDA
7BDA
7BDB
7BDB
7BDC
7BDC
7BDD
7BDD
7BDE
7BDE
7BDF
7BDF
7BE0
7BE0
7BE1
7BE1
7BE2
7BE2
7BE3
7BE3
7BE4
7BE4
7BE5
7BE5
7BE6
7BE6
7BE7
7BE7
7BE8
7BE9
7BE9
7BEA
7BEA
7BEB
7BEB
7BEC
7BEC
7BED
7BED
7BEE
7BEE
7BEF
7BEF
7BF0
7BF0
7BF1
7BF1
7BF2
7BF2
7BF3
7BF3
7BF4
7BF4
7BF5
7BF5
7BF6
7BF6
7BF7
7BF7
7BF8
7BF9
7BF9
7BFA
7BFA
7BFB
7BFB
7BFC
7BFC
7BFD
7BFD
7BFE
7BFE
7BFF
7BFF
7C00
7C00
7C01
7C01
7C02
7C02
7C03
7C03
7C04
7C04
7C05
7C05
7C06
7C06
7C07
7C07
7C08
7C09
7C09
7C0A
7C0A
7C0B
7C0B
7C0C
7C0C
7C0D
7C0D
7C0E
7C0E
7C0F
7C0F
7C10
7C10
7C11
7C11
7C12
7C12
7C13
7C13
7C14
7C14
7C15
7C15
7C16
7C16
7C17
7C17
7C18
7C19
7C19
7C1A
7C1A
7C1B
7C1B
7C1C
7C1C
7C1D
7C1D
7C1E
7C1E
7C1F
7C1F
7C20
7C20
7C21
7C21
7C22
7C22
7C23
7C23
7C24
7C24
7C25
7C25
7C26
7C26
7C27
7C27
7C28
7C28
7C29
7C2A
7C2A
7C2B
7C2B
7C2C
7C2C
7C2D
7C2D
7C2E
7C2E
7C2F
7C2F
7C30
7C30
7C31
7C31
7C32
7C32
7C33
7C33
7C34
7C34
7C35
7C35
7C36
7C36
7C37
7C37
7C38
7C38
7C39
7C39
7C3A
7C3B
7C3B
7C3C
7C3C
7C3D
7C3D
7C3E
7C3E
7C3F
7C3F
7C40
7C40
7C41
7C41
7C42
7C42
7C43
7C43
7C44
7C44
7C45
7C45
7C46
7C46
7C47
7C47
7C48
7C48
7C49
7C49
7C4A
7C4A
7C4B
7C4C
7C4C
7C4D
7C4D
7C4E
7C4E
7C4F
7C4F
7C50
7C50
7C51
7C51
7C52
7C52
7C53
7C53
7C54
7C54
7C55
7C55
7C56
7C56
7C57
7C57
7C58
7C58
7C59
7C59
7C5A
7C5A
7C5B
7C5B
7C5C
7C5D
7C5D
7C5E
7C5E
7C5F
7C5F
7C60
7C60
7C61
7C61
7C62
7C62
7C63
7C63
7C64
7C64
7C65
7C65
7C66
7C66
7C67
7C67
7C68
7C68
7C69
7C69
7C6A
7C6A
7C6B
7C6B
7C6C
7C6C
7C6D
7C6D
7C6E
7C6F
7C6F
7C70
7C70
7C71
7C71
7C72
7C72
7C73
7C73
7C74
7C74
7C75
7C75
7C76
7C76
7C77
7C77
7C78
7C78
7C79
7C79
7C7A
7C7A
7C7B
7C7B
7C7C
7C7C
7C7D
7C7D
7C7E
7C7E
7C7F
7C7F
7C80
7C81
7C81
7C82
7C82
7C83
7C83
7C84
7C84
7C85
7C85
7C86
7C86
7C87
7C87
7C88
7C88
7C89
7C89
7C8A
7C8A
7C8B
7C8B
7C8C
7C8C
7C8D
7C8D
7C8E
7C8E
7C8F
7C8F
7C90
7C90
7C91
7C91
7C92
7C93
7C93
7C94
7C94
7C95
7C95
7C96
7C96
7C97
7C97
7C98
7C98
7C99
7C99
7C9A
7C9A
7C9B
7C9B
7C9C
7C9C
7C9D
7C9D
7C9E
7C9E
7C9F
7C9F
7CA0
7CA0
7CA1
7CA1
7CA2
7CA2
7CA3
7CA3
7CA4
7CA4
7CA5
7CA6
7CA6
7CA7
7CA7
7CA8
7CA8
7CA9
7CA9
7CAA
7CAA
7CAB
7CAB
7CAC
7CAC
7CAD
7CAD
7CAE
7CAE
7CAF
7CAF
7CB0
7CB0
7CB1
7CB1
7CB2
7CB2
7CB3
7CB3
7CB4
7CB4
7CB5
7CB5
7CB6
7CB6
7CB7
7CB7
7CB8
7CB8
7CB9
7CBA
7CBA
7CBB
7CBB
7CBC
7CBC
7CBD
7CBD
7CBE
7CBE
7CBF
7CBF
7CC0
7CC0
7CC1
7CC1
7CC2
7CC2
7CC3
7CC3
7CC4
7CC4
7CC5
7CC5
7CC6
7CC6
7CC7
7CC7
7CC8
7CC8
7CC9
7CC9
7CCA
7CCA
7CCB
7CCB
7CCC
7CCD
7CCD
7CCE
7CCE
7CCF
7CCF
7CD0
7CD0
7CD1
7CD1
7CD2
7CD2
7CD3
7CD3
7CD4
7CD4
7CD5
7CD5
7CD6
7CD6
7CD7
7CD7
7CD8
7CD8
7CD9
7CD9
7CDA
7CDA
7CDB
7CDB
7CDC
7CDC
7CDD
7CDD
7CDE
7CDE
7CDF
7CDF
7CE0
7CE0
7CE1
7CE2
7CE2
7CE3
7CE3
7CE4
7CE4
7CE5
7CE5
7CE6
7CE6
7CE7
7CE7
7CE8
7CE8
7CE9
7CE9
7CEA
7CEA
7CEB
7CEB
7CEC
7CEC
7CED
7CED
7CEE
7CEE
7CEF
7CEF
7CF0
7CF0
7CF1
7CF1
7CF2
7CF2
7CF3
7CF3
7CF4
7CF4
7CF5
7CF6
7CF6
7CF7
7CF7
7CF8
7CF8
7CF9
7CF9
7CFA
7CFA
7CFB
7CFB
7CFC
7CFC
7CFD
7CFD
7CFE
7CFE
7CFF
7CFF
7D00
7D00
7D01
7D01
7D02
7D02
7D03
7D03
7D04
7D04
7D05
7D05
7D06
7D06
7D07
7D07
7D08
7D08
7D09
7D09
7D0A
7D0A
7D0B
7D0C
7D0C
7D0D
7D0D
7D0E
7D0E
7D0F
7D0F
7D10
7D10
7D11
7D11
7D12
7D12
7D13
7D13
7D14
7D14
7D15
7D15
7D16
7D16
7D17
7D17
7D18
7D18
7D19
7D19
7D1A
7D1A
7D1B
7D1B
7D1C
7D1C
7D1D
7D1D
7D1E
7D1E
7D1F
7D1F
7D20
7D20
7D21
7D22
7D22
7D23
7D23
7D24
7D24
7D25
7D25
7D26
7D26
7D27
7D27
7D28
7D28
7D29
7D29
7D2A
7D2A
7D2B
7D2B
7D2C
7D2C
7D2D
7D2D
7D2E
7D2E
7D2F
7D2F
7D30
7D30
7D31
7D31
7D32
7D32
7D33
7D33
7D34
7D34
7D35
7D35
7D36
7D36
7D37
7D38
7D38
7D39
7D39
7D3A
7D3A
7D3B
7D3B
7D3C
7D3C
7D3D
7D3D
7D3E
7D3E
7D3F
7D3F
7D40
7D40
7D41
7D41
7D42
7D42
7D43
7D43
7D44
7D44
7D45
7D45
7D46
7D46
7D47
7D47
7D48
7D48
7D49
7D49
7D4A
7D4A
7D4B
7D4B
7D4C
7D4C
7D4D
7D4D
7D4E
7D4E
7D4F
7D50
7D50
7D51
7D51
7D52
7D52
7D53
7D53
7D54
7D54
7D55
7D55
7D56
7D56
7D57
7D57
7D58
7D58
7D59
7D59
7D5A
7D5A
7D5B
7D5B
7D5C
7D5C
7D5D
7D5D
7D5E
7D5E
7D5F
7D5F
7D60
7D60
7D61
7D61
7D62
7D62
7D63
7D63
7D64
7D64
7D65
7D65
7D66
7D66
7D67
7D68
7D68
7D69
7D69
7D6A
7D6A
7D6B
7D6B
7D6C
7D6C
7D6D
7D6D
7D6E
7D6E
7D6F
7D6F
7D70
7D70
7D71
7D71
7D72
7D72
7D73
7D73
7D74
7D74
7D75
7D75
7D76
7D76
7D77
7D77
7D78
7D78
7D79
7D79
7D7A
7D7A
7D7B
7D7B
7D7C
7D7C
7D7D
7D7D
7D7E
7D7E
7D7F
7D7F
7D80
7D81
7D81
7D82
7D82
7D83
7D83
7D84
7D84
7D85
7D85
7D86
7D86
7D87
7D87
7D88
7D88
7D89
7D89
7D8A
7D8A
7D8B
7D8B
7D8C
7D8C
7D8D
7D8D
7D8E
7D8E
7D8F
7D8F
7D90
7D90
7D91
7D91
7D92
7D92
7D93
7D93
7D94
7D94
7D95
7D95
7D96
7D96
7D97
7D97
7D98
7D98
7D99
7D99
7D9A
7D9B
7D9B
7D9C
7D9C
7D9D
7D9D
7D9E
7D9E
7D9F
7D9F
7DA0
7DA0
7DA1
7DA1
7DA2
7DA2
7DA3
7DA3
7DA4
7DA4
7DA5
7DA5
7DA6
7DA6
7DA7
7DA7
7DA8
7DA8
7DA9
7DA9
7DAA
7DAA
7DAB
7DAB
7DAC
7DAC
7DAD
7DAD
7DAE
7DAE
7DAF
7DAF
7DB0
7DB0
7DB1
7DB1
7DB2
7DB2
7DB3
7DB3
7DB4
7DB4
7DB5
7DB6
7DB6
7DB7
7DB7
7DB8
7DB8
7DB9
7DB9
7DBA
7DBA
7DBB
7DBB
7DBC
7DBC
7DBD
7DBD
7DBE
7DBE
7DBF
7DBF
7DC0
7DC0
7DC1
7DC1
7DC2
7DC2
7DC3
7DC3
7DC4
7DC4
7DC5
7DC5
7DC6
7DC6
7DC7
7DC7
7DC8
7DC8
7DC9
7DC9
7DCA
7DCA
7DCB
7DCB
7DCC
7DCC
7DCD
7DCD
7DCE
7DCE
7DCF
7DCF
7DD0
7DD0
7DD1
7DD1
7DD2
7DD3
7DD3
7DD4
7DD4
7DD5
7DD5
7DD6
7DD6
7DD7
7DD7
7DD8
7DD8
7DD9
7DD9
7DDA
7DDA
7DDB
7DDB
7DDC
7DDC
7DDD
7DDD
7DDE
7DDE
7DDF
7DDF
7DE0
7DE0
7DE1
7DE1
7DE2
7DE2
7DE3
7DE3
7DE4
7DE4
7DE5
7DE5
7DE6
7DE6
7DE7
7DE7
7DE8
7DE8
7DE9
7DE9
7DEA
7DEA
7DEB
7DEB
7DEC
7DEC
7DED
7DED
7DEE
7DEE
7DEF
7DEF
7DF0
7DF1
7DF1
7DF2
7DF2
7DF3
7DF3
7DF4
7DF4
7DF5
7DF5
7DF6
7DF6
7DF7
7DF7
7DF8
7DF8
7DF9
7DF9
7DFA
7DFA
7DFB
7DFB
7DFC
7DFC
7DFD
7DFD
7DFE
7DFE
7DFF
7DFF
7E00
7E00
7E01
7E01
7E02
7E02
7E03
7E03
7E04
7E04
7E05
7E05
7E06
7E06
7E07
7E07
7E08
7E08
7E09
7E09
7E0A
7E0A
7E0B
7E0B
7E0C
7E0C
7E0D
7E0D
7E0E
7E0E
7E0F
7E0F
7E10
7E11
7E11
7E12
7E12
7E13
7E13
7E14
7E14
7E15
7E15
7E16
7E16
7E17
7E17
7E18
7E18
7E19
7E19
7E1A
7E1A
7E1B
7E1B
7E1C
7E1C
7E1D
7E1D
7E1E
7E1E
7E1F
7E1F
7E20
7E20
7E21
7E21
7E22
7E22
7E23
7E23
7E24
7E24
7E25
7E25
7E26
7E26
7E27
7E27
7E28
7E28
7E29
7E29
7E2A
7E2A
7E2B
7E2B
7E2C
7E2C
7E2D
7E2D
7E2E
7E2E
7E2F
7E2F
7E30
7E30
7E31
7E31
7E32
7E33
7E33
7E34
7E34
7E35
7E35
7E36
7E36
7E37
7E37
7E38
7E38
7E39
7E39
7E3A
7E3A
7E3B
7E3B
7E3C
7E3C
7E3D
7E3D
7E3E
7E3E
7E3F
7E3F
7E40
7E40
7E41
7E41
7E42
7E42
7E43
7E43
7E44
7E44
7E45
7E45
7E46
7E46
7E47
7E47
7E48
7E48
7E49
7E49
7E4A
7E4A
7E4B
7E4B
7E4C
7E4C
7E4D
7E4D
7E4E
7E4E
7E4F
7E4F
7E50
7E50
7E51
7E51
7E52
7E52
7E53
7E53
7E54
7E54
7E55
7E55
7E56
7E56
7E57
7E58
7E58
7E59
7E59
7E5A
7E5A
7E5B
7E5B
7E5C
7E5C
7E5D
7E5D
7E5E
7E5E
7E5F
7E5F
7E60
7E60
7E61
7E61
7E62
7E62
7E63
7E63
7E64
7E64
7E65
7E65
7E66
7E66
7E67
7E67
7E68
7E68
7E69
7E69
7E6A
7E6A
7E6B
7E6B
7E6C
7E6C
7E6D
7E6D
7E6E
7E6E
7E6F
7E6F
7E70
7E70
7E71
7E71
7E72
7E72
7E73
7E73
7E74
7E74
7E75
7E75
7E76
7E76
7E77
7E77
7E78
7E78
7E79
7E79
7E7A
7E7A
7E7B
7E7B
7E7C
7E7C
7E7D
7E7D
7E7E
7E7E
7E7F
7E7F
7E80
7E81
7E81
7E82
7E82
7E83
7E83
7E84
7E84
7E85
7E85
7E86
7E86
7E87
7E87
7E88
7E88
7E89
7E89
7E8A
7E8A
7E8B
7E8B
7E8C
7E8C
7E8D
7E8D
7E8E
7E8E
7E8F
7E8F
7E90
7E90
7E91
7E91
7E92
7E92
7E93
7E93
7E94
7E94
7E95
7E95
7E96
7E96
7E97
7E97
7E98
7E98
7E99
7E99
7E9A
7E9A
7E9B
7E9B
7E9C
7E9C
7E9D
7E9D
7E9E
7E9E
7E9F
7E9F
7EA0
7EA0
7EA1
7EA1
7EA2
7EA2
7EA3
7EA3
7EA4
7EA4
7EA5
7EA5
7EA6
7EA6
7EA7
7EA7
7EA8
7EA8
7EA9
7EA9
7EAA
7EAA
7EAB
7EAB
7EAC
7EAC
7EAD
7EAE
7EAE
7EAF
7EAF
7EB0
7EB0
7EB1
7EB1
7EB2
7EB2
7EB3
7EB3
7EB4
7EB4
7EB5
7EB5
7EB6
7EB6
7EB7
7EB7
7EB8
7EB8
7EB9
7EB9
7EBA
7EBA
7EBB
7EBB
7EBC
7EBC
7EBD
7EBD
7EBE
7EBE
7EBF
7EBF
7EC0
7EC0
7EC1
7EC1
7EC2
7EC2
7EC3
7EC3
7EC4
7EC4
7EC5
7EC5
7EC6
7EC6
7EC7
7EC7
7EC8
7EC8
7EC9
7EC9
7ECA
7ECA
7ECB
7ECB
7ECC
7ECC
7ECD
7ECD
7ECE
7ECE
7ECF
7ECF
7ED0
7ED0
7ED1
7ED1
7ED2
7ED2
7ED3
7ED3
7ED4
7ED4
7ED5
7ED5
7ED6
7ED6
7ED7
7ED7
7ED8
7ED8
7ED9
7ED9
7EDA
7EDA
7EDB
7EDB
7EDC
7EDC
7EDD
7EDD
7EDE
7EDE
7EDF
7EDF
7EE0
7EE0
7EE1
7EE1
7EE2
7EE3
7EE3
7EE4
7EE4
7EE5
7EE5
7EE6
7EE6
7EE7
7EE7
7EE8
7EE8
7EE9
7EE9
7EEA
7EEA
7EEB
7EEB
7EEC
7EEC
7EED
7EED
7EEE
7EEE
7EEF
7EEF
7EF0
7EF0
7EF1
7EF1
7EF2
7EF2
7EF3
7EF3
7EF4
7EF4
7EF5
7EF5
7EF6
7EF6
7EF7
7EF7
7EF8
7EF8
7EF9
7EF9
7EFA
7EFA
7EFB
7EFB
7EFC
7EFC
7EFD
7EFD
7EFE
7EFE
7EFF
7EFF
7F00
7F00
7F01
7F01
7F02
7F02
7F03
7F03
7F04
7F04
7F05
7F05
7F06
7F06
7F07
7F07
7F08
7F08
7F09
7F09
7F0A
7F0A
7F0B
7F0B
7F0C
7F0C
7F0D
7F0D
7F0E
7F0E
7F0F
7F0F
7F10
7F10
7F11
7F11
7F12
7F12
7F13
7F13
7F14
7F14
7F15
7F15
7F16
7F16
7F17
7F17
7F18
7F18
7F19
7F19
7F1A
7F1A
7F1B
7F1B
7F1C
7F1C
7F1D
7F1D
7F1E
7F1E
7F1F
7F1F
7F20
7F20
7F21
7F21
7F22
7F23
7F23
7F24
7F24
7F25
7F25
7F26
7F26
7F27
7F27
7F28
7F28
7F29
7F29
7F2A
7F2A
7F2B
7F2B
7F2C
7F2C
7F2D
7F2D
7F2E
7F2E
7F2F
7F2F
7F30
7F30
7F31
7F31
7F32
7F32
7F33
7F33
7F34
7F34
7F35
7F35
7F36
7F36
7F37
7F37
7F38
7F38
7F39
7F39
7F3A
7F3A
7F3B
7F3B
7F3C
7F3C
7F3D
7F3D
7F3E
7F3E
7F3F
7F3F
7F40
7F40
7F41
7F41
7F42
7F42
7F43
7F43
7F44
7F44
7F45
7F45
7F46
7F46
7F47
7F47
7F48
7F48
7F49
7F49
7F4A
7F4A
7F4B
7F4B
7F4C
7F4C
7F4D
7F4D
7F4E
7F4E
7F4F
7F4F
7F50
7F50
7F51
7F51
7F52
7F52
7F53
7F53
7F54
7F54
7F55
7F55
7F56
7F56
7F57
7F57
7F58
7F58
7F59
7F59
7F5A
7F5A
7F5B
7F5B
7F5C
7F5C
7F5D
7F5D
7F5E
7F5E
7F5F
7F5F
7F60
7F60
7F61
7F61
7F62
7F62
7F63
7F63
7F64
7F64
7F65
7F65
7F66
7F66
7F67
7F67
7F68
7F68
7F69
7F69
7F6A
7F6A
7F6B
7F6B
7F6C
7F6C
7F6D
7F6D
7F6E
7F6E
7F6F
7F6F
7F70
7F70
7F71
7F71
7F72
7F72
7F73
7F73
7F74
7F74
7F75
7F75
7F76
7F76
7F77
7F77
7F78
7F78
7F79
7F79
7F7A
7F7A
7F7B
7F7B
7F7C
7F7C
7F7D
7F7D
7F7E
7F7E
7F7F
7F7F
7F80
7F81
7F81
7F82
7F82
7F83
7F83
7F84
7F84
7F85
7F85
7F86
7F86
7F87
7F87
7F88
7F88
7F89
7F89
7F8A
7F8A
7F8B
7F8B
7F8C
7F8C
7F8D
7F8D
7F8E
7F8E
7F8F
7F8F
7F90
7F90
7F91
7F91
7F92
7F92
7F93
7F93
7F94
7F94
7F95
7F95
7F96
7F96
7F97
7F97
7F98
7F98
7F99
7F99
7F9A
7F9A
7F9B
7F9B
7F9C
7F9C
7F9D
7F9D
7F9E
7F9E
7F9F
7F9F
7FA0
7FA0
7FA1
7FA1
7FA2
7FA2
7FA3
7FA3
7FA4
7FA4
7FA5
7FA5
7FA6
7FA6
7FA7
7FA7
7FA8
7FA8
7FA9
7FA9
7FAA
7FAA
7FAB
7FAB
7FAC
7FAC
7FAD
7FAD
7FAE
7FAE
7FAF
7FAF
7FB0
7FB0
7FB1
7FB1
7FB2
7FB2
7FB3
7FB3
7FB4
7FB4
7FB5
7FB5
7FB6
7FB6
7FB7
7FB7
7FB8
7FB8
7FB9
7FB9
7FBA
7FBA
7FBB
7FBB
7FBC
7FBC
7FBD
7FBD
7FBE
7FBE
7FBF
7FBF
7FC0
7FC0
7FC1
7FC1
7FC2
7FC2
7FC3
7FC3
7FC4
7FC4
7FC5
7FC5
7FC6
7FC6
7FC7
7FC7
7FC8
7FC8
7FC9
7FC9
7FCA
7FCA
7FCB
7FCB
7FCC
7FCC
7FCD
7FCD
7FCE
7FCE
7FCF
7FCF
7FD0
7FD0
7FD1
7FD1
7FD2
7FD2
7FD3
7FD3
7FD4
7FD4
7FD5
7FD5
7FD6
7FD6
7FD7
7FD7
7FD8
7FD8
7FD9
7FD9
7FDA
7FDA
7FDB
7FDB
7FDC
7FDC
7FDD
7FDD
7FDE
7FDE
7FDF
7FDF
7FE0
7FE0
7FE1
7FE1
7FE2
7FE2
7FE3
7FE3
7FE4
7FE4
7FE5
7FE5
7FE6
7FE6
7FE7
7FE7
7FE8
7FE8
7FE9
7FE9
7FEA
7FEA
7FEB
7FEB
7FEC
7FEC
7FED
7FED
7FEE
7FEE
7FEF
7FEF
7FF0
7FF0
7FF1
7FF1
7FF2
7FF2
7FF3
7FF3
7FF4
7FF4
7FF5
7FF5
7FF6
7FF6
7FF7
7FF7
7FF8
7FF8
7FF9
7FF9
7FFA
7FFA
7FFB
7FFB
7FFC
7FFC
7FFD
7FFD
7FFE
7FFE
7FFF
7FFF
8000
8000
8001
8001
8002
8002
8003
8003
8004
8004
8005
8005
8006
8006
8007
8007
8008
8008
8009
8009
800A
800A
800B
800B
800C
800C
800D
800D
800E
800E
800F
800F
8010
8010
8011
8011
8012
8012
8013
8013
8014
8014
8015
8015
8016
8016
8017
8017
8018
8018
8019
8019
801A
801A
801B
801B
801C
801C
801D
801D
801E
801E
801F
801F
8020
8020
8021
8021
8022
8022
8023
8023
8024
8024
8025
8025
8026
8026
8027
8027
8028
8028
8029
8029
802A
802A
802B
802B
802C
802C
802D
802D
802E
802E
802F
802F
8030
8030
8031
8031
8032
8032
8033
8033
8034
8034
8035
8035
8036
8036
8037
8037
8038
8038
8039
8039
803A
803A
803B
803B
803C
803C
803D
803D
803E
803E
803F
803F
8040
8040
8041
8041
8042
8042
8043
8043
8044
8044
8045
8045
8046
8046
8047
8047
8048
8048
8049
8049
804A
804A
804B
804B
804C
804C
804D
804D
804E
804E
804F
804F
8050
8050
8051
8051
8052
8052
8053
8053
8054
8054
8055
8055
8056
8056
8057
8057
8058
8058
8059
8059
805A
805A
805B
805B
805C
805C
805D
805D
805E
805E
805F
805F
8060
8060
8061
8061
8062
8062
8063
8063
8064
8064
8065
8065
8066
8066
8067
8067
8068
8068
8069
8069
806A
806A
806B
806B
806C
806C
806D
806D
806E
806E
806F
806F
8070
8070
8071
8071
8072
8072
8073
8073
8074
8074
8075
8075
8076
8076
8077
8077
8078
8078
8079
8079
807A
807A
807B
807B
807C
807C
807D
807D
807E
807E
807F
807F
8080
8080
8080
8081
8081
8082
8082
8083
8083
8084
8084
8085
8085
8086
8086
8087
8087
8088
8088
8089
8089
808A
808A
808B
808B
808C
808C
808D
808D
808E
808E
808F
808F
8090
8090
8091
8091
8092
8092
8093
8093
8094
8094
8095
8095
8096
8096
8097
8097
8098
8098
8099
8099
809A
809A
809B
809B
809C
809C
809D
809D
809E
809E
809F
809F
80A0
80A0
80A1
80A1
80A2
80A2
80A3
80A3
80A4
80A4
80A5
80A5
80A6
80A6
80A7
80A7
80A8
80A8
80A9
80A9
80AA
80AA
80AB
80AB
80AC
80AC
80AD
80AD
80AE
80AE
80AF
80AF
80B0
80B0
80B1
80B1
80B2
80B2
80B3
80B3
80B4
80B4
80B5
80B5
80B6
80B6
80B7
80B7
80B8
80B8
80B9
80B9
80BA
80BA
80BB
80BB
80BC
80BC
80BD
80BD
80BE
80BE
80BF
80BF
80C0
80C0
80C1
80C1
80C2
80C2
80C3
80C3
80C4
80C4
80C5
80C5
80C6
80C6
80C7
80C7
80C8
80C8
80C9
80C9
80CA
80CA
80CB
80CB
80CC
80CC
80CD
80CD
80CE
80CE
80CF
80CF
80D0
80D0
80D1
80D1
80D2
80D2
80D3
80D3
80D4
80D4
80D5
80D5
80D6
80D6
80D7
80D7
80D8
80D8
80D9
80D9
80DA
80DA
80DB
80DB
80DC
80DC
80DD
80DD
80DE
80DE
80DE
80DF
80DF
80E0
80E0
80E1
80E1
80E2
80E2
80E3
80E3
80E4
80E4
80E5
80E5
80E6
80E6
80E7
80E7
80E8
80E8
80E9
80E9
80EA
80EA
80EB
80EB
80EC
80EC
80ED
80ED
80EE
80EE
80EF
80EF
80F0
80F0
80F1
80F1
80F2
80F2
80F3
80F3
80F4
80F4
80F5
80F5
80F6
80F6
80F7
80F7
80F8
80F8
80F9
80F9
80FA
80FA
80FB
80FB
80FC
80FC
80FD
80FD
80FE
80FE
80FF
80FF
8100
8100
8101
8101
8102
8102
8103
8103
8104
8104
8105
8105
8106
8106
8107
8107
8108
8108
8109
8109
810A
810A
810B
810B
810C
810C
810D
810D
810E
810E
810F
810F
8110
8110
8111
8111
8112
8112
8113
8113
8114
8114
8115
8115
8116
8116
8117
8117
8118
8118
8119
8119
811A
811A
811B
811B
811C
811C
811D
811D
811E
811E
811E
811F
811F
8120
8120
8121
8121
8122
8122
8123
8123
8124
8124
8125
8125
8126
8126
8127
8127
8128
8128
8129
8129
812A
812A
812B
812B
812C
812C
812D
812D
812E
812E
812F
812F
8130
8130
8131
8131
8132
8132
8133
8133
8134
8134
8135
8135
8136
8136
8137
8137
8138
8138
8139
8139
813A
813A
813B
813B
813C
813C
813D
813D
813E
813E
813F
813F
8140
8140
8141
8141
8142
8142
8143
8143
8144
8144
8145
8145
8146
8146
8147
8147
8148
8148
8149
8149
814A
814A
814B
814B
814C
814C
814D
814D
814E
814E
814F
814F
8150
8150
8151
8151
8152
8152
8153
8153
8153
8154
8154
8155
8155
8156
8156
8157
8157
8158
8158
8159
8159
815A
815A
815B
815B
815C
815C
815D
815D
815E
815E
815F
815F
8160
8160
8161
8161
8162
8162
8163
8163
8164
8164
8165
8165
8166
8166
8167
8167
8168
8168
8169
8169
816A
816A
816B
816B
816C
816C
816D
816D
816E
816E
816F
816F
8170
8170
8171
8171
8172
8172
8173
8173
8174
8174
8175
8175
8176
8176
8177
8177
8178
8178
8179
8179
817A
817A
817B
817B
817C
817C
817D
817D
817E
817E
817F
817F
8180
8180
8180
8181
8181
8182
8182
8183
8183
8184
8184
8185
8185
8186
8186
8187
8187
8188
8188
8189
8189
818A
818A
818B
818B
818C
818C
818D
818D
818E
818E
818F
818F
8190
8190
8191
8191
8192
8192
8193
8193
8194
8194
8195
8195
8196
8196
8197
8197
8198
8198
8199
8199
819A
819A
819B
819B
819C
819C
819D
819D
819E
819E
819F
819F
81A0
81A0
81A1
81A1
81A2
81A2
81A3
81A3
81A4
81A4
81A5
81A5
81A6
81A6
81A7
81A7
81A8
81A8
81A9
81A9
81A9
81AA
81AA
81AB
81AB
81AC
81AC
81AD
81AD
81AE
81AE
81AF
81AF
81B0
81B0
81B1
81B1
81B2
81B2
81B3
81B3
81B4
81B4
81B5
81B5
81B6
81B6
81B7
81B7
81B8
81B8
81B9
81B9
81BA
81BA
81BB
81BB
81BC
81BC
81BD
81BD
81BE
81BE
81BF
81BF
81C0
81C0
81C1
81C1
81C2
81C2
81C3
81C3
81C4
81C4
81C5
81C5
81C6
81C6
81C7
81C7
81C8
81C8
81C9
81C9
81CA
81CA
81CB
81CB
81CC
81CC
81CD
81CD
81CE
81CE
81CE
81CF
81CF
81D0
81D0
81D1
81D1
81D2
81D2
81D3
81D3
81D4
81D4
81D5
81D5
81D6
81D6
81D7
81D7
81D8
81D8
81D9
81D9
81DA
81DA
81DB
81DB
81DC
81DC
81DD
81DD
81DE
81DE
81DF
81DF
81E0
81E0
81E1
81E1
81E2
81E2
81E3
81E3
81E4
81E4
81E5
81E5
81E6
81E6
81E7
81E7
81E8
81E8
81E9
81E9
81EA
81EA
81EB
81EB
81EC
81EC
81ED
81ED
81EE
81EE
81EF
81EF
81F0
81F0
81F0
81F1
81F1
81F2
81F2
81F3
81F3
81F4
81F4
81F5
81F5
81F6
81F6
81F7
81F7
81F8
81F8
81F9
81F9
81FA
81FA
81FB
81FB
81FC
81FC
81FD
81FD
81FE
81FE
81FF
81FF
8200
8200
8201
8201
8202
8202
8203
8203
8204
8204
8205
8205
8206
8206
8207
8207
8208
8208
8209
8209
820A
820A
820B
820B
820C
820C
820D
820D
820E
820E
820F
820F
8210
8210
8210
8211
8211
8212
8212
8213
8213
8214
8214
8215
8215
8216
8216
8217
8217
8218
8218
8219
8219
821A
821A
821B
821B
821C
821C
821D
821D
821E
821E
821F
821F
8220
8220
8221
8221
8222
8222
8223
8223
8224
8224
8225
8225
8226
8226
8227
8227
8228
8228
8229
8229
822A
822A
822B
822B
822C
822C
822D
822D
822E
822E
822E
822F
822F
8230
8230
8231
8231
8232
8232
8233
8233
8234
8234
8235
8235
8236
8236
8237
8237
8238
8238
8239
8239
823A
823A
823B
823B
823C
823C
823D
823D
823E
823E
823F
823F
8240
8240
8241
8241
8242
8242
8243
8243
8244
8244
8245
8245
8246
8246
8247
8247
8248
8248
8249
8249
824A
824A
824B
824B
824B
824C
824C
824D
824D
824E
824E
824F
824F
8250
8250
8251
8251
8252
8252
8253
8253
8254
8254
8255
8255
8256
8256
8257
8257
8258
8258
8259
8259
825A
825A
825B
825B
825C
825C
825D
825D
825E
825E
825F
825F
8260
8260
8261
8261
8262
8262
8263
8263
8264
8264
8265
8265
8266
8266
8266
8267
8267
8268
8268
8269
8269
826A
826A
826B
826B
826C
826C
826D
826D
826E
826E
826F
826F
8270
8270
8271
8271
8272
8272
8273
8273
8274
8274
8275
8275
8276
8276
8277
8277
8278
8278
8279
8279
827A
827A
827B
827B
827C
827C
827D
827D
827E
827E
827F
827F
8280
8280
8280
8281
8281
8282
8282
8283
8283
8284
8284
8285
8285
8286
8286
8287
8287
8288
8288
8289
8289
828A
828A
828B
828B
828C
828C
828D
828D
828E
828E
828F
828F
8290
8290
8291
8291
8292
8292
8293
8293
8294
8294
8295
8295
8296
8296
8297
8297
8298
8298
8299
8299
8299
829A
829A
829B
829B
829C
829C
829D
829D
829E
829E
829F
829F
82A0
82A0
82A1
82A1
82A2
82A2
82A3
82A3
82A4
82A4
82A5
82A5
82A6
82A6
82A7
82A7
82A8
82A8
82A9
82A9
82AA
82AA
82AB
82AB
82AC
82AC
82AD
82AD
82AE
82AE
82AF
82AF
82B0
82B0
82B1
82B1
82B1
82B2
82B2
82B3
82B3
82B4
82B4
82B5
82B5
82B6
82B6
82B7
82B7
82B8
82B8
82B9
82B9
82BA
82BA
82BB
82BB
82BC
82BC
82BD
82BD
82BE
82BE
82BF
82BF
82C0
82C0
82C1
82C1
82C2
82C2
82C3
82C3
82C4
82C4
82C5
82C5
82C6
82C6
82C7
82C7
82C8
82C8
82C9
82C9
82C9
82CA
82CA
82CB
82CB
82CC
82CC
82CD
82CD
82CE
82CE
82CF
82CF
82D0
82D0
82D1
82D1
82D2
82D2
82D3
82D3
82D4
82D4
82D5
82D5
82D6
82D6
82D7
82D7
82D8
82D8
82D9
82D9
82DA
82DA
82DB
82DB
82DC
82DC
82DD
82DD
82DE
82DE
82DF
82DF
82DF
82E0
82E0
82E1
82E1
82E2
82E2
82E3
82E3
82E4
82E4
82E5
82E5
82E6
82E6
82E7
82E7
82E8
82E8
82E9
82E9
82EA
82EA
82EB
82EB
82EC
82EC
82ED
82ED
82EE
82EE
82EF
82EF
82F0
82F0
82F1
82F1
82F2
82F2
82F3
82F3
82F4
82F4
82F5
82F5
82F5
82F6
82F6
82F7
82F7
82F8
82F8
82F9
82F9
82FA
82FA
82FB
82FB
82FC
82FC
82FD
82FD
82FE
82FE
82FF
82FF
8300
8300
8301
8301
8302
8302
8303
8303
8304
8304
8305
8305
8306
8306
8307
8307
8308
8308
8309
8309
830A
830A
830B
830B
830B
830C
830C
830D
830D
830E
830E
830F
830F
8310
8310
8311
8311
8312
8312
8313
8313
8314
8314
8315
8315
8316
8316
8317
8317
8318
8318
8319
8319
831A
831A
831B
831B
831C
831C
831D
831D
831E
831E
831F
831F
831F
8320
8320
8321
8321
8322
8322
8323
8323
8324
8324
8325
8325
8326
8326
8327
8327
8328
8328
8329
8329
832A
832A
832B
832B
832C
832C
832D
832D
832E
832E
832F
832F
8330
8330
8331
8331
8332
8332
8333
8333
8334
8334
8334
8335
8335
8336
8336
8337
8337
8338
8338
8339
8339
833A
833A
833B
833B
833C
833C
833D
833D
833E
833E
833F
833F
8340
8340
8341
8341
8342
8342
8343
8343
8344
8344
8345
8345
8346
8346
8347
8347
8347
8348
8348
8349
8349
834A
834A
834B
834B
834C
834C
834D
834D
834E
834E
834F
834F
8350
8350
8351
8351
8352
8352
8353
8353
8354
8354
8355
8355
8356
8356
8357
8357
8358
8358
8359
8359
835A
835A
835B
835B
835B
835C
835C
835D
835D
835E
835E
835F
835F
8360
8360
8361
8361
8362
8362
8363
8363
8364
8364
8365
8365
8366
8366
8367
8367
8368
8368
8369
8369
836A
836A
836B
836B
836C
836C
836D
836D
836E
836E
836E
836F
836F
8370
8370
8371
8371
8372
8372
8373
8373
8374
8374
8375
8375
8376
8376
8377
8377
8378
8378
8379
8379
837A
837A
837B
837B
837C
837C
837D
837D
837E
837E
837F
837F
8380
8380
8380
8381
8381
8382
8382
8383
8383
8384
8384
8385
8385
8386
8386
8387
8387
8388
8388
8389
8389
838A
838A
838B
838B
838C
838C
838D
838D
838E
838E
838F
838F
8390
8390
8391
8391
8392
8392
8392
8393
8393
8394
8394
8395
8395
8396
8396
8397
8397
8398
8398
8399
8399
839A
839A
839B
839B
839C
839C
839D
839D
839E
839E
839F
839F
83A0
83A0
83A1
83A1
83A2
83A2
83A3
83A3
83A4
83A4
83A4
83A5
83A5
83A6
83A6
83A7
83A7
83A8
83A8
83A9
83A9
83AA
83AA
83AB
83AB
83AC
83AC
83AD
83AD
83AE
83AE
83AF
83AF
83B0
83B0
83B1
83B1
83B2
83B2
83B3
83B3
83B4
83B4
83B5
83B5
83B5
83B6
83B6
83B7
83B7
83B8
83B8
83B9
83B9
83BA
83BA
83BB
83BB
83BC
83BC
83BD
83BD
83BE
83BE
83BF
83BF
83C0
83C0
83C1
83C1
83C2
83C2
83C3
83C3
83C4
83C4
83C5
83C5
83C6
83C6
83C6
83C7
83C7
83C8
83C8
83C9
83C9
83CA
83CA
83CB
83CB
83CC
83CC
83CD
83CD
83CE
83CE
83CF
83CF
83D0
83D0
83D1
83D1
83D2
83D2
83D3
83D3
83D4
83D4
83D5
83D5
83D6
83D6
83D7
83D7
83D7
83D8
83D8
83D9
83D9
83DA
83DA
83DB
83DB
83DC
83DC
83DD
83DD
83DE
83DE
83DF
83DF
83E0
83E0
83E1
83E1
83E2
83E2
83E3
83E3
83E4
83E4
83E5
83E5
83E6
83E6
83E7
83E7
83E8
83E8
83E8
83E9
83E9
83EA
83EA
83EB
83EB
83EC
83EC
83ED
83ED
83EE
83EE
83EF
83EF
83F0
83F0
83F1
83F1
83F2
83F2
83F3
83F3
83F4
83F4
83F5
83F5
83F6
83F6
83F7
83F7
83F8
83F8
83F8
83F9
83F9
83FA
83FA
83FB
83FB
83FC
83FC
83FD
83FD
83FE
83FE
83FF
83FF
8400
8400
8401
8401
8402
8402
8403
8403
8404
8404
8405
8405
8406
8406
8407
8407
8408
8408
8408
8409
8409
840A
840A
840B
840B
840C
840C
840D
840D
840E
840E
840F
840F
8410
8410
8411
8411
8412
8412
8413
8413
8414
8414
8415
8415
8416
8416
8417
8417
8418
8418
8418
8419
8419
841A
841A
841B
841B
841C
841C
841D
841D
841E
841E
841F
841F
8420
8420
8421
8421
8422
8422
8423
8423
8424
8424
8425
8425
8426
8426
8427
8427
8427
8428
8428
8429
8429
842A
842A
842B
842B
842C
842C
842D
842D
842E
842E
842F
842F
8430
8430
8431
8431
8432
8432
8433
8433
8434
8434
8435
8435
8436
8436
8437
8437
8437
8438
8438
8439
8439
843A
843A
843B
843B
843C
843C
843D
843D
843E
843E
843F
843F
8440
8440
8441
8441
8442
8442
8443
8443
8444
8444
8445
8445
8446
8446
8446
8447
8447
8448
8448
8449
8449
844A
844A
844B
844B
844C
844C
844D
844D
844E
844E
844F
844F
8450
8450
8451
8451
8452
8452
8453
8453
8454
8454
8455
8455
8455
8456
8456
8457
8457
8458
8458
8459
8459
845A
845A
845B
845B
845C
845C
845D
845D
845E
845E
845F
845F
8460
8460
8461
8461
8462
8462
8463
8463
8463
8464
8464
8465
8465
8466
8466
8467
8467
8468
8468
8469
8469
846A
846A
846B
846B
846C
846C
846D
846D
846E
846E
846F
846F
8470
8470
8471
8471
8472
8472
8472
8473
8473
8474
8474
8475
8475
8476
8476
8477
8477
8478
8478
8479
8479
847A
847A
847B
847B
847C
847C
847D
847D
847E
847E
847F
847F
8480
8480
8480
8481
8481
8482
8482
8483
8483
8484
8484
8485
8485
8486
8486
8487
8487
8488
8488
8489
8489
848A
848A
848B
848B
848C
848C
848D
848D
848E
848E
848E
848F
848F
8490
8490
8491
8491
8492
8492
8493
8493
8494
8494
8495
8495
8496
8496
8497
8497
8498
8498
8499
8499
849A
849A
849B
849B
849C
849C
849C
849D
849D
849E
849E
849F
849F
84A0
84A0
84A1
84A1
84A2
84A2
84A3
84A3
84A4
84A4
84A5
84A5
84A6
84A6
84A7
84A7
84A8
84A8
84A9
84A9
84AA
84AA
84AA
84AB
84AB
84AC
84AC
84AD
84AD
84AE
84AE
84AF
84AF
84B0
84B0
84B1
84B1
84B2
84B2
84B3
84B3
84B4
84B4
84B5
84B5
84B6
84B6
84B7
84B7
84B8
84B8
84B8
84B9
84B9
84BA
84BA
84BB
84BB
84BC
84BC
84BD
84BD
84BE
84BE
84BF
84BF
84C0
84C0
84C1
84C1
84C2
84C2
84C3
84C3
84C4
84C4
84C5
84C5
84C5
84C6
84C6
84C7
84C7
84C8
84C8
84C9
84C9
84CA
84CA
84CB
84CB
84CC
84CC
84CD
84CD
84CE
84CE
84CF
84CF
84D0
84D0
84D1
84D1
84D2
84D2
84D2
84D3
84D3
84D4
84D4
84D5
84D5
84D6
84D6
84D7
84D7
84D8
84D8
84D9
84D9
84DA
84DA
84DB
84DB
84DC
84DC
84DD
84DD
84DE
84DE
84DF
84DF
84E0
84E0
84E0
84E1
84E1
84E2
84E2
84E3
84E3
84E4
84E4
84E5
84E5
84E6
84E6
84E7
84E7
84E8
84E8
84E9
84E9
84EA
84EA
84EB
84EB
84EC
84EC
84ED
84ED
84ED
84EE
84EE
84EF
84EF
84F0
84F0
84F1
84F1
84F2
84F2
84F3
84F3
84F4
84F4
84F5
84F5
84F6
84F6
84F7
84F7
84F8
84F8
84F9
84F9
84FA
84FA
84FA
84FB
84FB
84FC
84FC
84FD
84FD
84FE
84FE
84FF
84FF
8500
8500
8501
8501
8502
8502
8503
8503
8504
8504
8505
8505
8506
8506
8506
8507
8507
8508
8508
8509
8509
850A
850A
850B
850B
850C
850C
850D
850D
850E
850E
850F
850F
8510
8510
8511
8511
8512
8512
8513
8513
8513
8514
8514
8515
8515
8516
8516
8517
8517
8518
8518
8519
8519
851A
851A
851B
851B
851C
851C
851D
851D
851E
851E
851F
851F
8520
8520
8520
8521
8521
8522
8522
8523
8523
8524
8524
8525
8525
8526
8526
8527
8527
8528
8528
8529
8529
852A
852A
852B
852B
852C
852C
852C
852D
852D
852E
852E
852F
852F
8530
8530
8531
8531
8532
8532
8533
8533
8534
8534
8535
8535
8536
8536
8537
8537
8538
8538
8538
8539
8539
853A
853A
853B
853B
853C
853C
853D
853D
853E
853E
853F
853F
8540
8540
8541
8541
8542
8542
8543
8543
8544
8544
8545
8545
8545
8546
8546
8547
8547
8548
8548
8549
8549
854A
854A
854B
854B
854C
854C
854D
854D
854E
854E
854F
854F
8550
8550
8551
8551
8551
8552
8552
8553
8553
8554
8554
8555
8555
8556
8556
8557
8557
8558
8558
8559
8559
855A
855A
855B
855B
855C
855C
855D
855D
855D
855E
855E
855F
855F
8560
8560
8561
8561
8562
8562
8563
8563
8564
8564
8565
8565
8566
8566
8567
8567
8568
8568
8569
8569
8569
856A
856A
856B
856B
856C
856C
856D
856D
856E
856E
856F
856F
8570
8570
8571
8571
8572
8572
8573
8573
8574
8574
8574
8575
8575
8576
8576
8577
8577
8578
8578
8579
8579
857A
857A
857B
857B
857C
857C
857D
857D
857E
857E
857F
857F
8580
8580
8580
8581
8581
8582
8582
8583
8583
8584
8584
8585
8585
8586
8586
8587
8587
8588
8588
8589
8589
858A
858A
858B
858B
858C
858C
858C
858D
858D
858E
858E
858F
858F
8590
8590
8591
8591
8592
8592
8593
8593
8594
8594
8595
8595
8596
8596
8597
8597
8597
8598
8598
8599
8599
859A
859A
859B
859B
859C
859C
859D
859D
859E
859E
859F
859F
85A0
85A0
85A1
85A1
85A2
85A2
85A2
85A3
85A3
85A4
85A4
85A5
85A5
85A6
85A6
85A7
85A7
85A8
85A8
85A9
85A9
85AA
85AA
85AB
85AB
85AC
85AC
85AD
85AD
85AE
85AE
85AE
85AF
85AF
85B0
85B0
85B1
85B1
85B2
85B2
85B3
85B3
85B4
85B4
85B5
85B5
85B6
85B6
85B7
85B7
85B8
85B8
85B9
85B9
85B9
85BA
85BA
85BB
85BB
85BC
85BC
85BD
85BD
85BE
85BE
85BF
85BF
85C0
85C0
85C1
85C1
85C2
85C2
85C3
85C3
85C4
85C4
85C4
85C5
85C5
85C6
85C6
85C7
85C7
85C8
85C8
85C9
85C9
85CA
85CA
85CB
85CB
85CC
85CC
85CD
85CD
85CE
85CE
85CF
85CF
85CF
85D0
85D0
85D1
85D1
85D2
85D2
85D3
85D3
85D4
85D4
85D5
85D5
85D6
85D6
85D7
85D7
85D8
85D8
85D9
85D9
85DA
85DA
85DA
85DB
85DB
85DC
85DC
85DD
85DD
85DE
85DE
85DF
85DF
85E0
85E0
85E1
85E1
85E2
85E2
85E3
85E3
85E4
85E4
85E5
85E5
85E5
85E6
85E6
85E7
85E7
85E8
85E8
85E9
85E9
85EA
85EA
85EB
85EB
85EC
85EC
85ED
85ED
85EE
85EE
85EF
85EF
85F0
85F0
85F0
85F1
85F1
85F2
85F2
85F3
85F3
85F4
85F4
85F5
85F5
85F6
85F6
85F7
85F7
85F8
85F8
85F9
85F9
85FA
85FA
85FB
85FB
85FB
85FC
85FC
85FD
85FD
85FE
85FE
85FF
85FF
8600
8600
8601
8601
8602
8602
8603
8603
8604
8604
8605
8605
8605
8606
8606
8607
8607
8608
8608
8609
8609
860A
860A
860B
860B
860C
860C
860D
860D
860E
860E
860F
860F
8610
8610
8610
8611
8611
8612
8612
8613
8613
8614
8614
8615
8615
8616
8616
8617
8617
8618
8618
8619
8619
861A
861A
861A
861B
861B
861C
861C
861D
861D
861E
861E
861F
861F
8620
8620
8621
8621
8622
8622
8623
8623
8624
8624
8625
8625
8625
8626
8626
8627
8627
8628
8628
8629
8629
862A
862A
862B
862B
862C
862C
862D
862D
862E
862E
862F
862F
862F
8630
8630
8631
8631
8632
8632
8633
8633
8634
8634
8635
8635
8636
8636
8637
8637
8638
8638
8639
8639
863A
863A
863A
863B
863B
863C
863C
863D
863D
863E
863E
863F
863F
8640
8640
8641
8641
8642
8642
8643
8643
8644
8644
8644
8645
8645
8646
8646
8647
8647
8648
8648
8649
8649
864A
864A
864B
864B
864C
864C
864D
864D
864E
864E
864E
864F
864F
8650
8650
8651
8651
8652
8652
8653
8653
8654
8654
8655
8655
8656
8656
8657
8657
8658
8658
8658
8659
8659
865A
865A
865B
865B
865C
865C
865D
865D
865E
865E
865F
865F
8660
8660
8661
8661
8662
8662
8662
8663
8663
8664
8664
8665
8665
8666
8666
8667
8667
8668
8668
8669
8669
866A
866A
866B
866B
866C
866C
866C
866D
866D
866E
866E
866F
866F
8670
8670
8671
8671
8672
8672
8673
8673
8674
8674
8675
8675
8676
8676
8676
8677
8677
8678
8678
8679
8679
867A
867A
867B
867B
867C
867C
867D
867D
867E
867E
867F
867F
8680
8680
8680
8681
8681
8682
8682
8683
8683
8684
8684
8685
8685
8686
8686
8687
8687
8688
8688
8689
8689
868A
868A
868A
868B
868B
868C
868C
868D
868D
868E
868E
868F
868F
8690
8690
8691
8691
8692
8692
8693
8693
8694
8694
8694
8695
8695
8696
8696
8697
8697
8698
8698
8699
8699
869A
869A
869B
869B
869C
869C
869D
869D
869D
869E
869E
869F
869F
86A0
86A0
86A1
86A1
86A2
86A2
86A3
86A3
86A4
86A4
86A5
86A5
86A6
86A6
86A7
86A7
86A7
86A8
86A8
86A9
86A9
86AA
86AA
86AB
86AB
86AC
86AC
86AD
86AD
86AE
86AE
86AF
86AF
86B0
86B0
86B1
86B1
86B1
86B2
86B2
86B3
86B3
86B4
86B4
86B5
86B5
86B6
86B6
86B7
86B7
86B8
86B8
86B9
86B9
86BA
86BA
86BA
86BB
86BB
86BC
86BC
86BD
86BD
86BE
86BE
86BF
86BF
86C0
86C0
86C1
86C1
86C2
86C2
86C3
86C3
86C4
86C4
86C4
86C5
86C5
86C6
86C6
86C7
86C7
86C8
86C8
86C9
86C9
86CA
86CA
86CB
86CB
86CC
86CC
86CD
86CD
86CD
86CE
86CE
86CF
86CF
86D0
86D0
86D1
86D1
86D2
86D2
86D3
86D3
86D4
86D4
86D5
86D5
86D6
86D6
86D6
86D7
86D7
86D8
86D8
86D9
86D9
86DA
86DA
86DB
86DB
86DC
86DC
86DD
86DD
86DE
86DE
86DF
86DF
86E0
86E0
86E0
86E1
86E1
86E2
86E2
86E3
86E3
86E4
86E4
86E5
86E5
86E6
86E6
86E7
86E7
86E8
86E8
86E9
86E9
86E9
86EA
86EA
86EB
86EB
86EC
86EC
86ED
86ED
86EE
86EE
86EF
86EF
86F0
86F0
86F1
86F1
86F2
86F2
86F2
86F3
86F3
86F4
86F4
86F5
86F5
86F6
86F6
86F7
86F7
86F8
86F8
86F9
86F9
86FA
86FA
86FB
86FB
86FB
86FC
86FC
86FD
86FD
86FE
86FE
86FF
86FF
8700
8700
8701
8701
8702
8702
8703
8703
8704
8704
8705
8705
8705
8706
8706
8707
8707
8708
8708
8709
8709
870A
870A
870B
870B
870C
870C
870D
870D
870E
870E
870E
870F
870F
8710
8710
8711
8711
8712
8712
8713
8713
8714
8714
8715
8715
8716
8716
8717
8717
8717
8718
8718
8719
8719
871A
871A
871B
871B
871C
871C
871D
871D
871E
871E
871F
871F
8720
8720
8720
8721
8721
8722
8722
8723
8723
8724
8724
8725
8725
8726
8726
8727
8727
8728
8728
8729
8729
8729
872A
872A
872B
872B
872C
872C
872D
872D
872E
872E
872F
872F
8730
8730
8731
8731
8732
8732
8732
8733
8733
8734
8734
8735
8735
8736
8736
8737
8737
8738
8738
8739
8739
873A
873A
873A
873B
873B
873C
873C
873D
873D
873E
873E
873F
873F
8740
8740
8741
8741
8742
8742
8743
8743
8743
8744
8744
8745
8745
8746
8746
8747
8747
8748
8748
8749
8749
874A
874A
874B
874B
874C
874C
874C
874D
874D
874E
874E
874F
874F
8750
8750
8751
8751
8752
8752
8753
8753
8754
8754
8755
8755
8755
8756
8756
8757
8757
8758
8758
8759
8759
875A
875A
875B
875B
875C
875C
875D
875D
875E
875E
875E
875F
875F
8760
8760
8761
8761
8762
8762
8763
8763
8764
8764
8765
8765
8766
8766
8766
8767
8767
8768
8768
8769
8769
876A
876A
876B
876B
876C
876C
876D
876D
876E
876E
876F
876F
876F
8770
8770
8771
8771
8772
8772
8773
8773
8774
8774
8775
8775
8776
8776
8777
8777
8777
8778
8778
8779
8779
877A
877A
877B
877B
877C
877C
877D
877D
877E
877E
877F
877F
8780
8780
8780
8781
8781
8782
8782
8783
8783
8784
8784
8785
8785
8786
8786
8787
8787
8788
8788
8789
8789
8789
878A
878A
878B
878B
878C
878C
878D
878D
878E
878E
878F
878F
8790
8790
8791
8791
8791
8792
8792
8793
8793
8794
8794
8795
8795
8796
8796
8797
8797
8798
8798
8799
8799
8799
879A
879A
879B
879B
879C
879C
879D
879D
879E
879E
879F
879F
87A0
87A0
87A1
87A1
87A2
87A2
87A2
87A3
87A3
87A4
87A4
87A5
87A5
87A6
87A6
87A7
87A7
87A8
87A8
87A9
87A9
87AA
87AA
87AA
87AB
87AB
87AC
87AC
87AD
87AD
87AE
87AE
87AF
87AF
87B0
87B0
87B1
87B1
87B2
87B2
87B3
87B3
87B3
87B4
87B4
87B5
87B5
87B6
87B6
87B7
87B7
87B8
87B8
87B9
87B9
87BA
87BA
87BB
87BB
87BB
87BC
87BC
87BD
87BD
87BE
87BE
87BF
87BF
87C0
87C0
87C1
87C1
87C2
87C2
87C3
87C3
87C3
87C4
87C4
87C5
87C5
87C6
87C6
87C7
87C7
87C8
87C8
87C9
87C9
87CA
87CA
87CB
87CB
87CB
87CC
87CC
87CD
87CD
87CE
87CE
87CF
87CF
87D0
87D0
87D1
87D1
87D2
87D2
87D3
87D3
87D4
87D4
87D4
87D5
87D5
87D6
87D6
87D7
87D7
87D8
87D8
87D9
87D9
87DA
87DA
87DB
87DB
87DC
87DC
87DC
87DD
87DD
87DE
87DE
87DF
87DF
87E0
87E0
87E1
87E1
87E2
87E2
87E3
87E3
87E4
87E4
87E4
87E5
87E5
87E6
87E6
87E7
87E7
87E8
87E8
87E9
87E9
87EA
87EA
87EB
87EB
87EC
87EC
87EC
87ED
87ED
87EE
87EE
87EF
87EF
87F0
87F0
87F1
87F1
87F2
87F2
87F3
87F3
87F4
87F4
87F4
87F5
87F5
87F6
87F6
87F7
87F7
87F8
87F8
87F9
87F9
87FA
87FA
87FB
87FB
87FC
87FC
87FC
87FD
87FD
87FE
87FE
87FF
87FF
8800
8800
8801
8801
8802
8802
8803
8803
8804
8804
8804
8805
8805
8806
8806
8807
8807
8808
8808
8809
8809
880A
880A
880B
880B
880C
880C
880C
880D
880D
880E
880E
880F
880F
8810
8810
8811
8811
8812
8812
8813
8813
8814
8814
8814
8815
8815
8816
8816
8817
8817
8818
8818
8819
8819
881A
881A
881B
881B
881C
881C
881C
881D
881D
881E
881E
881F
881F
8820
8820
8821
8821
8822
8822
8823
8823
8824
8824
8824
8825
8825
8826
8826
8827
8827
8828
8828
8829
8829
882A
882A
882B
882B
882C
882C
882C
882D
882D
882E
882E
882F
882F
8830
8830
8831
8831
8832
8832
8833
8833
8833
8834
8834
8835
8835
8836
8836
8837
8837
8838
8838
8839
8839
883A
883A
883B
883B
883B
883C
883C
883D
883D
883E
883E
883F
883F
8840
8840
8841
8841
8842
8842
8843
8843
8843
8844
8844
8845
8845
8846
8846
8847
8847
8848
8848
8849
8849
884A
884A
884B
884B
884B
884C
884C
884D
884D
884E
884E
884F
884F
8850
8850
8851
8851
8852
8852
8852
8853
8853
8854
8854
8855
8855
8856
8856
8857
8857
8858
8858
8859
8859
885A
885A
885A
885B
885B
885C
885C
885D
885D
885E
885E
885F
885F
8860
8860
8861
8861
8862
8862
8862
8863
8863
8864
8864
8865
8865
8866
8866
8867
8867
8868
8868
8869
8869
8869
886A
886A
886B
886B
886C
886C
886D
886D
886E
886E
886F
886F
8870
8870
8871
8871
8871
8872
8872
8873
8873
8874
8874
8875
8875
8876
8876
8877
8877
8878
8878
8878
8879
8879
887A
887A
887B
887B
887C
887C
887D
887D
887E
887E
887F
887F
8880
8880
8880
8881
8881
8882
8882
8883
8883
8884
8884
8885
8885
8886
8886
8887
8887
8888
8888
8888
8889
8889
888A
888A
888B
888B
888C
888C
888D
888D
888E
888E
888F
888F
888F
8890
8890
8891
8891
8892
8892
8893
8893
8894
8894
8895
8895
8896
8896
8896
8897
8897
8898
8898
8899
8899
889A
889A
889B
889B
889C
889C
889D
889D
889E
889E
889E
889F
889F
88A0
88A0
88A1
88A1
88A2
88A2
88A3
88A3
88A4
88A4
88A5
88A5
88A5
88A6
88A6
88A7
88A7
88A8
88A8
88A9
88A9
88AA
88AA
88AB
88AB
88AC
88AC
88AD
88AD
88AD
88AE
88AE
88AF
88AF
88B0
88B0
88B1
88B1
88B2
88B2
88B3
88B3
88B4
88B4
88B4
88B5
88B5
88B6
88B6
88B7
88B7
88B8
88B8
88B9
88B9
88BA
88BA
88BB
88BB
88BB
88BC
88BC
88BD
88BD
88BE
88BE
88BF
88BF
88C0
88C0
88C1
88C1
88C2
88C2
88C3
88C3
88C3
88C4
88C4
88C5
88C5
88C6
88C6
88C7
88C7
88C8
88C8
88C9
88C9
88CA
88CA
88CA
88CB
88CB
88CC
88CC
88CD
88CD
88CE
88CE
88CF
88CF
88D0
88D0
88D1
88D1
88D1
88D2
88D2
88D3
88D3
88D4
88D4
88D5
88D5
88D6
88D6
88D7
88D7
88D8
88D8
88D9
88D9
88D9
88DA
88DA
88DB
88DB
88DC
88DC
88DD
88DD
88DE
88DE
88DF
88DF
88E0
88E0
88E0
88E1
88E1
88E2
88E2
88E3
88E3
88E4
88E4
88E5
88E5
88E6
88E6
88E7
88E7
88E7
88E8
88E8
88E9
88E9
88EA
88EA
88EB
88EB
88EC
88EC
88ED
88ED
88EE
88EE
88EE
88EF
88EF
88F0
88F0
88F1
88F1
88F2
88F2
88F3
88F3
88F4
88F4
88F5
88F5
88F5
88F6
88F6
88F7
88F7
88F8
88F8
88F9
88F9
88FA
88FA
88FB
88FB
88FC
88FC
88FC
88FD
88FD
88FE
88FE
88FF
88FF
8900
8900
8901
8901
8902
8902
8903
8903
8904
8904
8904
8905
8905
8906
8906
8907
8907
8908
8908
8909
8909
890A
890A
890B
890B
890B
890C
890C
890D
890D
890E
890E
890F
890F
8910
8910
8911
8911
8912
8912
8912
8913
8913
8914
8914
8915
8915
8916
8916
8917
8917
8918
8918
8919
8919
8919
891A
891A
891B
891B
891C
891C
891D
891D
891E
891E
891F
891F
8920
8920
8920
8921
8921
8922
8922
8923
8923
8924
8924
8925
8925
8926
8926
8927
8927
8927
8928
8928
8929
8929
892A
892A
892B
892B
892C
892C
892D
892D
892E
892E
892E
892F
892F
8930
8930
8931
8931
8932
8932
8933
8933
8934
8934
8935
8935
8935
8936
8936
8937
8937
8938
8938
8939
8939
893A
893A
893B
893B
893C
893C
893C
893D
893D
893E
893E
893F
893F
8940
8940
8941
8941
8942
8942
8943
8943
8943
8944
8944
8945
8945
8946
8946
8947
8947
8948
8948
8949
8949
8949
894A
894A
894B
894B
894C
894C
894D
894D
894E
894E
894F
894F
8950
8950
8950
8951
8951
8952
8952
8953
8953
8954
8954
8955
8955
8956
8956
8957
8957
8957
8958
8958
8959
8959
895A
895A
895B
895B
895C
895C
895D
895D
895E
895E
895E
895F
895F
8960
8960
8961
8961
8962
8962
8963
8963
8964
8964
8965
8965
8965
8966
8966
8967
8967
8968
8968
8969
8969
896A
896A
896B
896B
896C
896C
896C
896D
896D
896E
896E
896F
896F
8970
8970
8971
8971
8972
8972
8972
8973
8973
8974
8974
8975
8975
8976
8976
8977
8977
8978
8978
8979
8979
8979
897A
897A
897B
897B
897C
897C
897D
897D
897E
897E
897F
897F
8980
8980
8980
8981
8981
8982
8982
8983
8983
8984
8984
8985
8985
8986
8986
8987
8987
8987
8988
8988
8989
8989
898A
898A
898B
898B
898C
898C
898D
898D
898D
898E
898E
898F
898F
8990
8990
8991
8991
8992
8992
8993
8993
8994
8994
8994
8995
8995
8996
8996
8997
8997
8998
8998
8999
8999
899A
899A
899B
899B
899B
899C
899C
899D
899D
899E
899E
899F
899F
89A0
89A0
89A1
89A1
89A1
89A2
89A2
89A3
89A3
89A4
89A4
89A5
89A5
89A6
89A6
89A7
89A7
89A8
89A8
89A8
89A9
89A9
89AA
89AA
89AB
89AB
89AC
89AC
89AD
89AD
89AE
89AE
89AF
89AF
89AF
89B0
89B0
89B1
89B1
89B2
89B2
89B3
89B3
89B4
89B4
89B5
89B5
89B5
89B6
89B6
89B7
89B7
89B8
89B8
89B9
89B9
89BA
89BA
89BB
89BB
89BC
89BC
89BC
89BD
89BD
89BE
89BE
89BF
89BF
89C0
89C0
89C1
89C1
89C2
89C2
89C2
89C3
89C3
89C4
89C4
89C5
89C5
89C6
89C6
89C7
89C7
89C8
89C8
89C9
89C9
89C9
89CA
89CA
89CB
89CB
89CC
89CC
89CD
89CD
89CE
89CE
89CF
89CF
89D0
89D0
89D0
89D1
89D1
89D2
89D2
89D3
89D3
89D4
89D4
89D5
89D5
89D6
89D6
89D6
89D7
89D7
89D8
89D8
89D9
89D9
89DA
89DA
89DB
89DB
89DC
89DC
89DD
89DD
89DD
89DE
89DE
89DF
89DF
89E0
89E0
89E1
89E1
89E2
89E2
89E3
89E3
89E3
89E4
89E4
89E5
89E5
89E6
89E6
89E7
89E7
89E8
89E8
89E9
89E9
89EA
89EA
89EA
89EB
89EB
89EC
89EC
89ED
89ED
89EE
89EE
89EF
89EF
89F0
89F0
89F0
89F1
89F1
89F2
89F2
89F3
89F3
89F4
89F4
89F5
89F5
89F6
89F6
89F6
89F7
89F7
89F8
89F8
89F9
89F9
89FA
89FA
89FB
89FB
89FC
89FC
89FD
89FD
89FD
89FE
89FE
89FF
89FF
8A00
8A00
8A01
8A01
8A02
8A02
8A03
8A03
8A03
8A04
8A04
8A05
8A05
8A06
8A06
8A07
8A07
8A08
8A08
8A09
8A09
8A0A
8A0A
8A0A
8A0B
8A0B
8A0C
8A0C
8A0D
8A0D
8A0E
8A0E
8A0F
8A0F
8A10
8A10
8A10
8A11
8A11
8A12
8A12
8A13
8A13
8A14
8A14
8A15
8A15
8A16
8A16
8A16
8A17
8A17
8A18
8A18
8A19
8A19
8A1A
8A1A
8A1B
8A1B
8A1C
8A1C
8A1D
8A1D
8A1D
8A1E
8A1E
8A1F
8A1F
8A20
8A20
8A21
8A21
8A22
8A22
8A23
8A23
8A23
8A24
8A24
8A25
8A25
8A26
8A26
8A27
8A27
8A28
8A28
8A29
8A29
8A29
8A2A
8A2A
8A2B
8A2B
8A2C
8A2C
8A2D
8A2D
8A2E
8A2E
8A2F
8A2F
8A30
8A30
8A30
8A31
8A31
8A32
8A32
8A33
8A33
8A34
8A34
8A35
8A35
8A36
8A36
8A36
8A37
8A37
8A38
8A38
8A39
8A39
8A3A
8A3A
8A3B
8A3B
8A3C
8A3C
8A3C
8A3D
8A3D
8A3E
8A3E
8A3F
8A3F
8A40
8A40
8A41
8A41
8A42
8A42
8A42
8A43
8A43
8A44
8A44
8A45
8A45
8A46
8A46
8A47
8A47
8A48
8A48
8A49
8A49
8A49
8A4A
8A4A
8A4B
8A4B
8A4C
8A4C
8A4D
8A4D
8A4E
8A4E
8A4F
8A4F
8A4F
8A50
8A50
8A51
8A51
8A52
8A52
8A53
8A53
8A54
8A54
8A55
8A55
8A55
8A56
8A56
8A57
8A57
8A58
8A58
8A59
8A59
8A5A
8A5A
8A5B
8A5B
8A5B
8A5C
8A5C
8A5D
8A5D
8A5E
8A5E
8A5F
8A5F
8A60
8A60
8A61
8A61
8A61
8A62
8A62
8A63
8A63
8A64
8A64
8A65
8A65
8A66
8A66
8A67
8A67
8A68
8A68
8A68
8A69
8A69
8A6A
8A6A
8A6B
8A6B
8A6C
8A6C
8A6D
8A6D
8A6E
8A6E
8A6E
8A6F
8A6F
8A70
8A70
8A71
8A71
8A72
8A72
8A73
8A73
8A74
8A74
8A74
8A75
8A75
8A76
8A76
8A77
8A77
8A78
8A78
8A79
8A79
8A7A
8A7A
8A7A
8A7B
8A7B
8A7C
8A7C
8A7D
8A7D
8A7E
8A7E
8A7F
8A7F
8A80
8A80
8A80
8A81
8A81
8A82
8A82
8A83
8A83
8A84
8A84
8A85
8A85
8A86
8A86
8A86
8A87
8A87
8A88
8A88
8A89
8A89
8A8A
8A8A
8A8B
8A8B
8A8C
8A8C
8A8C
8A8D
8A8D
8A8E
8A8E
8A8F
8A8F
8A90
8A90
8A91
8A91
8A92
8A92
8A92
8A93
8A93
8A94
8A94
8A95
8A95
8A96
8A96
8A97
8A97
8A98
8A98
8A98
8A99
8A99
8A9A
8A9A
8A9B
8A9B
8A9C
8A9C
8A9D
8A9D
8A9E
8A9E
8A9E
8A9F
8A9F
8AA0
8AA0
8AA1
8AA1
8AA2
8AA2
8AA3
8AA3
8AA4
8AA4
8AA4
8AA5
8AA5
8AA6
8AA6
8AA7
8AA7
8AA8
8AA8
8AA9
8AA9
8AAA
8AAA
8AAA
8AAB
8AAB
8AAC
8AAC
8AAD
8AAD
8AAE
8AAE
8AAF
8AAF
8AB0
8AB0
8AB0
8AB1
8AB1
8AB2
8AB2
8AB3
8AB3
8AB4
8AB4
8AB5
8AB5
8AB6
8AB6
8AB6
8AB7
8AB7
8AB8
8AB8
8AB9
8AB9
8ABA
8ABA
8ABB
8ABB
8ABC
8ABC
8ABC
8ABD
8ABD
8ABE
8ABE
8ABF
8ABF
8AC0
8AC0
8AC1
8AC1
8AC2
8AC2
8AC2
8AC3
8AC3
8AC4
8AC4
8AC5
8AC5
8AC6
8AC6
8AC7
8AC7
8AC8
8AC8
8AC8
8AC9
8AC9
8ACA
8ACA
8ACB
8ACB
8ACC
8ACC
8ACD
8ACD
8ACE
8ACE
8ACE
8ACF
8ACF
8AD0
8AD0
8AD1
8AD1
8AD2
8AD2
8AD3
8AD3
8AD4
8AD4
8AD4
8AD5
8AD5
8AD6
8AD6
8AD7
8AD7
8AD8
8AD8
8AD9
8AD9
8ADA
8ADA
8ADA
8ADB
8ADB
8ADC
8ADC
8ADD
8ADD
8ADE
8ADE
8ADF
8ADF
8AE0
8AE0
8AE0
8AE1
8AE1
8AE2
8AE2
8AE3
8AE3
8AE4
8AE4
8AE5
8AE5
8AE6
8AE6
8AE6
8AE7
8AE7
8AE8
8AE8
8AE9
8AE9
8AEA
8AEA
8AEB
8AEB
8AEC
8AEC
8AEC
8AED
8AED
8AEE
8AEE
8AEF
8AEF
8AF0
8AF0
8AF1
8AF1
8AF1
8AF2
8AF2
8AF3
8AF3
8AF4
8AF4
8AF5
8AF5
8AF6
8AF6
8AF7
8AF7
8AF7
8AF8
8AF8
8AF9
8AF9
8AFA
8AFA
8AFB
8AFB
8AFC
8AFC
8AFD
8AFD
8AFD
8AFE
8AFE
8AFF
8AFF
8B00
8B00
8B01
8B01
8B02
8B02
8B03
8B03
8B03
8B04
8B04
8B05
8B05
8B06
8B06
8B07
8B07
8B08
8B08
8B09
8B09
8B09
8B0A
8B0A
8B0B
8B0B
8B0C
8B0C
8B0D
8B0D
8B0E
8B0E
8B0F
8B0F
8B0F
8B10
8B10
8B11
8B11
8B12
8B12
8B13
8B13
8B14
8B14
8B14
8B15
8B15
8B16
8B16
8B17
8B17
8B18
8B18
8B19
8B19
8B1A
8B1A
8B1A
8B1B
8B1B
8B1C
8B1C
8B1D
8B1D
8B1E
8B1E
8B1F
8B1F
8B20
8B20
8B20
8B21
8B21
8B22
8B22
8B23
8B23
8B24
8B24
8B25
8B25
8B26
8B26
8B26
8B27
8B27
8B28
8B28
8B29
8B29
8B2A
8B2A
8B2B
8B2B
8B2B
8B2C
8B2C
8B2D
8B2D
8B2E
8B2E
8B2F
8B2F
8B30
8B30
8B31
8B31
8B31
8B32
8B32
8B33
8B33
8B34
8B34
8B35
8B35
8B36
8B36
8B37
8B37
8B37
8B38
8B38
8B39
8B39
8B3A
8B3A
8B3B
8B3B
8B3C
8B3C
8B3C
8B3D
8B3D
8B3E
8B3E
8B3F
8B3F
8B40
8B40
8B41
8B41
8B42
8B42
8B42
8B43
8B43
8B44
8B44
8B45
8B45
8B46
8B46
8B47
8B47
8B48
8B48
8B48
8B49
8B49
8B4A
8B4A
8B4B
8B4B
8B4C
8B4C
8B4D
8B4D
8B4D
8B4E
8B4E
8B4F
8B4F
8B50
8B50
8B51
8B51
8B52
8B52
8B53
8B53
8B53
8B54
8B54
8B55
8B55
8B56
8B56
8B57
8B57
8B58
8B58
8B59
8B59
8B59
8B5A
8B5A
8B5B
8B5B
8B5C
8B5C
8B5D
8B5D
8B5E
8B5E
8B5E
8B5F
8B5F
8B60
8B60
8B61
8B61
8B62
8B62
8B63
8B63
8B64
8B64
8B64
8B65
8B65
8B66
8B66
8B67
8B67
8B68
8B68
8B69
8B69
8B6A
8B6A
8B6A
8B6B
8B6B
8B6C
8B6C
8B6D
8B6D
8B6E
8B6E
8B6F
8B6F
8B6F
8B70
8B70
8B71
8B71
8B72
8B72
8B73
8B73
8B74
8B74
8B75
8B75
8B75
8B76
8B76
8B77
8B77
8B78
8B78
8B79
8B79
8B7A
8B7A
8B7A
8B7B
8B7B
8B7C
8B7C
8B7D
8B7D
8B7E
8B7E
8B7F
8B7F
8B80
8B80
8B80
8B81
8B81
8B82
8B82
8B83
8B83
8B84
8B84
8B85
8B85
8B86
8B86
8B86
8B87
8B87
8B88
8B88
8B89
8B89
8B8A
8B8A
8B8B
8B8B
8B8B
8B8C
8B8C
8B8D
8B8D
8B8E
8B8E
8B8F
8B8F
8B90
8B90
8B91
8B91
8B91
8B92
8B92
8B93
8B93
8B94
8B94
8B95
8B95
8B96
8B96
8B96
8B97
8B97
8B98
8B98
8B99
8B99
8B9A
8B9A
8B9B
8B9B
8B9C
8B9C
8B9C
8B9D
8B9D
8B9E
8B9E
8B9F
8B9F
8BA0
8BA0
8BA1
8BA1
8BA1
8BA2
8BA2
8BA3
8BA3
8BA4
8BA4
8BA5
8BA5
8BA6
8BA6
8BA7
8BA7
8BA7
8BA8
8BA8
8BA9
8BA9
8BAA
8BAA
8BAB
8BAB
8BAC
8BAC
8BAC
8BAD
8BAD
8BAE
8BAE
8BAF
8BAF
8BB0
8BB0
8BB1
8BB1
8BB2
8BB2
8BB2
8BB3
8BB3
8BB4
8BB4
8BB5
8BB5
8BB6
8BB6
8BB7
8BB7
8BB7
8BB8
8BB8
8BB9
8BB9
8BBA
8BBA
8BBB
8BBB
8BBC
8BBC
8BBD
8BBD
8BBD
8BBE
8BBE
8BBF
8BBF
8BC0
8BC0
8BC1
8BC1
8BC2
8BC2
8BC2
8BC3
8BC3
8BC4
8BC4
8BC5
8BC5
8BC6
8BC6
8BC7
8BC7
8BC7
8BC8
8BC8
8BC9
8BC9
8BCA
8BCA
8BCB
8BCB
8BCC
8BCC
8BCD
8BCD
8BCD
8BCE
8BCE
8BCF
8BCF
8BD0
8BD0
8BD1
8BD1
8BD2
8BD2
8BD2
8BD3
8BD3
8BD4
8BD4
8BD5
8BD5
8BD6
8BD6
8BD7
8BD7
8BD8
8BD8
8BD8
8BD9
8BD9
8BDA
8BDA
8BDB
8BDB
8BDC
8BDC
8BDD
8BDD
8BDD
8BDE
8BDE
8BDF
8BDF
8BE0
8BE0
8BE1
8BE1
8BE2
8BE2
8BE3
8BE3
8BE3
8BE4
8BE4
8BE5
8BE5
8BE6
8BE6
8BE7
8BE7
8BE8
8BE8
8BE8
8BE9
8BE9
8BEA
8BEA
8BEB
8BEB
8BEC
8BEC
8BED
8BED
8BED
8BEE
8BEE
8BEF
8BEF
8BF0
8BF0
8BF1
8BF1
8BF2
8BF2
8BF3
8BF3
8BF3
8BF4
8BF4
8BF5
8BF5
8BF6
8BF6
8BF7
8BF7
8BF8
8BF8
8BF8
8BF9
8BF9
8BFA
8BFA
8BFB
8BFB
8BFC
8BFC
8BFD
8BFD
8BFD
8BFE
8BFE
8BFF
8BFF
8C00
8C00
8C01
8C01
8C02
8C02
8C03
8C03
8C03
8C04
8C04
8C05
8C05
8C06
8C06
8C07
8C07
8C08
8C08
8C08
8C09
8C09
8C0A
8C0A
8C0B
8C0B
8C0C
8C0C
8C0D
8C0D
8C0D
8C0E
8C0E
8C0F
8C0F
8C10
8C10
8C11
8C11
8C12
8C12
8C13
8C13
8C13
8C14
8C14
8C15
8C15
8C16
8C16
8C17
8C17
8C18
8C18
8C18
8C19
8C19
8C1A
8C1A
8C1B
8C1B
8C1C
8C1C
8C1D
8C1D
8C1D
8C1E
8C1E
8C1F
8C1F
8C20
8C20
8C21
8C21
8C22
8C22
8C22
8C23
8C23
8C24
8C24
8C25
8C25
8C26
8C26
8C27
8C27
8C28
8C28
8C28
8C29
8C29
8C2A
8C2A
8C2B
8C2B
8C2C
8C2C
8C2D
8C2D
8C2D
8C2E
8C2E
8C2F
8C2F
8C30
8C30
8C31
8C31
8C32
8C32
8C32
8C33
8C33
8C34
8C34
8C35
8C35
8C36
8C36
8C37
8C37
8C37
8C38
8C38
8C39
8C39
8C3A
8C3A
8C3B
8C3B
8C3C
8C3C
8C3D
8C3D
8C3D
8C3E
8C3E
8C3F
8C3F
8C40
8C40
8C41
8C41
8C42
8C42
8C42
8C43
8C43
8C44
8C44
8C45
8C45
8C46
8C46
8C47
8C47
8C47
8C48
8C48
8C49
8C49
8C4A
8C4A
8C4B
8C4B
8C4C
8C4C
8C4C
8C4D
8C4D
8C4E
8C4E
8C4F
8C4F
8C50
8C50
8C51
8C51
8C52
8C52
8C52
8C53
8C53
8C54
8C54
8C55
8C55
8C56
8C56
8C57
8C57
8C57
8C58
8C58
8C59
8C59
8C5A
8C5A
8C5B
8C5B
8C5C
8C5C
8C5C
8C5D
8C5D
8C5E
8C5E
8C5F
8C5F
8C60
8C60
8C61
8C61
8C61
8C62
8C62
8C63
8C63
8C64
8C64
8C65
8C65
8C66
8C66
8C66
8C67
8C67
8C68
8C68
8C69
8C69
8C6A
8C6A
8C6B
8C6B
8C6B
8C6C
8C6C
8C6D
8C6D
8C6E
8C6E
8C6F
8C6F
8C70
8C70
8C71
8C71
8C71
8C72
8C72
8C73
8C73
8C74
8C74
8C75
8C75
8C76
8C76
8C76
8C77
8C77
8C78
8C78
8C79
8C79
8C7A
8C7A
8C7B
8C7B
8C7B
8C7C
8C7C
8C7D
8C7D
8C7E
8C7E
8C7F
8C7F
8C80
8C80
8C80
8C81
8C81
8C82
8C82
8C83
8C83
8C84
8C84
8C85
8C85
8C85
8C86
8C86
8C87
8C87
8C88
8C88
8C89
8C89
8C8A
8C8A
8C8A
8C8B
8C8B
8C8C
8C8C
8C8D
8C8D
8C8E
8C8E
8C8F
8C8F
8C8F
8C90
8C90
8C91
8C91
8C92
8C92
8C93
8C93
8C94
8C94
8C94
8C95
8C95
8C96
8C96
8C97
8C97
8C98
8C98
8C99
8C99
8C99
8C9A
8C9A
8C9B
8C9B
8C9C
8C9C
8C9D
8C9D
8C9E
8C9E
8C9F
8C9F
8C9F
8CA0
8CA0
8CA1
8CA1
8CA2
8CA2
8CA3
8CA3
8CA4
8CA4
8CA4
8CA5
8CA5
8CA6
8CA6
8CA7
8CA7
8CA8
8CA8
8CA9
8CA9
8CA9
8CAA
8CAA
8CAB
8CAB
8CAC
8CAC
8CAD
8CAD
8CAE
8CAE
8CAE
8CAF
8CAF
8CB0
8CB0
8CB1
8CB1
8CB2
8CB2
8CB3
8CB3
8CB3
8CB4
8CB4
8CB5
8CB5
8CB6
8CB6
8CB7
8CB7
8CB8
8CB8
8CB8
8CB9
8CB9
8CBA
8CBA
8CBB
8CBB
8CBC
8CBC
8CBD
8CBD
8CBD
8CBE
8CBE
8CBF
8CBF
8CC0
8CC0
8CC1
8CC1
8CC2
8CC2
8CC2
8CC3
8CC3
8CC4
8CC4
8CC5
8CC5
8CC6
8CC6
8CC7
8CC7
8CC7
8CC8
8CC8
8CC9
8CC9
8CCA
8CCA
8CCB
8CCB
8CCC
8CCC
8CCC
8CCD
8CCD
8CCE
8CCE
8CCF
8CCF
8CD0
8CD0
8CD1
8CD1
8CD1
8CD2
8CD2
8CD3
8CD3
8CD4
8CD4
8CD5
8CD5
8CD6
8CD6
8CD6
8CD7
8CD7
8CD8
8CD8
8CD9
8CD9
8CDA
8CDA
8CDB
8CDB
8CDB
8CDC
8CDC
8CDD
8CDD
8CDE
8CDE
8CDF
8CDF
8CE0
8CE0
8CE0
8CE1
8CE1
8CE2
8CE2
8CE3
8CE3
8CE4
8CE4
8CE5
8CE5
8CE5
8CE6
8CE6
8CE7
8CE7
8CE8
8CE8
8CE9
8CE9
8CEA
8CEA
8CEA
8CEB
8CEB
8CEC
8CEC
8CED
8CED
8CEE
8CEE
8CEF
8CEF
8CEF
8CF0
8CF0
8CF1
8CF1
8CF2
8CF2
8CF3
8CF3
8CF4
8CF4
8CF4
8CF5
8CF5
8CF6
8CF6
8CF7
8CF7
8CF8
8CF8
8CF9
8CF9
8CF9
8CFA
8CFA
8CFB
8CFB
8CFC
8CFC
8CFD
8CFD
8CFE
8CFE
8CFE
8CFF
8CFF
8D00
8D00
8D01
8D01
8D02
8D02
8D02
8D03
8D03
8D04
8D04
8D05
8D05
8D06
8D06
8D07
8D07
8D07
8D08
8D08
8D09
8D09
8D0A
8D0A
8D0B
8D0B
8D0C
8D0C
8D0C
8D0D
8D0D
8D0E
8D0E
8D0F
8D0F
8D10
8D10
8D11
8D11
8D11
8D12
8D12
8D13
8D13
8D14
8D14
8D15
8D15
8D16
8D16
8D16
8D17
8D17
8D18
8D18
8D19
8D19
8D1A
8D1A
8D1B
8D1B
8D1B
8D1C
8D1C
8D1D
8D1D
8D1E
8D1E
8D1F
8D1F
8D20
8D20
8D20
8D21
8D21
8D22
8D22
8D23
8D23
8D24
8D24
8D25
8D25
8D25
8D26
8D26
8D27
8D27
8D28
8D28
8D29
8D29
8D2A
8D2A
8D2A
8D2B
8D2B
8D2C
8D2C
8D2D
8D2D
8D2E
8D2E
8D2E
8D2F
8D2F
8D30
8D30
8D31
8D31
8D32
8D32
8D33
8D33
8D33
8D34
8D34
8D35
8D35
8D36
8D36
8D37
8D37
8D38
8D38
8D38
8D39
8D39
8D3A
8D3A
8D3B
8D3B
8D3C
8D3C
8D3D
8D3D
8D3D
8D3E
8D3E
8D3F
8D3F
8D40
8D40
8D41
8D41
8D42
8D42
8D42
8D43
8D43
8D44
8D44
8D45
8D45
8D46
8D46
8D47
8D47
8D47
8D48
8D48
8D49
8D49
8D4A
8D4A
8D4B
8D4B
8D4B
8D4C
8D4C
8D4D
8D4D
8D4E
8D4E
8D4F
8D4F
8D50
8D50
8D50
8D51
8D51
8D52
8D52
8D53
8D53
8D54
8D54
8D55
8D55
8D55
8D56
8D56
8D57
8D57
8D58
8D58
8D59
8D59
8D5A
8D5A
8D5A
8D5B
8D5B
8D5C
8D5C
8D5D
8D5D
8D5E
8D5E
8D5F
8D5F
8D5F
8D60
8D60
8D61
8D61
8D62
8D62
8D63
8D63
8D63
8D64
8D64
8D65
8D65
8D66
8D66
8D67
8D67
8D68
8D68
8D68
8D69
8D69
8D6A
8D6A
8D6B
8D6B
8D6C
8D6C
8D6D
8D6D
8D6D
8D6E
8D6E
8D6F
8D6F
8D70
8D70
8D71
8D71
8D72
8D72
8D72
8D73
8D73
8D74
8D74
8D75
8D75
8D76
8D76
8D77
8D77
8D77
8D78
8D78
8D79
8D79
8D7A
8D7A
8D7B
8D7B
8D7B
8D7C
8D7C
8D7D
8D7D
8D7E
8D7E
8D7F
8D7F
8D80
8D80
8D80
8D81
8D81
8D82
8D82
8D83
8D83
8D84
8D84
8D85
8D85
8D85
8D86
8D86
8D87
8D87
8D88
8D88
8D89
8D89
8D89
8D8A
8D8A
8D8B
8D8B
8D8C
8D8C
8D8D
8D8D
8D8E
8D8E
8D8E
8D8F
8D8F
8D90
8D90
8D91
8D91
8D92
8D92
8D93
8D93
8D93
8D94
8D94
8D95
8D95
8D96
8D96
8D97
8D97
8D98
8D98
8D98
8D99
8D99
8D9A
8D9A
8D9B
8D9B
8D9C
8D9C
8D9C
8D9D
8D9D
8D9E
8D9E
8D9F
8D9F
8DA0
8DA0
8DA1
8DA1
8DA1
8DA2
8DA2
8DA3
8DA3
8DA4
8DA4
8DA5
8DA5
8DA6
8DA6
8DA6
8DA7
8DA7
8DA8
8DA8
8DA9
8DA9
8DAA
8DAA
8DAA
8DAB
8DAB
8DAC
8DAC
8DAD
8DAD
8DAE
8DAE
8DAF
8DAF
8DAF
8DB0
8DB0
8DB1
8DB1
8DB2
8DB2
8DB3
8DB3
8DB4
8DB4
8DB4
8DB5
8DB5
8DB6
8DB6
8DB7
8DB7
8DB8
8DB8
8DB8
8DB9
8DB9
8DBA
8DBA
8DBB
8DBB
8DBC
8DBC
8DBD
8DBD
8DBD
8DBE
8DBE
8DBF
8DBF
8DC0
8DC0
8DC1
8DC1
8DC2
8DC2
8DC2
8DC3
8DC3
8DC4
8DC4
8DC5
8DC5
8DC6
8DC6
8DC6
8DC7
8DC7
8DC8
8DC8
8DC9
8DC9
8DCA
8DCA
8DCB
8DCB
8DCB
8DCC
8DCC
8DCD
8DCD
8DCE
8DCE
8DCF
8DCF
8DD0
8DD0
8DD0
8DD1
8DD1
8DD2
8DD2
8DD3
8DD3
8DD4
8DD4
8DD4
8DD5
8DD5
8DD6
8DD6
8DD7
8DD7
8DD8
8DD8
8DD9
8DD9
8DD9
8DDA
8DDA
8DDB
8DDB
8DDC
8DDC
8DDD
8DDD
8DDE
8DDE
8DDE
8DDF
8DDF
8DE0
8DE0
8DE1
8DE1
8DE2
8DE2
8DE2
8DE3
8DE3
8DE4
8DE4
8DE5
8DE5
8DE6
8DE6
8DE7
8DE7
8DE7
8DE8
8DE8
8DE9
8DE9
8DEA
8DEA
8DEB
8DEB
8DEB
8DEC
8DEC
8DED
8DED
8DEE
8DEE
8DEF
8DEF
8DF0
8DF0
8DF0
8DF1
8DF1
8DF2
8DF2
8DF3
8DF3
8DF4
8DF4
8DF5
8DF5
8DF5
8DF6
8DF6
8DF7
8DF7
8DF8
8DF8
8DF9
8DF9
8DF9
8DFA
8DFA
8DFB
8DFB
8DFC
8DFC
8DFD
8DFD
8DFE
8DFE
8DFE
8DFF
8DFF
8E00
8E00
8E01
8E01
8E02
8E02
8E02
8E03
8E03
8E04
8E04
8E05
8E05
8E06
8E06
8E07
8E07
8E07
8E08
8E08
8E09
8E09
8E0A
8E0A
8E0B
8E0B
8E0B
8E0C
8E0C
8E0D
8E0D
8E0E
8E0E
8E0F
8E0F
8E10
8E10
8E10
8E11
8E11
8E12
8E12
8E13
8E13
8E14
8E14
8E15
8E15
8E15
8E16
8E16
8E17
8E17
8E18
8E18
8E19
8E19
8E19
8E1A
8E1A
8E1B
8E1B
8E1C
8E1C
8E1D
8E1D
8E1E
8E1E
8E1E
8E1F
8E1F
8E20
8E20
8E21
8E21
8E22
8E22
8E22
8E23
8E23
8E24
8E24
8E25
8E25
8E26
8E26
8E27
8E27
8E27
8E28
8E28
8E29
8E29
8E2A
8E2A
8E2B
8E2B
8E2B
8E2C
8E2C
8E2D
8E2D
8E2E
8E2E
8E2F
8E2F
8E30
8E30
8E30
8E31
8E31
8E32
8E32
8E33
8E33
8E34
8E34
8E34
8E35
8E35
8E36
8E36
8E37
8E37
8E38
8E38
8E39
8E39
8E39
8E3A
8E3A
8E3B
8E3B
8E3C
8E3C
8E3D
8E3D
8E3D
8E3E
8E3E
8E3F
8E3F
8E40
8E40
8E41
8E41
8E42
8E42
8E42
8E43
8E43
8E44
8E44
8E45
8E45
8E46
8E46
8E46
8E47
8E47
8E48
8E48
8E49
8E49
8E4A
8E4A
8E4B
8E4B
8E4B
8E4C
8E4C
8E4D
8E4D
8E4E
8E4E
8E4F
8E4F
8E4F
8E50
8E50
8E51
8E51
8E52
8E52
8E53
8E53
8E54
8E54
8E54
8E55
8E55
8E56
8E56
8E57
8E57
8E58
8E58
8E58
8E59
8E59
8E5A
8E5A
8E5B
8E5B
8E5C
8E5C
8E5D
8E5D
8E5D
8E5E
8E5E
8E5F
8E5F
8E60
8E60
8E61
8E61
8E61
8E62
8E62
8E63
8E63
8E64
8E64
8E65
8E65
8E65
8E66
8E66
8E67
8E67
8E68
8E68
8E69
8E69
8E6A
8E6A
8E6A
8E6B
8E6B
8E6C
8E6C
8E6D
8E6D
8E6E
8E6E
8E6E
8E6F
8E6F
8E70
8E70
8E71
8E71
8E72
8E72
8E73
8E73
8E73
8E74
8E74
8E75
8E75
8E76
8E76
8E77
8E77
8E77
8E78
8E78
8E79
8E79
8E7A
8E7A
8E7B
8E7B
8E7C
8E7C
8E7C
8E7D
8E7D
8E7E
8E7E
8E7F
8E7F
8E80
8E80
8E80
8E81
8E81
8E82
8E82
8E83
8E83
8E84
8E84
8E84
8E85
8E85
8E86
8E86
8E87
8E87
8E88
8E88
8E89
8E89
8E89
8E8A
8E8A
8E8B
8E8B
8E8C
8E8C
8E8D
8E8D
8E8D
8E8E
8E8E
8E8F
8E8F
8E90
8E90
8E91
8E91
8E92
8E92
8E92
8E93
8E93
8E94
8E94
8E95
8E95
8E96
8E96
8E96
8E97
8E97
8E98
8E98
8E99
8E99
8E9A
8E9A
8E9A
8E9B
8E9B
8E9C
8E9C
8E9D
8E9D
8E9E
8E9E
8E9F
8E9F
8E9F
8EA0
8EA0
8EA1
8EA1
8EA2
8EA2
8EA3
8EA3
8EA3
8EA4
8EA4
8EA5
8EA5
8EA6
8EA6
8EA7
8EA7
8EA8
8EA8
8EA8
8EA9
8EA9
8EAA
8EAA
8EAB
8EAB
8EAC
8EAC
8EAC
8EAD
8EAD
8EAE
8EAE
8EAF
8EAF
8EB0
8EB0
8EB0
8EB1
8EB1
8EB2
8EB2
8EB3
8EB3
8EB4
8EB4
8EB5
8EB5
8EB5
8EB6
8EB6
8EB7
8EB7
8EB8
8EB8
8EB9
8EB9
8EB9
8EBA
8EBA
8EBB
8EBB
8EBC
8EBC
8EBD
8EBD
8EBD
8EBE
8EBE
8EBF
8EBF
8EC0
8EC0
8EC1
8EC1
8EC2
8EC2
8EC2
8EC3
8EC3
8EC4
8EC4
8EC5
8EC5
8EC6
8EC6
8EC6
8EC7
8EC7
8EC8
8EC8
8EC9
8EC9
8ECA
8ECA
8ECA
8ECB
8ECB
8ECC
8ECC
8ECD
8ECD
8ECE
8ECE
8ECF
8ECF
8ECF
8ED0
8ED0
8ED1
8ED1
8ED2
8ED2
8ED3
8ED3
8ED3
8ED4
8ED4
8ED5
8ED5
8ED6
8ED6
8ED7
8ED7
8ED7
8ED8
8ED8
8ED9
8ED9
8EDA
8EDA
8EDB
8EDB
8EDC
8EDC
8EDC
8EDD
8EDD
8EDE
8EDE
8EDF
8EDF
8EE0
8EE0
8EE0
8EE1
8EE1
8EE2
8EE2
8EE3
8EE3
8EE4
8EE4
8EE4
8EE5
8EE5
8EE6
8EE6
8EE7
8EE7
8EE8
8EE8
8EE8
8EE9
8EE9
8EEA
8EEA
8EEB
8EEB
8EEC
8EEC
8EED
8EED
8EED
8EEE
8EEE
8EEF
8EEF
8EF0
8EF0
8EF1
8EF1
8EF1
8EF2
8EF2
8EF3
8EF3
8EF4
8EF4
8EF5
8EF5
8EF5
8EF6
8EF6
8EF7
8EF7
8EF8
8EF8
8EF9
8EF9
8EFA
8EFA
8EFA
8EFB
8EFB
8EFC
8EFC
8EFD
8EFD
8EFE
8EFE
8EFE
8EFF
8EFF
8F00
8F00
8F01
8F01
8F02
8F02
8F02
8F03
8F03
8F04
8F04
8F05
8F05
8F06
8F06
8F06
8F07
8F07
8F08
8F08
8F09
8F09
8F0A
8F0A
8F0B
8F0B
8F0B
8F0C
8F0C
8F0D
8F0D
8F0E
8F0E
8F0F
8F0F
8F0F
8F10
8F10
8F11
8F11
8F12
8F12
8F13
8F13
8F13
8F14
8F14
8F15
8F15
8F16
8F16
8F17
8F17
8F17
8F18
8F18
8F19
8F19
8F1A
8F1A
8F1B
8F1B
8F1C
8F1C
8F1C
8F1D
8F1D
8F1E
8F1E
8F1F
8F1F
8F20
8F20
8F20
8F21
8F21
8F22
8F22
8F23
8F23
8F24
8F24
8F24
8F25
8F25
8F26
8F26
8F27
8F27
8F28
8F28
8F28
8F29
8F29
8F2A
8F2A
8F2B
8F2B
8F2C
8F2C
8F2D
8F2D
8F2D
8F2E
8F2E
8F2F
8F2F
8F30
8F30
8F31
8F31
8F31
8F32
8F32
8F33
8F33
8F34
8F34
8F35
8F35
8F35
8F36
8F36
8F37
8F37
8F38
8F38
8F39
8F39
8F39
8F3A
8F3A
8F3B
8F3B
8F3C
8F3C
8F3D
8F3D
8F3D
8F3E
8F3E
8F3F
8F3F
8F40
8F40
8F41
8F41
8F42
8F42
8F42
8F43
8F43
8F44
8F44
8F45
8F45
8F46
8F46
8F46
8F47
8F47
8F48
8F48
8F49
8F49
8F4A
8F4A
8F4A
8F4B
8F4B
8F4C
8F4C
8F4D
8F4D
8F4E
8F4E
8F4E
8F4F
8F4F
8F50
8F50
8F51
8F51
8F52
8F52
8F52
8F53
8F53
8F54
8F54
8F55
8F55
8F56
8F56
8F56
8F57
8F57
8F58
8F58
8F59
8F59
8F5A
8F5A
8F5B
8F5B
8F5B
8F5C
8F5C
8F5D
8F5D
8F5E
8F5E
8F5F
8F5F
8F5F
8F60
8F60
8F61
8F61
8F62
8F62
8F63
8F63
8F63
8F64
8F64
8F65
8F65
8F66
8F66
8F67
8F67
8F67
8F68
8F68
8F69
8F69
8F6A
8F6A
8F6B
8F6B
8F6B
8F6C
8F6C
8F6D
8F6D
8F6E
8F6E
8F6F
8F6F
8F6F
8F70
8F70
8F71
8F71
8F72
8F72
8F73
8F73
8F74
8F74
8F74
8F75
8F75
8F76
8F76
8F77
8F77
8F78
8F78
8F78
8F79
8F79
8F7A
8F7A
8F7B
8F7B
8F7C
8F7C
8F7C
8F7D
8F7D
8F7E
8F7E
8F7F
8F7F
8F80
8F80
8F80
8F81
8F81
8F82
8F82
8F83
8F83
8F84
8F84
8F84
8F85
8F85
8F86
8F86
8F87
8F87
8F88
8F88
8F88
8F89
8F89
8F8A
8F8A
8F8B
8F8B
8F8C
8F8C
8F8C
8F8D
8F8D
8F8E
8F8E
8F8F
8F8F
8F90
8F90
8F90
8F91
8F91
8F92
8F92
8F93
8F93
8F94
8F94
8F95
8F95
8F95
8F96
8F96
8F97
8F97
8F98
8F98
8F99
8F99
8F99
8F9A
8F9A
8F9B
8F9B
8F9C
8F9C
8F9D
8F9D
8F9D
8F9E
8F9E
8F9F
8F9F
8FA0
8FA0
8FA1
8FA1
8FA1
8FA2
8FA2
8FA3
8FA3
8FA4
8FA4
8FA5
8FA5
8FA5
8FA6
8FA6
8FA7
8FA7
8FA8
8FA8
8FA9
8FA9
8FA9
8FAA
8FAA
8FAB
8FAB
8FAC
8FAC
8FAD
8FAD
8FAD
8FAE
8FAE
8FAF
8FAF
8FB0
8FB0
8FB1
8FB1
8FB1
8FB2
8FB2
8FB3
8FB3
8FB4
8FB4
8FB5
8FB5
8FB5
8FB6
8FB6
8FB7
8FB7
8FB8
8FB8
8FB9
8FB9
8FB9
8FBA
8FBA
8FBB
8FBB
8FBC
8FBC
8FBD
8FBD
8FBD
8FBE
8FBE
8FBF
8FBF
8FC0
8FC0
8FC1
8FC1
8FC2
8FC2
8FC2
8FC3
8FC3
8FC4
8FC4
8FC5
8FC5
8FC6
8FC6
8FC6
8FC7
8FC7
8FC8
8FC8
8FC9
8FC9
8FCA
8FCA
8FCA
8FCB
8FCB
8FCC
8FCC
8FCD
8FCD
8FCE
8FCE
8FCE
8FCF
8FCF
8FD0
8FD0
8FD1
8FD1
8FD2
8FD2
8FD2
8FD3
8FD3
8FD4
8FD4
8FD5
8FD5
8FD6
8FD6
8FD6
8FD7
8FD7
8FD8
8FD8
8FD9
8FD9
8FDA
8FDA
8FDA
8FDB
8FDB
8FDC
8FDC
8FDD
8FDD
8FDE
8FDE
8FDE
8FDF
8FDF
8FE0
8FE0
8FE1
8FE1
8FE2
8FE2
8FE2
8FE3
8FE3
8FE4
8FE4
8FE5
8FE5
8FE6
8FE6
8FE6
8FE7
8FE7
8FE8
8FE8
8FE9
8FE9
8FEA
8FEA
8FEA
8FEB
8FEB
8FEC
8FEC
8FED
8FED
8FEE
8FEE
8FEE
8FEF
8FEF
8FF0
8FF0
8FF1
8FF1
8FF2
8FF2
8FF2
8FF3
8FF3
8FF4
8FF4
8FF5
8FF5
8FF6
8FF6
8FF6
8FF7
8FF7
8FF8
8FF8
8FF9
8FF9
8FFA
8FFA
8FFA
8FFB
8FFB
8FFC
8FFC
8FFD
8FFD
8FFE
8FFE
8FFE
8FFF
8FFF
9000
9000
9001
9001
9002
9002
9002
9003
9003
9004
9004
9005
9005
9006
9006
9006
9007
9007
9008
9008
9009
9009
900A
900A
900A
900B
900B
900C
900C
900D
900D
900E
900E
900E
900F
900F
9010
9010
9011
9011
9012
9012
9012
9013
9013
9014
9014
9015
9015
9016
9016
9016
9017
9017
9018
9018
9019
9019
901A
901A
901A
901B
901B
901C
901C
901D
901D
901E
901E
901E
901F
901F
9020
9020
9021
9021
9022
9022
9022
9023
9023
9024
9024
9025
9025
9026
9026
9026
9027
9027
9028
9028
9029
9029
902A
902A
902A
902B
902B
902C
902C
902D
902D
902E
902E
902E
902F
902F
9030
9030
9031
9031
9032
9032
9032
9033
9033
9034
9034
9035
9035
9036
9036
9036
9037
9037
9038
9038
9039
9039
903A
903A
903A
903B
903B
903C
903C
903D
903D
903E
903E
903E
903F
903F
9040
9040
9041
9041
9041
9042
9042
9043
9043
9044
9044
9045
9045
9045
9046
9046
9047
9047
9048
9048
9049
9049
9049
904A
904A
904B
904B
904C
904C
904D
904D
904D
904E
904E
904F
904F
9050
9050
9051
9051
9051
9052
9052
9053
9053
9054
9054
9055
9055
9055
9056
9056
9057
9057
9058
9058
9059
9059
9059
905A
905A
905B
905B
905C
905C
905D
905D
905D
905E
905E
905F
905F
9060
9060
9061
9061
9061
9062
9062
9063
9063
9064
9064
9065
9065
9065
9066
9066
9067
9067
9068
9068
9069
9069
9069
906A
906A
906B
906B
906C
906C
906D
906D
906D
906E
906E
906F
906F
9070
9070
9070
9071
9071
9072
9072
9073
9073
9074
9074
9074
9075
9075
9076
9076
9077
9077
9078
9078
9078
9079
9079
907A
907A
907B
907B
907C
907C
907C
907D
907D
907E
907E
907F
907F
9080
9080
9080
9081
9081
9082
9082
9083
9083
9084
9084
9084
9085
9085
9086
9086
9087
9087
9088
9088
9088
9089
9089
908A
908A
908B
908B
908C
908C
908C
908D
908D
908E
908E
908F
908F
908F
9090
9090
9091
9091
9092
9092
9093
9093
9093
9094
9094
9095
9095
9096
9096
9097
9097
9097
9098
9098
9099
9099
909A
909A
909B
909B
909B
909C
909C
909D
909D
909E
909E
909F
909F
909F
90A0
90A0
90A1
90A1
90A2
90A2
90A3
90A3
90A3
90A4
90A4
90A5
90A5
90A6
90A6
90A7
90A7
90A7
90A8
90A8
90A9
90A9
90AA
90AA
90AA
90AB
90AB
90AC
90AC
90AD
90AD
90AE
90AE
90AE
90AF
90AF
90B0
90B0
90B1
90B1
90B2
90B2
90B2
90B3
90B3
90B4
90B4
90B5
90B5
90B6
90B6
90B6
90B7
90B7
90B8
90B8
90B9
90B9
90BA
90BA
90BA
90BB
90BB
90BC
90BC
90BD
90BD
90BE
90BE
90BE
90BF
90BF
90C0
90C0
90C1
90C1
90C1
90C2
90C2
90C3
90C3
90C4
90C4
90C5
90C5
90C5
90C6
90C6
90C7
90C7
90C8
90C8
90C9
90C9
90C9
90CA
90CA
90CB
90CB
90CC
90CC
90CD
90CD
90CD
90CE
90CE
90CF
90CF
90D0
90D0
90D1
90D1
90D1
90D2
90D2
90D3
90D3
90D4
90D4
90D4
90D5
90D5
90D6
90D6
90D7
90D7
90D8
90D8
90D8
90D9
90D9
90DA
90DA
90DB
90DB
90DC
90DC
90DC
90DD
90DD
90DE
90DE
90DF
90DF
90E0
90E0
90E0
90E1
90E1
90E2
90E2
90E3
90E3
90E4
90E4
90E4
90E5
90E5
90E6
90E6
90E7
90E7
90E7
90E8
90E8
90E9
90E9
90EA
90EA
90EB
90EB
90EB
90EC
90EC
90ED
90ED
90EE
90EE
90EF
90EF
90EF
90F0
90F0
90F1
90F1
90F2
90F2
90F3
90F3
90F3
90F4
90F4
90F5
90F5
90F6
90F6
90F7
90F7
90F7
90F8
90F8
90F9
90F9
90FA
90FA
90FA
90FB
90FB
90FC
90FC
90FD
90FD
90FE
90FE
90FE
90FF
90FF
9100
9100
9101
9101
9102
9102
9102
9103
9103
9104
9104
9105
9105
9106
9106
9106
9107
9107
9108
9108
9109
9109
9109
910A
910A
910B
910B
910C
910C
910D
910D
910D
910E
910E
910F
910F
9110
9110
9111
9111
9111
9112
9112
9113
9113
9114
9114
9115
9115
9115
9116
9116
9117
9117
9118
9118
9118
9119
9119
911A
911A
911B
911B
911C
911C
911C
911D
911D
911E
911E
911F
911F
9120
9120
9120
9121
9121
9122
9122
9123
9123
9124
9124
9124
9125
9125
9126
9126
9127
9127
9127
9128
9128
9129
9129
912A
912A
912B
912B
912B
912C
912C
912D
912D
912E
912E
912F
912F
912F
9130
9130
9131
9131
9132
9132
9133
9133
9133
9134
9134
9135
9135
9136
9136
9136
9137
9137
9138
9138
9139
9139
913A
913A
913A
913B
913B
913C
913C
913D
913D
913E
913E
913E
913F
913F
9140
9140
9141
9141
9141
9142
9142
9143
9143
9144
9144
9145
9145
9145
9146
9146
9147
9147
9148
9148
9149
9149
9149
914A
914A
914B
914B
914C
914C
914D
914D
914D
914E
914E
914F
914F
9150
9150
9150
9151
9151
9152
9152
9153
9153
9154
9154
9154
9155
9155
9156
9156
9157
9157
9158
9158
9158
9159
9159
915A
915A
915B
915B
915B
915C
915C
915D
915D
915E
915E
915F
915F
915F
9160
9160
9161
9161
9162
9162
9163
9163
9163
9164
9164
9165
9165
9166
9166
9166
9167
9167
9168
9168
9169
9169
916A
916A
916A
916B
916B
916C
916C
916D
916D
916E
916E
916E
916F
916F
9170
9170
9171
9171
9171
9172
9172
9173
9173
9174
9174
9175
9175
9175
9176
9176
9177
9177
9178
9178
9179
9179
9179
917A
917A
917B
917B
917C
917C
917C
917D
917D
917E
917E
917F
917F
9180
9180
9180
9181
9181
9182
9182
9183
9183
9184
9184
9184
9185
9185
9186
9186
9187
9187
9187
9188
9188
9189
9189
918A
918A
918B
918B
918B
918C
918C
918D
918D
918E
918E
918F
918F
918F
9190
9190
9191
9191
9192
9192
9192
9193
9193
9194
9194
9195
9195
9196
9196
9196
9197
9197
9198
9198
9199
9199
919A
919A
919A
919B
919B
919C
919C
919D
919D
919D
919E
919E
919F
919F
91A0
91A0
91A1
91A1
91A1
91A2
91A2
91A3
91A3
91A4
91A4
91A4
91A5
91A5
91A6
91A6
91A7
91A7
91A8
91A8
91A8
91A9
91A9
91AA
91AA
91AB
91AB
91AC
91AC
91AC
91AD
91AD
91AE
91AE
91AF
91AF
91AF
91B0
91B0
91B1
91B1
91B2
91B2
91B3
91B3
91B3
91B4
91B4
91B5
91B5
91B6
91B6
91B7
91B7
91B7
91B8
91B8
91B9
91B9
91BA
91BA
91BA
91BB
91BB
91BC
91BC
91BD
91BD
91BE
91BE
91BE
91BF
91BF
91C0
91C0
91C1
91C1
91C1
91C2
91C2
91C3
91C3
91C4
91C4
91C5
91C5
91C5
91C6
91C6
91C7
91C7
91C8
91C8
91C9
91C9
91C9
91CA
91CA
91CB
91CB
91CC
91CC
91CC
91CD
91CD
91CE
91CE
91CF
91CF
91D0
91D0
91D0
91D1
91D1
91D2
91D2
91D3
91D3
91D3
91D4
91D4
91D5
91D5
91D6
91D6
91D7
91D7
91D7
91D8
91D8
91D9
91D9
91DA
91DA
91DB
91DB
91DB
91DC
91DC
91DD
91DD
91DE
91DE
91DE
91DF
91DF
91E0
91E0
91E1
91E1
91E2
91E2
91E2
91E3
91E3
91E4
91E4
91E5
91E5
91E5
91E6
91E6
91E7
91E7
91E8
91E8
91E9
91E9
91E9
91EA
91EA
91EB
91EB
91EC
91EC
91EC
91ED
91ED
91EE
91EE
91EF
91EF
91F0
91F0
91F0
91F1
91F1
91F2
91F2
91F3
91F3
91F4
91F4
91F4
91F5
91F5
91F6
91F6
91F7
91F7
91F7
91F8
91F8
91F9
91F9
91FA
91FA
91FB
91FB
91FB
91FC
91FC
91FD
91FD
91FE
91FE
91FE
91FF
91FF
9200
9200
9201
9201
9202
9202
9202
9203
9203
9204
9204
9205
9205
9205
9206
9206
9207
9207
9208
9208
9209
9209
9209
920A
920A
920B
920B
920C
920C
920C
920D
920D
920E
920E
920F
920F
9210
9210
9210
9211
9211
9212
9212
9213
9213
9214
9214
9214
9215
9215
9216
9216
9217
9217
9217
9218
9218
9219
9219
921A
921A
921B
921B
921B
921C
921C
921D
921D
921E
921E
921E
921F
921F
9220
9220
9221
9221
9222
9222
9222
9223
9223
9224
9224
9225
9225
9225
9226
9226
9227
9227
9228
9228
9229
9229
9229
922A
922A
922B
922B
922C
922C
922C
922D
922D
922E
922E
922F
922F
9230
9230
9230
9231
9231
9232
9232
9233
9233
9233
9234
9234
9235
9235
9236
9236
9237
9237
9237
9238
9238
9239
9239
923A
923A
923A
923B
923B
923C
923C
923D
923D
923E
923E
923E
923F
923F
9240
9240
9241
9241
9241
9242
9242
9243
9243
9244
9244
9245
9245
9245
9246
9246
9247
9247
9248
9248
9248
9249
9249
924A
924A
924B
924B
924C
924C
924C
924D
924D
924E
924E
924F
924F
924F
9250
9250
9251
9251
9252
9252
9253
9253
9253
9254
9254
9255
9255
9256
9256
9256
9257
9257
9258
9258
9259
9259
925A
925A
925A
925B
925B
925C
925C
925D
925D
925D
925E
925E
925F
925F
9260
9260
9261
9261
9261
9262
9262
9263
9263
9264
9264
9264
9265
9265
9266
9266
9267
9267
9268
9268
9268
9269
9269
926A
926A
926B
926B
926B
926C
926C
926D
926D
926E
926E
926F
926F
926F
9270
9270
9271
9271
9272
9272
9272
9273
9273
9274
9274
9275
9275
9276
9276
9276
9277
9277
9278
9278
9279
9279
9279
927A
927A
927B
927B
927C
927C
927D
927D
927D
927E
927E
927F
927F
9280
9280
9280
9281
9281
9282
9282
9283
9283
9283
9284
9284
9285
9285
9286
9286
9287
9287
9287
9288
9288
9289
9289
928A
928A
928A
928B
928B
928C
928C
928D
928D
928E
928E
928E
928F
928F
9290
9290
9291
9291
9291
9292
9292
9293
9293
9294
9294
9295
9295
9295
9296
9296
9297
9297
9298
9298
9298
9299
9299
929A
929A
929B
929B
929C
929C
929C
929D
929D
929E
929E
929F
929F
929F
92A0
92A0
92A1
92A1
92A2
92A2
92A2
92A3
92A3
92A4
92A4
92A5
92A5
92A6
92A6
92A6
92A7
92A7
92A8
92A8
92A9
92A9
92A9
92AA
92AA
92AB
92AB
92AC
92AC
92AD
92AD
92AD
92AE
92AE
92AF
92AF
92B0
92B0
92B0
92B1
92B1
92B2
92B2
92B3
92B3
92B4
92B4
92B4
92B5
92B5
92B6
92B6
92B7
92B7
92B7
92B8
92B8
92B9
92B9
92BA
92BA
92BA
92BB
92BB
92BC
92BC
92BD
92BD
92BE
92BE
92BE
92BF
92BF
92C0
92C0
92C1
92C1
92C1
92C2
92C2
92C3
92C3
92C4
92C4
92C5
92C5
92C5
92C6
92C6
92C7
92C7
92C8
92C8
92C8
92C9
92C9
92CA
92CA
92CB
92CB
92CC
92CC
92CC
92CD
92CD
92CE
92CE
92CF
92CF
92CF
92D0
92D0
92D1
92D1
92D2
92D2
92D2
92D3
92D3
92D4
92D4
92D5
92D5
92D6
92D6
92D6
92D7
92D7
92D8
92D8
92D9
92D9
92D9
92DA
92DA
92DB
92DB
92DC
92DC
92DD
92DD
92DD
92DE
92DE
92DF
92DF
92E0
92E0
92E0
92E1
92E1
92E2
92E2
92E3
92E3
92E3
92E4
92E4
92E5
92E5
92E6
92E6
92E7
92E7
92E7
92E8
92E8
92E9
92E9
92EA
92EA
92EA
92EB
92EB
92EC
92EC
92ED
92ED
92ED
92EE
92EE
92EF
92EF
92F0
92F0
92F1
92F1
92F1
92F2
92F2
92F3
92F3
92F4
92F4
92F4
92F5
92F5
92F6
92F6
92F7
92F7
92F8
92F8
92F8
92F9
92F9
92FA
92FA
92FB
92FB
92FB
92FC
92FC
92FD
92FD
92FE
92FE
92FE
92FF
92FF
9300
9300
9301
9301
9302
9302
9302
9303
9303
9304
9304
9305
9305
9305
9306
9306
9307
9307
9308
9308
9308
9309
9309
930A
930A
930B
930B
930C
930C
930C
930D
930D
930E
930E
930F
930F
930F
9310
9310
9311
9311
9312
9312
9312
9313
9313
9314
9314
9315
9315
9316
9316
9316
9317
9317
9318
9318
9319
9319
9319
931A
931A
931B
931B
931C
931C
931D
931D
931D
931E
931E
931F
931F
9320
9320
9320
9321
9321
9322
9322
9323
9323
9323
9324
9324
9325
9325
9326
9326
9327
9327
9327
9328
9328
9329
9329
932A
932A
932A
932B
932B
932C
932C
932D
932D
932D
932E
932E
932F
932F
9330
9330
9331
9331
9331
9332
9332
9333
9333
9334
9334
9334
9335
9335
9336
9336
9337
9337
9337
9338
9338
9339
9339
933A
933A
933B
933B
933B
933C
933C
933D
933D
933E
933E
933E
933F
933F
9340
9340
9341
9341
9341
9342
9342
9343
9343
9344
9344
9345
9345
9345
9346
9346
9347
9347
9348
9348
9348
9349
9349
934A
934A
934B
934B
934B
934C
934C
934D
934D
934E
934E
934F
934F
934F
9350
9350
9351
9351
9352
9352
9352
9353
9353
9354
9354
9355
9355
9355
9356
9356
9357
9357
9358
9358
9358
9359
9359
935A
935A
935B
935B
935C
935C
935C
935D
935D
935E
935E
935F
935F
935F
9360
9360
9361
9361
9362
9362
9362
9363
9363
9364
9364
9365
9365
9366
9366
9366
9367
9367
9368
9368
9369
9369
9369
936A
936A
936B
936B
936C
936C
936C
936D
936D
936E
936E
936F
936F
9370
9370
9370
9371
9371
9372
9372
9373
9373
9373
9374
9374
9375
9375
9376
9376
9376
9377
9377
9378
9378
9379
9379
9379
937A
937A
937B
937B
937C
937C
937D
937D
937D
937E
937E
937F
937F
9380
9380
9380
9381
9381
9382
9382
9383
9383
9383
9384
9384
9385
9385
9386
9386
9387
9387
9387
9388
9388
9389
9389
938A
938A
938A
938B
938B
938C
938C
938D
938D
938D
938E
938E
938F
938F
9390
9390
9390
9391
9391
9392
9392
9393
9393
9394
9394
9394
9395
9395
9396
9396
9397
9397
9397
9398
9398
9399
9399
939A
939A
939A
939B
939B
939C
939C
939D
939D
939D
939E
939E
939F
939F
93A0
93A0
93A1
93A1
93A1
93A2
93A2
93A3
93A3
93A4
93A4
93A4
93A5
93A5
93A6
93A6
93A7
93A7
93A7
93A8
93A8
93A9
93A9
93AA
93AA
93AA
93AB
93AB
93AC
93AC
93AD
93AD
93AE
93AE
93AE
93AF
93AF
93B0
93B0
93B1
93B1
93B1
93B2
93B2
93B3
93B3
93B4
93B4
93B4
93B5
93B5
93B6
93B6
93B7
93B7
93B7
93B8
93B8
93B9
93B9
93BA
93BA
93BB
93BB
93BB
93BC
93BC
93BD
93BD
93BE
93BE
93BE
93BF
93BF
93C0
93C0
93C1
93C1
93C1
93C2
93C2
93C3
93C3
93C4
93C4
93C4
93C5
93C5
93C6
93C6
93C7
93C7
93C8
93C8
93C8
93C9
93C9
93CA
93CA
93CB
93CB
93CB
93CC
93CC
93CD
93CD
93CE
93CE
93CE
93CF
93CF
93D0
93D0
93D1
93D1
93D1
93D2
93D2
93D3
93D3
93D4
93D4
93D5
93D5
93D5
93D6
93D6
93D7
93D7
93D8
93D8
93D8
93D9
93D9
93DA
93DA
93DB
93DB
93DB
93DC
93DC
93DD
93DD
93DE
93DE
93DE
93DF
93DF
93E0
93E0
93E1
93E1
93E2
93E2
93E2
93E3
93E3
93E4
93E4
93E5
93E5
93E5
93E6
93E6
93E7
93E7
93E8
93E8
93E8
93E9
93E9
93EA
93EA
93EB
93EB
93EB
93EC
93EC
93ED
93ED
93EE
93EE
93EE
93EF
93EF
93F0
93F0
93F1
93F1
93F2
93F2
93F2
93F3
93F3
93F4
93F4
93F5
93F5
93F5
93F6
93F6
93F7
93F7
93F8
93F8
93F8
93F9
93F9
93FA
93FA
93FB
93FB
93FB
93FC
93FC
93FD
93FD
93FE
93FE
93FE
93FF
93FF
9400
9400
9401
9401
9402
9402
9402
9403
9403
9404
9404
9405
9405
9405
9406
9406
9407
9407
9408
9408
9408
9409
9409
940A
940A
940B
940B
940B
940C
940C
940D
940D
940E
940E
940E
940F
940F
9410
9410
9411
9411
9412
9412
9412
9413
9413
9414
9414
9415
9415
9415
9416
9416
9417
9417
9418
9418
9418
9419
9419
941A
941A
941B
941B
941B
941C
941C
941D
941D
941E
941E
941E
941F
941F
9420
9420
9421
9421
9421
9422
9422
9423
9423
9424
9424
9425
9425
9425
9426
9426
9427
9427
9428
9428
9428
9429
9429
942A
942A
942B
942B
942B
942C
942C
942D
942D
942E
942E
942E
942F
942F
9430
9430
9431
9431
9431
9432
9432
9433
9433
9434
9434
9435
9435
9435
9436
9436
9437
9437
9438
9438
9438
9439
9439
943A
943A
943B
943B
943B
943C
943C
943D
943D
943E
943E
943E
943F
943F
9440
9440
9441
9441
9441
9442
9442
9443
9443
9444
9444
9444
9445
9445
9446
9446
9447
9447
9448
9448
9448
9449
9449
944A
944A
944B
944B
944B
944C
944C
944D
944D
944E
944E
944E
944F
944F
9450
9450
9451
9451
9451
9452
9452
9453
9453
9454
9454
9454
9455
9455
9456
9456
9457
9457
9457
9458
9458
9459
9459
945A
945A
945A
945B
945B
945C
945C
945D
945D
945E
945E
945E
945F
945F
9460
9460
9461
9461
9461
9462
9462
9463
9463
9464
9464
9464
9465
9465
9466
9466
9467
9467
9467
9468
9468
9469
9469
946A
946A
946A
946B
946B
946C
946C
946D
946D
946D
946E
946E
946F
946F
9470
9470
9470
9471
9471
9472
9472
9473
9473
9473
9474
9474
9475
9475
9476
9476
9477
9477
9477
9478
9478
9479
9479
947A
947A
947A
947B
947B
947C
947C
947D
947D
947D
947E
947E
947F
947F
9480
9480
9480
9481
9481
9482
9482
9483
9483
9483
9484
9484
9485
9485
9486
9486
9486
9487
9487
9488
9488
9489
9489
9489
948A
948A
948B
948B
948C
948C
948C
948D
948D
948E
948E
948F
948F
9490
9490
9490
9491
9491
9492
9492
9493
9493
9493
9494
9494
9495
9495
9496
9496
9496
9497
9497
9498
9498
9499
9499
9499
949A
949A
949B
949B
949C
949C
949C
949D
949D
949E
949E
949F
949F
949F
94A0
94A0
94A1
94A1
94A2
94A2
94A2
94A3
94A3
94A4
94A4
94A5
94A5
94A5
94A6
94A6
94A7
94A7
94A8
94A8
94A8
94A9
94A9
94AA
94AA
94AB
94AB
94AC
94AC
94AC
94AD
94AD
94AE
94AE
94AF
94AF
94AF
94B0
94B0
94B1
94B1
94B2
94B2
94B2
94B3
94B3
94B4
94B4
94B5
94B5
94B5
94B6
94B6
94B7
94B7
94B8
94B8
94B8
94B9
94B9
94BA
94BA
94BB
94BB
94BB
94BC
94BC
94BD
94BD
94BE
94BE
94BE
94BF
94BF
94C0
94C0
94C1
94C1
94C1
94C2
94C2
94C3
94C3
94C4
94C4
94C4
94C5
94C5
94C6
94C6
94C7
94C7
94C7
94C8
94C8
94C9
94C9
94CA
94CA
94CA
94CB
94CB
94CC
94CC
94CD
94CD
94CD
94CE
94CE
94CF
94CF
94D0
94D0
94D1
94D1
94D1
94D2
94D2
94D3
94D3
94D4
94D4
94D4
94D5
94D5
94D6
94D6
94D7
94D7
94D7
94D8
94D8
94D9
94D9
94DA
94DA
94DA
94DB
94DB
94DC
94DC
94DD
94DD
94DD
94DE
94DE
94DF
94DF
94E0
94E0
94E0
94E1
94E1
94E2
94E2
94E3
94E3
94E3
94E4
94E4
94E5
94E5
94E6
94E6
94E6
94E7
94E7
94E8
94E8
94E9
94E9
94E9
94EA
94EA
94EB
94EB
94EC
94EC
94EC
94ED
94ED
94EE
94EE
94EF
94EF
94EF
94F0
94F0
94F1
94F1
94F2
94F2
94F2
94F3
94F3
94F4
94F4
94F5
94F5
94F5
94F6
94F6
94F7
94F7
94F8
94F8
94F8
94F9
94F9
94FA
94FA
94FB
94FB
94FB
94FC
94FC
94FD
94FD
94FE
94FE
94FE
94FF
94FF
9500
9500
9501
9501
9502
9502
9502
9503
9503
9504
9504
9505
9505
9505
9506
9506
9507
9507
9508
9508
9508
9509
9509
950A
950A
950B
950B
950B
950C
950C
950D
950D
950E
950E
950E
950F
950F
9510
9510
9511
9511
9511
9512
9512
9513
9513
9514
9514
9514
9515
9515
9516
9516
9517
9517
9517
9518
9518
9519
9519
951A
951A
951A
951B
951B
951C
951C
951D
951D
951D
951E
951E
951F
951F
9520
9520
9520
9521
9521
9522
9522
9523
9523
9523
9524
9524
9525
9525
9526
9526
9526
9527
9527
9528
9528
9529
9529
9529
952A
952A
952B
952B
952C
952C
952C
952D
952D
952E
952E
952F
952F
952F
9530
9530
9531
9531
9532
9532
9532
9533
9533
9534
9534
9535
9535
9535
9536
9536
9537
9537
9538
9538
9538
9539
9539
953A
953A
953B
953B
953B
953C
953C
953D
953D
953E
953E
953E
953F
953F
9540
9540
9541
9541
9541
9542
9542
9543
9543
9544
9544
9544
9545
9545
9546
9546
9547
9547
9547
9548
9548
9549
9549
954A
954A
954A
954B
954B
954C
954C
954D
954D
954D
954E
954E
954F
954F
9550
9550
9550
9551
9551
9552
9552
9553
9553
9553
9554
9554
9555
9555
9556
9556
9556
9557
9557
9558
9558
9559
9559
9559
955A
955A
955B
955B
955C
955C
955C
955D
955D
955E
955E
955F
955F
955F
9560
9560
9561
9561
9562
9562
9562
9563
9563
9564
9564
9565
9565
9565
9566
9566
9567
9567
9568
9568
9568
9569
9569
956A
956A
956B
956B
956B
956C
956C
956D
956D
956E
956E
956E
956F
956F
9570
9570
9571
9571
9571
9572
9572
9573
9573
9574
9574
9574
9575
9575
9576
9576
9577
9577
9577
9578
9578
9579
9579
957A
957A
957A
957B
957B
957C
957C
957D
957D
957D
957E
957E
957F
957F
9580
9580
9580
9581
9581
9582
9582
9583
9583
9583
9584
9584
9585
9585
9586
9586
9586
9587
9587
9588
9588
9589
9589
9589
958A
958A
958B
958B
958C
958C
958C
958D
958D
958E
958E
958F
958F
958F
9590
9590
9591
9591
9592
9592
9592
9593
9593
9594
9594
9595
9595
9595
9596
9596
9597
9597
9598
9598
9598
9599
9599
959A
959A
959B
959B
959B
959C
959C
959D
959D
959E
959E
959E
959F
959F
95A0
95A0
95A1
95A1
95A1
95A2
95A2
95A3
95A3
95A4
95A4
95A4
95A5
95A5
95A6
95A6
95A7
95A7
95A7
95A8
95A8
95A9
95A9
95AA
95AA
95AA
95AB
95AB
95AC
95AC
95AC
95AD
95AD
95AE
95AE
95AF
95AF
95AF
95B0
95B0
95B1
95B1
95B2
95B2
95B2
95B3
95B3
95B4
95B4
95B5
95B5
95B5
95B6
95B6
95B7
95B7
95B8
95B8
95B8
95B9
95B9
95BA
95BA
95BB
95BB
95BB
95BC
95BC
95BD
95BD
95BE
95BE
95BE
95BF
95BF
95C0
95C0
95C1
95C1
95C1
95C2
95C2
95C3
95C3
95C4
95C4
95C4
95C5
95C5
95C6
95C6
95C7
95C7
95C7
95C8
95C8
95C9
95C9
95CA
95CA
95CA
95CB
95CB
95CC
95CC
95CD
95CD
95CD
95CE
95CE
95CF
95CF
95D0
95D0
95D0
95D1
95D1
95D2
95D2
95D3
95D3
95D3
95D4
95D4
95D5
95D5
95D6
95D6
95D6
95D7
95D7
95D8
95D8
95D9
95D9
95D9
95DA
95DA
95DB
95DB
95DC
95DC
95DC
95DD
95DD
95DE
95DE
95DE
95DF
95DF
95E0
95E0
95E1
95E1
95E1
95E2
95E2
95E3
95E3
95E4
95E4
95E4
95E5
95E5
95E6
95E6
95E7
95E7
95E7
95E8
95E8
95E9
95E9
95EA
95EA
95EA
95EB
95EB
95EC
95EC
95ED
95ED
95ED
95EE
95EE
95EF
95EF
95F0
95F0
95F0
95F1
95F1
95F2
95F2
95F3
95F3
95F3
95F4
95F4
95F5
95F5
95F6
95F6
95F6
95F7
95F7
95F8
95F8
95F9
95F9
95F9
95FA
95FA
95FB
95FB
95FC
95FC
95FC
95FD
95FD
95FE
95FE
95FF
95FF
95FF
9600
9600
9601
9601
9601
9602
9602
9603
9603
9604
9604
9604
9605
9605
9606
9606
9607
9607
9607
9608
9608
9609
9609
960A
960A
960A
960B
960B
960C
960C
960D
960D
960D
960E
960E
960F
960F
9610
9610
9610
9611
9611
9612
9612
9613
9613
9613
9614
9614
9615
9615
9616
9616
9616
9617
9617
9618
9618
9619
9619
9619
961A
961A
961B
961B
961C
961C
961C
961D
961D
961E
961E
961E
961F
961F
9620
9620
9621
9621
9621
9622
9622
9623
9623
9624
9624
9624
9625
9625
9626
9626
9627
9627
9627
9628
9628
9629
9629
962A
962A
962A
962B
962B
962C
962C
962D
962D
962D
962E
962E
962F
962F
9630
9630
9630
9631
9631
9632
9632
9633
9633
9633
9634
9634
9635
9635
9636
9636
9636
9637
9637
9638
9638
9638
9639
9639
963A
963A
963B
963B
963B
963C
963C
963D
963D
963E
963E
963E
963F
963F
9640
9640
9641
9641
9641
9642
9642
9643
9643
9644
9644
9644
9645
9645
9646
9646
9647
9647
9647
9648
9648
9649
9649
964A
964A
964A
964B
964B
964C
964C
964D
964D
964D
964E
964E
964F
964F
964F
9650
9650
9651
9651
9652
9652
9652
9653
9653
9654
9654
9655
9655
9655
9656
9656
9657
9657
9658
9658
9658
9659
9659
965A
965A
965B
965B
965B
965C
965C
965D
965D
965E
965E
965E
965F
965F
9660
9660
9661
9661
9661
9662
9662
9663
9663
9663
9664
9664
9665
9665
9666
9666
9666
9667
9667
9668
9668
9669
9669
9669
966A
966A
966B
966B
966C
966C
966C
966D
966D
966E
966E
966F
966F
966F
9670
9670
9671
9671
9672
9672
9672
9673
9673
9674
9674
9675
9675
9675
9676
9676
9677
9677
9677
9678
9678
9679
9679
967A
967A
967A
967B
967B
967C
967C
967D
967D
967D
967E
967E
967F
967F
9680
9680
9680
9681
9681
9682
9682
9683
9683
9683
9684
9684
9685
9685
9686
9686
9686
9687
9687
9688
9688
9689
9689
9689
968A
968A
968B
968B
968B
968C
968C
968D
968D
968E
968E
968E
968F
968F
9690
9690
9691
9691
9691
9692
9692
9693
9693
9694
9694
9694
9695
9695
9696
9696
9697
9697
9697
9698
9698
9699
9699
969A
969A
969A
969B
969B
969C
969C
969C
969D
969D
969E
969E
969F
969F
969F
96A0
96A0
96A1
96A1
96A2
96A2
96A2
96A3
96A3
96A4
96A4
96A5
96A5
96A5
96A6
96A6
96A7
96A7
96A8
96A8
96A8
96A9
96A9
96AA
96AA
96AB
96AB
96AB
96AC
96AC
96AD
96AD
96AD
96AE
96AE
96AF
96AF
96B0
96B0
96B0
96B1
96B1
96B2
96B2
96B3
96B3
96B3
96B4
96B4
96B5
96B5
96B6
96B6
96B6
96B7
96B7
96B8
96B8
96B9
96B9
96B9
96BA
96BA
96BB
96BB
96BB
96BC
96BC
96BD
96BD
96BE
96BE
96BE
96BF
96BF
96C0
96C0
96C1
96C1
96C1
96C2
96C2
96C3
96C3
96C4
96C4
96C4
96C5
96C5
96C6
96C6
96C7
96C7
96C7
96C8
96C8
96C9
96C9
96C9
96CA
96CA
96CB
96CB
96CC
96CC
96CC
96CD
96CD
96CE
96CE
96CF
96CF
96CF
96D0
96D0
96D1
96D1
96D2
96D2
96D2
96D3
96D3
96D4
96D4
96D5
96D5
96D5
96D6
96D6
96D7
96D7
96D8
96D8
96D8
96D9
96D9
96DA
96DA
96DA
96DB
96DB
96DC
96DC
96DD
96DD
96DD
96DE
96DE
96DF
96DF
96E0
96E0
96E0
96E1
96E1
96E2
96E2
96E3
96E3
96E3
96E4
96E4
96E5
96E5
96E6
96E6
96E6
96E7
96E7
96E8
96E8
96E8
96E9
96E9
96EA
96EA
96EB
96EB
96EB
96EC
96EC
96ED
96ED
96EE
96EE
96EE
96EF
96EF
96F0
96F0
96F1
96F1
96F1
96F2
96F2
96F3
96F3
96F3
96F4
96F4
96F5
96F5
96F6
96F6
96F6
96F7
96F7
96F8
96F8
96F9
96F9
96F9
96FA
96FA
96FB
96FB
96FC
96FC
96FC
96FD
96FD
96FE
96FE
96FF
96FF
96FF
9700
9700
9701
9701
9701
9702
9702
9703
9703
9704
9704
9704
9705
9705
9706
9706
9707
9707
9707
9708
9708
9709
9709
970A
970A
970A
970B
970B
970C
970C
970D
970D
970D
970E
970E
970F
970F
970F
9710
9710
9711
9711
9712
9712
9712
9713
9713
9714
9714
9715
9715
9715
9716
9716
9717
9717
9718
9718
9718
9719
9719
971A
971A
971A
971B
971B
971C
971C
971D
971D
971D
971E
971E
971F
971F
9720
9720
9720
9721
9721
9722
9722
9723
9723
9723
9724
9724
9725
9725
9725
9726
9726
9727
9727
9728
9728
9728
9729
9729
972A
972A
972B
972B
972B
972C
972C
972D
972D
972E
972E
972E
972F
972F
9730
9730
9730
9731
9731
9732
9732
9733
9733
9733
9734
9734
9735
9735
9736
9736
9736
9737
9737
9738
9738
9739
9739
9739
973A
973A
973B
973B
973C
973C
973C
973D
973D
973E
973E
973E
973F
973F
9740
9740
9741
9741
9741
9742
9742
9743
9743
9744
9744
9744
9745
9745
9746
9746
9747
9747
9747
9748
9748
9749
9749
9749
974A
974A
974B
974B
974C
974C
974C
974D
974D
974E
974E
974F
974F
974F
9750
9750
9751
9751
9752
9752
9752
9753
9753
9754
9754
9754
9755
9755
9756
9756
9757
9757
9757
9758
9758
9759
9759
975A
975A
975A
975B
975B
975C
975C
975C
975D
975D
975E
975E
975F
975F
975F
9760
9760
9761
9761
9762
9762
9762
9763
9763
9764
9764
9765
9765
9765
9766
9766
9767
9767
9767
9768
9768
9769
9769
976A
976A
976A
976B
976B
976C
976C
976D
976D
976D
976E
976E
976F
976F
9770
9770
9770
9771
9771
9772
9772
9772
9773
9773
9774
9774
9775
9775
9775
9776
9776
9777
9777
9778
9778
9778
9779
9779
977A
977A
977B
977B
977B
977C
977C
977D
977D
977D
977E
977E
977F
977F
9780
9780
9780
9781
9781
9782
9782
9783
9783
9783
9784
9784
9785
9785
9785
9786
9786
9787
9787
9788
9788
9788
9789
9789
978A
978A
978B
978B
978B
978C
978C
978D
978D
978E
978E
978E
978F
978F
9790
9790
9790
9791
9791
9792
9792
9793
9793
9793
9794
9794
9795
9795
9796
9796
9796
9797
9797
9798
9798
9798
9799
9799
979A
979A
979B
979B
979B
979C
979C
979D
979D
979E
979E
979E
979F
979F
97A0
97A0
97A1
97A1
97A1
97A2
97A2
97A3
97A3
97A3
97A4
97A4
97A5
97A5
97A6
97A6
97A6
97A7
97A7
97A8
97A8
97A9
97A9
97A9
97AA
97AA
97AB
97AB
97AB
97AC
97AC
97AD
97AD
97AE
97AE
97AE
97AF
97AF
97B0
97B0
97B1
97B1
97B1
97B2
97B2
97B3
97B3
97B4
97B4
97B4
97B5
97B5
97B6
97B6
97B6
97B7
97B7
97B8
97B8
97B9
97B9
97B9
97BA
97BA
97BB
97BB
97BC
97BC
97BC
97BD
97BD
97BE
97BE
97BE
97BF
97BF
97C0
97C0
97C1
97C1
97C1
97C2
97C2
97C3
97C3
97C4
97C4
97C4
97C5
97C5
97C6
97C6
97C6
97C7
97C7
97C8
97C8
97C9
97C9
97C9
97CA
97CA
97CB
97CB
97CC
97CC
97CC
97CD
97CD
97CE
97CE
97CE
97CF
97CF
97D0
97D0
97D1
97D1
97D1
97D2
97D2
97D3
97D3
97D4
97D4
97D4
97D5
97D5
97D6
97D6
97D7
97D7
97D7
97D8
97D8
97D9
97D9
97D9
97DA
97DA
97DB
97DB
97DC
97DC
97DC
97DD
97DD
97DE
97DE
97DF
97DF
97DF
97E0
97E0
97E1
97E1
97E1
97E2
97E2
97E3
97E3
97E4
97E4
97E4
97E5
97E5
97E6
97E6
97E7
97E7
97E7
97E8
97E8
97E9
97E9
97E9
97EA
97EA
97EB
97EB
97EC
97EC
97EC
97ED
97ED
97EE
97EE
97EF
97EF
97EF
97F0
97F0
97F1
97F1
97F1
97F2
97F2
97F3
97F3
97F4
97F4
97F4
97F5
97F5
97F6
97F6
97F7
97F7
97F7
97F8
97F8
97F9
97F9
97F9
97FA
97FA
97FB
97FB
97FC
97FC
97FC
97FD
97FD
97FE
97FE
97FF
97FF
97FF
9800
9800
9801
9801
9801
9802
9802
9803
9803
9804
9804
9804
9805
9805
9806
9806
9807
9807
9807
9808
9808
9809
9809
9809
980A
980A
980B
980B
980C
980C
980C
980D
980D
980E
980E
980F
980F
980F
9810
9810
9811
9811
9811
9812
9812
9813
9813
9814
9814
9814
9815
9815
9816
9816
9817
9817
9817
9818
9818
9819
9819
9819
981A
981A
981B
981B
981C
981C
981C
981D
981D
981E
981E
981F
981F
981F
9820
9820
9821
9821
9821
9822
9822
9823
9823
9824
9824
9824
9825
9825
9826
9826
9827
9827
9827
9828
9828
9829
9829
9829
982A
982A
982B
982B
982C
982C
982C
982D
982D
982E
982E
982E
982F
982F
9830
9830
9831
9831
9831
9832
9832
9833
9833
9834
9834
9834
9835
9835
9836
9836
9836
9837
9837
9838
9838
9839
9839
9839
983A
983A
983B
983B
983C
983C
983C
983D
983D
983E
983E
983E
983F
983F
9840
9840
9841
9841
9841
9842
9842
9843
9843
9844
9844
9844
9845
9845
9846
9846
9846
9847
9847
9848
9848
9849
9849
9849
984A
984A
984B
984B
984C
984C
984C
984D
984D
984E
984E
984E
984F
984F
9850
9850
9851
9851
9851
9852
9852
9853
9853
9853
9854
9854
9855
9855
9856
9856
9856
9857
9857
9858
9858
9859
9859
9859
985A
985A
985B
985B
985B
985C
985C
985D
985D
985E
985E
985E
985F
985F
9860
9860
9861
9861
9861
9862
9862
9863
9863
9863
9864
9864
9865
9865
9866
9866
9866
9867
9867
9868
9868
9868
9869
9869
986A
986A
986B
986B
986B
986C
986C
986D
986D
986E
986E
986E
986F
986F
9870
9870
9870
9871
9871
9872
9872
9873
9873
9873
9874
9874
9875
9875
9876
9876
9876
9877
9877
9878
9878
9878
9879
9879
987A
987A
987B
987B
987B
987C
987C
987D
987D
987D
987E
987E
987F
987F
9880
9880
9880
9881
9881
9882
9882
9883
9883
9883
9884
9884
9885
9885
9885
9886
9886
9887
9887
9888
9888
9888
9889
9889
988A
988A
988A
988B
988B
988C
988C
988D
988D
988D
988E
988E
988F
988F
9890
9890
9890
9891
9891
9892
9892
9892
9893
9893
9894
9894
9895
9895
9895
9896
9896
9897
9897
9897
9898
9898
9899
9899
989A
989A
989A
989B
989B
989C
989C
989D
989D
989D
989E
989E
989F
989F
989F
98A0
98A0
98A1
98A1
98A2
98A2
98A2
98A3
98A3
98A4
98A4
98A4
98A5
98A5
98A6
98A6
98A7
98A7
98A7
98A8
98A8
98A9
98A9
98AA
98AA
98AA
98AB
98AB
98AC
98AC
98AC
98AD
98AD
98AE
98AE
98AF
98AF
98AF
98B0
98B0
98B1
98B1
98B1
98B2
98B2
98B3
98B3
98B4
98B4
98B4
98B5
98B5
98B6
98B6
98B7
98B7
98B7
98B8
98B8
98B9
98B9
98B9
98BA
98BA
98BB
98BB
98BC
98BC
98BC
98BD
98BD
98BE
98BE
98BE
98BF
98BF
98C0
98C0
98C1
98C1
98C1
98C2
98C2
98C3
98C3
98C4
98C4
98C4
98C5
98C5
98C6
98C6
98C6
98C7
98C7
98C8
98C8
98C9
98C9
98C9
98CA
98CA
98CB
98CB
98CB
98CC
98CC
98CD
98CD
98CE
98CE
98CE
98CF
98CF
98D0
98D0
98D0
98D1
98D1
98D2
98D2
98D3
98D3
98D3
98D4
98D4
98D5
98D5
98D6
98D6
98D6
98D7
98D7
98D8
98D8
98D8
98D9
98D9
98DA
98DA
98DB
98DB
98DB
98DC
98DC
98DD
98DD
98DD
98DE
98DE
98DF
98DF
98E0
98E0
98E0
98E1
98E1
98E2
98E2
98E2
98E3
98E3
98E4
98E4
98E5
98E5
98E5
98E6
98E6
98E7
98E7
98E8
98E8
98E8
98E9
98E9
98EA
98EA
98EA
98EB
98EB
98EC
98EC
98ED
98ED
98ED
98EE
98EE
98EF
98EF
98EF
98F0
98F0
98F1
98F1
98F2
98F2
98F2
98F3
98F3
98F4
98F4
98F4
98F5
98F5
98F6
98F6
98F7
98F7
98F7
98F8
98F8
98F9
98F9
98FA
98FA
98FA
98FB
98FB
98FC
98FC
98FC
98FD
98FD
98FE
98FE
98FF
98FF
98FF
9900
9900
9901
9901
9901
9902
9902
9903
9903
9904
9904
9904
9905
9905
9906
9906
9906
9907
9907
9908
9908
9909
9909
9909
990A
990A
990B
990B
990C
990C
990C
990D
990D
990E
990E
990E
990F
990F
9910
9910
9911
9911
9911
9912
9912
9913
9913
9913
9914
9914
9915
9915
9916
9916
9916
9917
9917
9918
9918
9918
9919
9919
991A
991A
991B
991B
991B
991C
991C
991D
991D
991D
991E
991E
991F
991F
9920
9920
9920
9921
9921
9922
9922
9922
9923
9923
9924
9924
9925
9925
9925
9926
9926
9927
9927
9928
9928
9928
9929
9929
992A
992A
992A
992B
992B
992C
992C
992D
992D
992D
992E
992E
992F
992F
992F
9930
9930
9931
9931
9932
9932
9932
9933
9933
9934
9934
9934
9935
9935
9936
9936
9937
9937
9937
9938
9938
9939
9939
9939
993A
993A
993B
993B
993C
993C
993C
993D
993D
993E
993E
993E
993F
993F
9940
9940
9941
9941
9941
9942
9942
9943
9943
9943
9944
9944
9945
9945
9946
9946
9946
9947
9947
9948
9948
9949
9949
9949
994A
994A
994B
994B
994B
994C
994C
994D
994D
994E
994E
994E
994F
994F
9950
9950
9950
9951
9951
9952
9952
9953
9953
9953
9954
9954
9955
9955
9955
9956
9956
9957
9957
9958
9958
9958
9959
9959
995A
995A
995A
995B
995B
995C
995C
995D
995D
995D
995E
995E
995F
995F
995F
9960
9960
9961
9961
9962
9962
9962
9963
9963
9964
9964
9964
9965
9965
9966
9966
9967
9967
9967
9968
9968
9969
9969
9969
996A
996A
996B
996B
996C
996C
996C
996D
996D
996E
996E
996E
996F
996F
9970
9970
9971
9971
9971
9972
9972
9973
9973
9973
9974
9974
9975
9975
9976
9976
9976
9977
9977
9978
9978
9978
9979
9979
997A
997A
997B
997B
997B
997C
997C
997D
997D
997D
997E
997E
997F
997F
9980
9980
9980
9981
9981
9982
9982
9983
9983
9983
9984
9984
9985
9985
9985
9986
9986
9987
9987
9988
9988
9988
9989
9989
998A
998A
998A
998B
998B
998C
998C
998D
998D
998D
998E
998E
998F
998F
998F
9990
9990
9991
9991
9992
9992
9992
9993
9993
9994
9994
9994
9995
9995
9996
9996
9997
9997
9997
9998
9998
9999
9999
9999
999A
999A
999B
999B
999C
999C
999C
999D
999D
999E
999E
999E
999F
999F
99A0
99A0
99A1
99A1
99A1
99A2
99A2
99A3
99A3
99A3
99A4
99A4
99A5
99A5
99A6
99A6
99A6
99A7
99A7
99A8
99A8
99A8
99A9
99A9
99AA
99AA
99AB
99AB
99AB
99AC
99AC
99AD
99AD
99AD
99AE
99AE
99AF
99AF
99B0
99B0
99B0
99B1
99B1
99B2
99B2
99B2
99B3
99B3
99B4
99B4
99B4
99B5
99B5
99B6
99B6
99B7
99B7
99B7
99B8
99B8
99B9
99B9
99B9
99BA
99BA
99BB
99BB
99BC
99BC
99BC
99BD
99BD
99BE
99BE
99BE
99BF
99BF
99C0
99C0
99C1
99C1
99C1
99C2
99C2
99C3
99C3
99C3
99C4
99C4
99C5
99C5
99C6
99C6
99C6
99C7
99C7
99C8
99C8
99C8
99C9
99C9
99CA
99CA
99CB
99CB
99CB
99CC
99CC
99CD
99CD
99CD
99CE
99CE
99CF
99CF
99D0
99D0
99D0
99D1
99D1
99D2
99D2
99D2
99D3
99D3
99D4
99D4
99D5
99D5
99D5
99D6
99D6
99D7
99D7
99D7
99D8
99D8
99D9
99D9
99DA
99DA
99DA
99DB
99DB
99DC
99DC
99DC
99DD
99DD
99DE
99DE
99DF
99DF
99DF
99E0
99E0
99E1
99E1
99E1
99E2
99E2
99E3
99E3
99E4
99E4
99E4
99E5
99E5
99E6
99E6
99E6
99E7
99E7
99E8
99E8
99E9
99E9
99E9
99EA
99EA
99EB
99EB
99EB
99EC
99EC
99ED
99ED
99EE
99EE
99EE
99EF
99EF
99F0
99F0
99F0
99F1
99F1
99F2
99F2
99F2
99F3
99F3
99F4
99F4
99F5
99F5
99F5
99F6
99F6
99F7
99F7
99F7
99F8
99F8
99F9
99F9
99FA
99FA
99FA
99FB
99FB
99FC
99FC
99FC
99FD
99FD
99FE
99FE
99FF
99FF
99FF
9A00
9A00
9A01
9A01
9A01
9A02
9A02
9A03
9A03
9A04
9A04
9A04
9A05
9A05
9A06
9A06
9A06
9A07
9A07
9A08
9A08
9A09
9A09
9A09
9A0A
9A0A
9A0B
9A0B
9A0B
9A0C
9A0C
9A0D
9A0D
9A0E
9A0E
9A0E
9A0F
9A0F
9A10
9A10
9A10
9A11
9A11
9A12
9A12
9A12
9A13
9A13
9A14
9A14
9A15
9A15
9A15
9A16
9A16
9A17
9A17
9A17
9A18
9A18
9A19
9A19
9A1A
9A1A
9A1A
9A1B
9A1B
9A1C
9A1C
9A1C
9A1D
9A1D
9A1E
9A1E
9A1F
9A1F
9A1F
9A20
9A20
9A21
9A21
9A21
9A22
9A22
9A23
9A23
9A24
9A24
9A24
9A25
9A25
9A26
9A26
9A26
9A27
9A27
9A28
9A28
9A28
9A29
9A29
9A2A
9A2A
9A2B
9A2B
9A2B
9A2C
9A2C
9A2D
9A2D
9A2D
9A2E
9A2E
9A2F
9A2F
9A30
9A30
9A30
9A31
9A31
9A32
9A32
9A32
9A33
9A33
9A34
9A34
9A35
9A35
9A35
9A36
9A36
9A37
9A37
9A37
9A38
9A38
9A39
9A39
9A3A
9A3A
9A3A
9A3B
9A3B
9A3C
9A3C
9A3C
9A3D
9A3D
9A3E
9A3E
9A3E
9A3F
9A3F
9A40
9A40
9A41
9A41
9A41
9A42
9A42
9A43
9A43
9A43
9A44
9A44
9A45
9A45
9A46
9A46
9A46
9A47
9A47
9A48
9A48
9A48
9A49
9A49
9A4A
9A4A
9A4B
9A4B
9A4B
9A4C
9A4C
9A4D
9A4D
9A4D
9A4E
9A4E
9A4F
9A4F
9A50
9A50
9A50
9A51
9A51
9A52
9A52
9A52
9A53
9A53
9A54
9A54
9A54
9A55
9A55
9A56
9A56
9A57
9A57
9A57
9A58
9A58
9A59
9A59
9A59
9A5A
9A5A
9A5B
9A5B
9A5C
9A5C
9A5C
9A5D
9A5D
9A5E
9A5E
9A5E
9A5F
9A5F
9A60
9A60
9A61
9A61
9A61
9A62
9A62
9A63
9A63
9A63
9A64
9A64
9A65
9A65
9A65
9A66
9A66
9A67
9A67
9A68
9A68
9A68
9A69
9A69
9A6A
9A6A
9A6A
9A6B
9A6B
9A6C
9A6C
9A6D
9A6D
9A6D
9A6E
9A6E
9A6F
9A6F
9A6F
9A70
9A70
9A71
9A71
9A71
9A72
9A72
9A73
9A73
9A74
9A74
9A74
9A75
9A75
9A76
9A76
9A76
9A77
9A77
9A78
9A78
9A79
9A79
9A79
9A7A
9A7A
9A7B
9A7B
9A7B
9A7C
9A7C
9A7D
9A7D
9A7E
9A7E
9A7E
9A7F
9A7F
9A80
9A80
9A80
9A81
9A81
9A82
9A82
9A82
9A83
9A83
9A84
9A84
9A85
9A85
9A85
9A86
9A86
9A87
9A87
9A87
9A88
9A88
9A89
9A89
9A8A
9A8A
9A8A
9A8B
9A8B
9A8C
9A8C
9A8C
9A8D
9A8D
9A8E
9A8E
9A8E
9A8F
9A8F
9A90
9A90
9A91
9A91
9A91
9A92
9A92
9A93
9A93
9A93
9A94
9A94
9A95
9A95
9A96
9A96
9A96
9A97
9A97
9A98
9A98
9A98
9A99
9A99
9A9A
9A9A
9A9B
9A9B
9A9B
9A9C
9A9C
9A9D
9A9D
9A9D
9A9E
9A9E
9A9F
9A9F
9A9F
9AA0
9AA0
9AA1
9AA1
9AA2
9AA2
9AA2
9AA3
9AA3
9AA4
9AA4
9AA4
9AA5
9AA5
9AA6
9AA6
9AA7
9AA7
9AA7
9AA8
9AA8
9AA9
9AA9
9AA9
9AAA
9AAA
9AAB
9AAB
9AAB
9AAC
9AAC
9AAD
9AAD
9AAE
9AAE
9AAE
9AAF
9AAF
9AB0
9AB0
9AB0
9AB1
9AB1
9AB2
9AB2
9AB3
9AB3
9AB3
9AB4
9AB4
9AB5
9AB5
9AB5
9AB6
9AB6
9AB7
9AB7
9AB7
9AB8
9AB8
9AB9
9AB9
9ABA
9ABA
9ABA
9ABB
9ABB
9ABC
9ABC
9ABC
9ABD
9ABD
9ABE
9ABE
9ABF
9ABF
9ABF
9AC0
9AC0
9AC1
9AC1
9AC1
9AC2
9AC2
9AC3
9AC3
9AC3
9AC4
9AC4
9AC5
9AC5
9AC6
9AC6
9AC6
9AC7
9AC7
9AC8
9AC8
9AC8
9AC9
9AC9
9ACA
9ACA
9ACA
9ACB
9ACB
9ACC
9ACC
9ACD
9ACD
9ACD
9ACE
9ACE
9ACF
9ACF
9ACF
9AD0
9AD0
9AD1
9AD1
9AD2
9AD2
9AD2
9AD3
9AD3
9AD4
9AD4
9AD4
9AD5
9AD5
9AD6
9AD6
9AD6
9AD7
9AD7
9AD8
9AD8
9AD9
9AD9
9AD9
9ADA
9ADA
9ADB
9ADB
9ADB
9ADC
9ADC
9ADD
9ADD
9ADE
9ADE
9ADE
9ADF
9ADF
9AE0
9AE0
9AE0
9AE1
9AE1
9AE2
9AE2
9AE2
9AE3
9AE3
9AE4
9AE4
9AE5
9AE5
9AE5
9AE6
9AE6
9AE7
9AE7
9AE7
9AE8
9AE8
9AE9
9AE9
9AE9
9AEA
9AEA
9AEB
9AEB
9AEC
9AEC
9AEC
9AED
9AED
9AEE
9AEE
9AEE
9AEF
9AEF
9AF0
9AF0
9AF1
9AF1
9AF1
9AF2
9AF2
9AF3
9AF3
9AF3
9AF4
9AF4
9AF5
9AF5
9AF5
9AF6
9AF6
9AF7
9AF7
9AF8
9AF8
9AF8
9AF9
9AF9
9AFA
9AFA
9AFA
9AFB
9AFB
9AFC
9AFC
9AFC
9AFD
9AFD
9AFE
9AFE
9AFF
9AFF
9AFF
9B00
9B00
9B01
9B01
9B01
9B02
9B02
9B03
9B03
9B04
9B04
9B04
9B05
9B05
9B06
9B06
9B06
9B07
9B07
9B08
9B08
9B08
9B09
9B09
9B0A
9B0A
9B0B
9B0B
9B0B
9B0C
9B0C
9B0D
9B0D
9B0D
9B0E
9B0E
9B0F
9B0F
9B0F
9B10
9B10
9B11
9B11
9B12
9B12
9B12
9B13
9B13
9B14
9B14
9B14
9B15
9B15
9B16
9B16
9B16
9B17
9B17
9B18
9B18
9B19
9B19
9B19
9B1A
9B1A
9B1B
9B1B
9B1B
9B1C
9B1C
9B1D
9B1D
9B1E
9B1E
9B1E
9B1F
9B1F
9B20
9B20
9B20
9B21
9B21
9B22
9B22
9B22
9B23
9B23
9B24
9B24
9B25
9B25
9B25
9B26
9B26
9B27
9B27
9B27
9B28
9B28
9B29
9B29
9B29
9B2A
9B2A
9B2B
9B2B
9B2C
9B2C
9B2C
9B2D
9B2D
9B2E
9B2E
9B2E
9B2F
9B2F
9B30
9B30
9B30
9B31
9B31
9B32
9B32
9B33
9B33
9B33
9B34
9B34
9B35
9B35
9B35
9B36
9B36
9B37
9B37
9B37
9B38
9B38
9B39
9B39
9B3A
9B3A
9B3A
9B3B
9B3B
9B3C
9B3C
9B3C
9B3D
9B3D
9B3E
9B3E
9B3F
9B3F
9B3F
9B40
9B40
9B41
9B41
9B41
9B42
9B42
9B43
9B43
9B43
9B44
9B44
9B45
9B45
9B46
9B46
9B46
9B47
9B47
9B48
9B48
9B48
9B49
9B49
9B4A
9B4A
9B4A
9B4B
9B4B
9B4C
9B4C
9B4D
9B4D
9B4D
9B4E
9B4E
9B4F
9B4F
9B4F
9B50
9B50
9B51
9B51
9B51
9B52
9B52
9B53
9B53
9B54
9B54
9B54
9B55
9B55
9B56
9B56
9B56
9B57
9B57
9B58
9B58
9B58
9B59
9B59
9B5A
9B5A
9B5B
9B5B
9B5B
9B5C
9B5C
9B5D
9B5D
9B5D
9B5E
9B5E
9B5F
9B5F
9B5F
9B60
9B60
9B61
9B61
9B62
9B62
9B62
9B63
9B63
9B64
9B64
9B64
9B65
9B65
9B66
9B66
9B66
9B67
9B67
9B68
9B68
9B69
9B69
9B69
9B6A
9B6A
9B6B
9B6B
9B6B
9B6C
9B6C
9B6D
9B6D
9B6D
9B6E
9B6E
9B6F
9B6F
9B70
9B70
9B70
9B71
9B71
9B72
9B72
9B72
9B73
9B73
9B74
9B74
9B74
9B75
9B75
9B76
9B76
9B77
9B77
9B77
9B78
9B78
9B79
9B79
9B79
9B7A
9B7A
9B7B
9B7B
9B7B
9B7C
9B7C
9B7D
9B7D
9B7E
9B7E
9B7E
9B7F
9B7F
9B80
9B80
9B80
9B81
9B81
9B82
9B82
9B82
9B83
9B83
9B84
9B84
9B85
9B85
9B85
9B86
9B86
9B87
9B87
9B87
9B88
9B88
9B89
9B89
9B89
9B8A
9B8A
9B8B
9B8B
9B8C
9B8C
9B8C
9B8D
9B8D
9B8E
9B8E
9B8E
9B8F
9B8F
9B90
9B90
9B90
9B91
9B91
9B92
9B92
9B93
9B93
9B93
9B94
9B94
9B95
9B95
9B95
9B96
9B96
9B97
9B97
9B97
9B98
9B98
9B99
9B99
9B9A
9B9A
9B9A
9B9B
9B9B
9B9C
9B9C
9B9C
9B9D
9B9D
9B9E
9B9E
9B9E
9B9F
9B9F
9BA0
9BA0
9BA1
9BA1
9BA1
9BA2
9BA2
9BA3
9BA3
9BA3
9BA4
9BA4
9BA5
9BA5
9BA5
9BA6
9BA6
9BA7
9BA7
9BA7
9BA8
9BA8
9BA9
9BA9
9BAA
9BAA
9BAA
9BAB
9BAB
9BAC
9BAC
9BAC
9BAD
9BAD
9BAE
9BAE
9BAE
9BAF
9BAF
9BB0
9BB0
9BB1
9BB1
9BB1
9BB2
9BB2
9BB3
9BB3
9BB3
9BB4
9BB4
9BB5
9BB5
9BB5
9BB6
9BB6
9BB7
9BB7
9BB8
9BB8
9BB8
9BB9
9BB9
9BBA
9BBA
9BBA
9BBB
9BBB
9BBC
9BBC
9BBC
9BBD
9BBD
9BBE
9BBE
9BBF
9BBF
9BBF
9BC0
9BC0
9BC1
9BC1
9BC1
9BC2
9BC2
9BC3
9BC3
9BC3
9BC4
9BC4
9BC5
9BC5
9BC5
9BC6
9BC6
9BC7
9BC7
9BC8
9BC8
9BC8
9BC9
9BC9
9BCA
9BCA
9BCA
9BCB
9BCB
9BCC
9BCC
9BCC
9BCD
9BCD
9BCE
9BCE
9BCF
9BCF
9BCF
9BD0
9BD0
9BD1
9BD1
9BD1
9BD2
9BD2
9BD3
9BD3
9BD3
9BD4
9BD4
9BD5
9BD5
9BD6
9BD6
9BD6
9BD7
9BD7
9BD8
9BD8
9BD8
9BD9
9BD9
9BDA
9BDA
9BDA
9BDB
9BDB
9BDC
9BDC
9BDC
9BDD
9BDD
9BDE
9BDE
9BDF
9BDF
9BDF
9BE0
9BE0
9BE1
9BE1
9BE1
9BE2
9BE2
9BE3
9BE3
9BE3
9BE4
9BE4
9BE5
9BE5
9BE6
9BE6
9BE6
9BE7
9BE7
9BE8
9BE8
9BE8
9BE9
9BE9
9BEA
9BEA
9BEA
9BEB
9BEB
9BEC
9BEC
9BED
9BED
9BED
9BEE
9BEE
9BEF
9BEF
9BEF
9BF0
9BF0
9BF1
9BF1
9BF1
9BF2
9BF2
9BF3
9BF3
9BF3
9BF4
9BF4
9BF5
9BF5
9BF6
9BF6
9BF6
9BF7
9BF7
9BF8
9BF8
9BF8
9BF9
9BF9
9BFA
9BFA
9BFA
9BFB
9BFB
9BFC
9BFC
9BFD
9BFD
9BFD
9BFE
9BFE
9BFF
9BFF
9BFF
9C00
9C00
9C01
9C01
9C01
9C02
9C02
9C03
9C03
9C03
9C04
9C04
9C05
9C05
9C06
9C06
9C06
9C07
9C07
9C08
9C08
9C08
9C09
9C09
9C0A
9C0A
9C0A
9C0B
9C0B
9C0C
9C0C
9C0D
9C0D
9C0D
9C0E
9C0E
9C0F
9C0F
9C0F
9C10
9C10
9C11
9C11
9C11
9C12
9C12
9C13
9C13
9C13
9C14
9C14
9C15
9C15
9C16
9C16
9C16
9C17
9C17
9C18
9C18
9C18
9C19
9C19
9C1A
9C1A
9C1A
9C1B
9C1B
9C1C
9C1C
9C1D
9C1D
9C1D
9C1E
9C1E
9C1F
9C1F
9C1F
9C20
9C20
9C21
9C21
9C21
9C22
9C22
9C23
9C23
9C23
9C24
9C24
9C25
9C25
9C26
9C26
9C26
9C27
9C27
9C28
9C28
9C28
9C29
9C29
9C2A
9C2A
9C2A
9C2B
9C2B
9C2C
9C2C
9C2C
9C2D
9C2D
9C2E
9C2E
9C2F
9C2F
9C2F
9C30
9C30
9C31
9C31
9C31
9C32
9C32
9C33
9C33
9C33
9C34
9C34
9C35
9C35
9C36
9C36
9C36
9C37
9C37
9C38
9C38
9C38
9C39
9C39
9C3A
9C3A
9C3A
9C3B
9C3B
9C3C
9C3C
9C3C
9C3D
9C3D
9C3E
9C3E
9C3F
9C3F
9C3F
9C40
9C40
9C41
9C41
9C41
9C42
9C42
9C43
9C43
9C43
9C44
9C44
9C45
9C45
9C45
9C46
9C46
9C47
9C47
9C48
9C48
9C48
9C49
9C49
9C4A
9C4A
9C4A
9C4B
9C4B
9C4C
9C4C
9C4C
9C4D
9C4D
9C4E
9C4E
9C4E
9C4F
9C4F
9C50
9C50
9C51
9C51
9C51
9C52
9C52
9C53
9C53
9C53
9C54
9C54
9C55
9C55
9C55
9C56
9C56
9C57
9C57
9C57
9C58
9C58
9C59
9C59
9C5A
9C5A
9C5A
9C5B
9C5B
9C5C
9C5C
9C5C
9C5D
9C5D
9C5E
9C5E
9C5E
9C5F
9C5F
9C60
9C60
9C60
9C61
9C61
9C62
9C62
9C63
9C63
9C63
9C64
9C64
9C65
9C65
9C65
9C66
9C66
9C67
9C67
9C67
9C68
9C68
9C69
9C69
9C6A
9C6A
9C6A
9C6B
9C6B
9C6C
9C6C
9C6C
9C6D
9C6D
9C6E
9C6E
9C6E
9C6F
9C6F
9C70
9C70
9C70
9C71
9C71
9C72
9C72
9C73
9C73
9C73
9C74
9C74
9C75
9C75
9C75
9C76
9C76
9C77
9C77
9C77
9C78
9C78
9C79
9C79
9C79
9C7A
9C7A
9C7B
9C7B
9C7C
9C7C
9C7C
9C7D
9C7D
9C7E
9C7E
9C7E
9C7F
9C7F
9C80
9C80
9C80
9C81
9C81
9C82
9C82
9C82
9C83
9C83
9C84
9C84
9C84
9C85
9C85
9C86
9C86
9C87
9C87
9C87
9C88
9C88
9C89
9C89
9C89
9C8A
9C8A
9C8B
9C8B
9C8B
9C8C
9C8C
9C8D
9C8D
9C8D
9C8E
9C8E
9C8F
9C8F
9C90
9C90
9C90
9C91
9C91
9C92
9C92
9C92
9C93
9C93
9C94
9C94
9C94
9C95
9C95
9C96
9C96
9C96
9C97
9C97
9C98
9C98
9C99
9C99
9C99
9C9A
9C9A
9C9B
9C9B
9C9B
9C9C
9C9C
9C9D
9C9D
9C9D
9C9E
9C9E
9C9F
9C9F
9C9F
9CA0
9CA0
9CA1
9CA1
9CA2
9CA2
9CA2
9CA3
9CA3
9CA4
9CA4
9CA4
9CA5
9CA5
9CA6
9CA6
9CA6
9CA7
9CA7
9CA8
9CA8
9CA8
9CA9
9CA9
9CAA
9CAA
9CAB
9CAB
9CAB
9CAC
9CAC
9CAD
9CAD
9CAD
9CAE
9CAE
9CAF
9CAF
9CAF
9CB0
9CB0
9CB1
9CB1
9CB1
9CB2
9CB2
9CB3
9CB3
9CB3
9CB4
9CB4
9CB5
9CB5
9CB6
9CB6
9CB6
9CB7
9CB7
9CB8
9CB8
9CB8
9CB9
9CB9
9CBA
9CBA
9CBA
9CBB
9CBB
9CBC
9CBC
9CBC
9CBD
9CBD
9CBE
9CBE
9CBF
9CBF
9CBF
9CC0
9CC0
9CC1
9CC1
9CC1
9CC2
9CC2
9CC3
9CC3
9CC3
9CC4
9CC4
9CC5
9CC5
9CC5
9CC6
9CC6
9CC7
9CC7
9CC8
9CC8
9CC8
9CC9
9CC9
9CCA
9CCA
9CCA
9CCB
9CCB
9CCC
9CCC
9CCC
9CCD
9CCD
9CCE
9CCE
9CCE
9CCF
9CCF
9CD0
9CD0
9CD0
9CD1
9CD1
9CD2
9CD2
9CD3
9CD3
9CD3
9CD4
9CD4
9CD5
9CD5
9CD5
9CD6
9CD6
9CD7
9CD7
9CD7
9CD8
9CD8
9CD9
9CD9
9CD9
9CDA
9CDA
9CDB
9CDB
9CDB
9CDC
9CDC
9CDD
9CDD
9CDE
9CDE
9CDE
9CDF
9CDF
9CE0
9CE0
9CE0
9CE1
9CE1
9CE2
9CE2
9CE2
9CE3
9CE3
9CE4
9CE4
9CE4
9CE5
9CE5
9CE6
9CE6
9CE7
9CE7
9CE7
9CE8
9CE8
9CE9
9CE9
9CE9
9CEA
9CEA
9CEB
9CEB
9CEB
9CEC
9CEC
9CED
9CED
9CED
9CEE
9CEE
9CEF
9CEF
9CEF
9CF0
9CF0
9CF1
9CF1
9CF2
9CF2
9CF2
9CF3
9CF3
9CF4
9CF4
9CF4
9CF5
9CF5
9CF6
9CF6
9CF6
9CF7
9CF7
9CF8
9CF8
9CF8
9CF9
9CF9
9CFA
9CFA
9CFA
9CFB
9CFB
9CFC
9CFC
9CFD
9CFD
9CFD
9CFE
9CFE
9CFF
9CFF
9CFF
9D00
9D00
9D01
9D01
9D01
9D02
9D02
9D03
9D03
9D03
9D04
9D04
9D05
9D05
9D06
9D06
9D06
9D07
9D07
9D08
9D08
9D08
9D09
9D09
9D0A
9D0A
9D0A
9D0B
9D0B
9D0C
9D0C
9D0C
9D0D
9D0D
9D0E
9D0E
9D0E
9D0F
9D0F
9D10
9D10
9D11
9D11
9D11
9D12
9D12
9D13
9D13
9D13
9D14
9D14
9D15
9D15
9D15
9D16
9D16
9D17
9D17
9D17
9D18
9D18
9D19
9D19
9D19
9D1A
9D1A
9D1B
9D1B
9D1C
9D1C
9D1C
9D1D
9D1D
9D1E
9D1E
9D1E
9D1F
9D1F
9D20
9D20
9D20
9D21
9D21
9D22
9D22
9D22
9D23
9D23
9D24
9D24
9D24
9D25
9D25
9D26
9D26
9D27
9D27
9D27
9D28
9D28
9D29
9D29
9D29
9D2A
9D2A
9D2B
9D2B
9D2B
9D2C
9D2C
9D2D
9D2D
9D2D
9D2E
9D2E
9D2F
9D2F
9D2F
9D30
9D30
9D31
9D31
9D31
9D32
9D32
9D33
9D33
9D34
9D34
9D34
9D35
9D35
9D36
9D36
9D36
9D37
9D37
9D38
9D38
9D38
9D39
9D39
9D3A
9D3A
9D3A
9D3B
9D3B
9D3C
9D3C
9D3C
9D3D
9D3D
9D3E
9D3E
9D3F
9D3F
9D3F
9D40
9D40
9D41
9D41
9D41
9D42
9D42
9D43
9D43
9D43
9D44
9D44
9D45
9D45
9D45
9D46
9D46
9D47
9D47
9D47
9D48
9D48
9D49
9D49
9D4A
9D4A
9D4A
9D4B
9D4B
9D4C
9D4C
9D4C
9D4D
9D4D
9D4E
9D4E
9D4E
9D4F
9D4F
9D50
9D50
9D50
9D51
9D51
9D52
9D52
9D52
9D53
9D53
9D54
9D54
9D54
9D55
9D55
9D56
9D56
9D57
9D57
9D57
9D58
9D58
9D59
9D59
9D59
9D5A
9D5A
9D5B
9D5B
9D5B
9D5C
9D5C
9D5D
9D5D
9D5D
9D5E
9D5E
9D5F
9D5F
9D5F
9D60
9D60
9D61
9D61
9D62
9D62
9D62
9D63
9D63
9D64
9D64
9D64
9D65
9D65
9D66
9D66
9D66
9D67
9D67
9D68
9D68
9D68
9D69
9D69
9D6A
9D6A
9D6A
9D6B
9D6B
9D6C
9D6C
9D6C
9D6D
9D6D
9D6E
9D6E
9D6F
9D6F
9D6F
9D70
9D70
9D71
9D71
9D71
9D72
9D72
9D73
9D73
9D73
9D74
9D74
9D75
9D75
9D75
9D76
9D76
9D77
9D77
9D77
9D78
9D78
9D79
9D79
9D79
9D7A
9D7A
9D7B
9D7B
9D7C
9D7C
9D7C
9D7D
9D7D
9D7E
9D7E
9D7E
9D7F
9D7F
9D80
9D80
9D80
9D81
9D81
9D82
9D82
9D82
9D83
9D83
9D84
9D84
9D84
9D85
9D85
9D86
9D86
9D87
9D87
9D87
9D88
9D88
9D89
9D89
9D89
9D8A
9D8A
9D8B
9D8B
9D8B
9D8C
9D8C
9D8D
9D8D
9D8D
9D8E
9D8E
9D8F
9D8F
9D8F
9D90
9D90
9D91
9D91
9D91
9D92
9D92
9D93
9D93
9D94
9D94
9D94
9D95
9D95
9D96
9D96
9D96
9D97
9D97
9D98
9D98
9D98
9D99
9D99
9D9A
9D9A
9D9A
9D9B
9D9B
9D9C
9D9C
9D9C
9D9D
9D9D
9D9E
9D9E
9D9E
9D9F
9D9F
9DA0
9DA0
9DA0
9DA1
9DA1
9DA2
9DA2
9DA3
9DA3
9DA3
9DA4
9DA4
9DA5
9DA5
9DA5
9DA6
9DA6
9DA7
9DA7
9DA7
9DA8
9DA8
9DA9
9DA9
9DA9
9DAA
9DAA
9DAB
9DAB
9DAB
9DAC
9DAC
9DAD
9DAD
9DAD
9DAE
9DAE
9DAF
9DAF
9DB0
9DB0
9DB0
9DB1
9DB1
9DB2
9DB2
9DB2
9DB3
9DB3
9DB4
9DB4
9DB4
9DB5
9DB5
9DB6
9DB6
9DB6
9DB7
9DB7
9DB8
9DB8
9DB8
9DB9
9DB9
9DBA
9DBA
9DBA
9DBB
9DBB
9DBC
9DBC
9DBD
9DBD
9DBD
9DBE
9DBE
9DBF
9DBF
9DBF
9DC0
9DC0
9DC1
9DC1
9DC1
9DC2
9DC2
9DC3
9DC3
9DC3
9DC4
9DC4
9DC5
9DC5
9DC5
9DC6
9DC6
9DC7
9DC7
9DC7
9DC8
9DC8
9DC9
9DC9
9DC9
9DCA
9DCA
9DCB
9DCB
9DCC
9DCC
9DCC
9DCD
9DCD
9DCE
9DCE
9DCE
9DCF
9DCF
9DD0
9DD0
9DD0
9DD1
9DD1
9DD2
9DD2
9DD2
9DD3
9DD3
9DD4
9DD4
9DD4
9DD5
9DD5
9DD6
9DD6
9DD6
9DD7
9DD7
9DD8
9DD8
9DD8
9DD9
9DD9
9DDA
9DDA
9DDB
9DDB
9DDB
9DDC
9DDC
9DDD
9DDD
9DDD
9DDE
9DDE
9DDF
9DDF
9DDF
9DE0
9DE0
9DE1
9DE1
9DE1
9DE2
9DE2
9DE3
9DE3
9DE3
9DE4
9DE4
9DE5
9DE5
9DE5
9DE6
9DE6
9DE7
9DE7
9DE7
9DE8
9DE8
9DE9
9DE9
9DEA
9DEA
9DEA
9DEB
9DEB
9DEC
9DEC
9DEC
9DED
9DED
9DEE
9DEE
9DEE
9DEF
9DEF
9DF0
9DF0
9DF0
9DF1
9DF1
9DF2
9DF2
9DF2
9DF3
9DF3
9DF4
9DF4
9DF4
9DF5
9DF5
9DF6
9DF6
9DF6
9DF7
9DF7
9DF8
9DF8
9DF9
9DF9
9DF9
9DFA
9DFA
9DFB
9DFB
9DFB
9DFC
9DFC
9DFD
9DFD
9DFD
9DFE
9DFE
9DFF
9DFF
9DFF
9E00
9E00
9E01
9E01
9E01
9E02
9E02
9E03
9E03
9E03
9E04
9E04
9E05
9E05
9E05
9E06
9E06
9E07
9E07
9E07
9E08
9E08
9E09
9E09
9E0A
9E0A
9E0A
9E0B
9E0B
9E0C
9E0C
9E0C
9E0D
9E0D
9E0E
9E0E
9E0E
9E0F
9E0F
9E10
9E10
9E10
9E11
9E11
9E12
9E12
9E12
9E13
9E13
9E14
9E14
9E14
9E15
9E15
9E16
9E16
9E16
9E17
9E17
9E18
9E18
9E18
9E19
9E19
9E1A
9E1A
9E1B
9E1B
9E1B
9E1C
9E1C
9E1D
9E1D
9E1D
9E1E
9E1E
9E1F
9E1F
9E1F
9E20
9E20
9E21
9E21
9E21
9E22
9E22
9E23
9E23
9E23
9E24
9E24
9E25
9E25
9E25
9E26
9E26
9E27
9E27
9E27
9E28
9E28
9E29
9E29
9E29
9E2A
9E2A
9E2B
9E2B
9E2C
9E2C
9E2C
9E2D
9E2D
9E2E
9E2E
9E2E
9E2F
9E2F
9E30
9E30
9E30
9E31
9E31
9E32
9E32
9E32
9E33
9E33
9E34
9E34
9E34
9E35
9E35
9E36
9E36
9E36
9E37
9E37
9E38
9E38
9E38
9E39
9E39
9E3A
9E3A
9E3A
9E3B
9E3B
9E3C
9E3C
9E3D
9E3D
9E3D
9E3E
9E3E
9E3F
9E3F
9E3F
9E40
9E40
9E41
9E41
9E41
9E42
9E42
9E43
9E43
9E43
9E44
9E44
9E45
9E45
9E45
9E46
9E46
9E47
9E47
9E47
9E48
9E48
9E49
9E49
9E49
9E4A
9E4A
9E4B
9E4B
9E4B
9E4C
9E4C
9E4D
9E4D
9E4D
9E4E
9E4E
9E4F
9E4F
9E50
9E50
9E50
9E51
9E51
9E52
9E52
9E52
9E53
9E53
9E54
9E54
9E54
9E55
9E55
9E56
9E56
9E56
9E57
9E57
9E58
9E58
9E58
9E59
9E59
9E5A
9E5A
9E5A
9E5B
9E5B
9E5C
9E5C
9E5C
9E5D
9E5D
9E5E
9E5E
9E5E
9E5F
9E5F
9E60
9E60
9E60
9E61
9E61
9E62
9E62
9E63
9E63
9E63
9E64
9E64
9E65
9E65
9E65
9E66
9E66
9E67
9E67
9E67
9E68
9E68
9E69
9E69
9E69
9E6A
9E6A
9E6B
9E6B
9E6B
9E6C
9E6C
9E6D
9E6D
9E6D
9E6E
9E6E
9E6F
9E6F
9E6F
9E70
9E70
9E71
9E71
9E71
9E72
9E72
9E73
9E73
9E73
9E74
9E74
9E75
9E75
9E76
9E76
9E76
9E77
9E77
9E78
9E78
9E78
9E79
9E79
9E7A
9E7A
9E7A
9E7B
9E7B
9E7C
9E7C
9E7C
9E7D
9E7D
9E7E
9E7E
9E7E
9E7F
9E7F
9E80
9E80
9E80
9E81
9E81
9E82
9E82
9E82
9E83
9E83
9E84
9E84
9E84
9E85
9E85
9E86
9E86
9E86
9E87
9E87
9E88
9E88
9E88
9E89
9E89
9E8A
9E8A
9E8A
9E8B
9E8B
9E8C
9E8C
9E8D
9E8D
9E8D
9E8E
9E8E
9E8F
9E8F
9E8F
9E90
9E90
9E91
9E91
9E91
9E92
9E92
9E93
9E93
9E93
9E94
9E94
9E95
9E95
9E95
9E96
9E96
9E97
9E97
9E97
9E98
9E98
9E99
9E99
9E99
9E9A
9E9A
9E9B
9E9B
9E9B
9E9C
9E9C
9E9D
9E9D
9E9D
9E9E
9E9E
9E9F
9E9F
9E9F
9EA0
9EA0
9EA1
9EA1
9EA2
9EA2
9EA2
9EA3
9EA3
9EA4
9EA4
9EA4
9EA5
9EA5
9EA6
9EA6
9EA6
9EA7
9EA7
9EA8
9EA8
9EA8
9EA9
9EA9
9EAA
9EAA
9EAA
9EAB
9EAB
9EAC
9EAC
9EAC
9EAD
9EAD
9EAE
9EAE
9EAE
9EAF
9EAF
9EB0
9EB0
9EB0
9EB1
9EB1
9EB2
9EB2
9EB2
9EB3
9EB3
9EB4
9EB4
9EB4
9EB5
9EB5
9EB6
9EB6
9EB6
9EB7
9EB7
9EB8
9EB8
9EB8
9EB9
9EB9
9EBA
9EBA
9EBB
9EBB
9EBB
9EBC
9EBC
9EBD
9EBD
9EBD
9EBE
9EBE
9EBF
9EBF
9EBF
9EC0
9EC0
9EC1
9EC1
9EC1
9EC2
9EC2
9EC3
9EC3
9EC3
9EC4
9EC4
9EC5
9EC5
9EC5
9EC6
9EC6
9EC7
9EC7
9EC7
9EC8
9EC8
9EC9
9EC9
9EC9
9ECA
9ECA
9ECB
9ECB
9ECB
9ECC
9ECC
9ECD
9ECD
9ECD
9ECE
9ECE
9ECF
9ECF
9ECF
9ED0
9ED0
9ED1
9ED1
9ED1
9ED2
9ED2
9ED3
9ED3
9ED3
9ED4
9ED4
9ED5
9ED5
9ED6
9ED6
9ED6
9ED7
9ED7
9ED8
9ED8
9ED8
9ED9
9ED9
9EDA
9EDA
9EDA
9EDB
9EDB
9EDC
9EDC
9EDC
9EDD
9EDD
9EDE
9EDE
9EDE
9EDF
9EDF
9EE0
9EE0
9EE0
9EE1
9EE1
9EE2
9EE2
9EE2
9EE3
9EE3
9EE4
9EE4
9EE4
9EE5
9EE5
9EE6
9EE6
9EE6
9EE7
9EE7
9EE8
9EE8
9EE8
9EE9
9EE9
9EEA
9EEA
9EEA
9EEB
9EEB
9EEC
9EEC
9EEC
9EED
9EED
9EEE
9EEE
9EEE
9EEF
9EEF
9EF0
9EF0
9EF1
9EF1
9EF1
9EF2
9EF2
9EF3
9EF3
9EF3
9EF4
9EF4
9EF5
9EF5
9EF5
9EF6
9EF6
9EF7
9EF7
9EF7
9EF8
9EF8
9EF9
9EF9
9EF9
9EFA
9EFA
9EFB
9EFB
9EFB
9EFC
9EFC
9EFD
9EFD
9EFD
9EFE
9EFE
9EFF
9EFF
9EFF
9F00
9F00
9F01
9F01
9F01
9F02
9F02
9F03
9F03
9F03
9F04
9F04
9F05
9F05
9F05
9F06
9F06
9F07
9F07
9F07
9F08
9F08
9F09
9F09
9F09
9F0A
9F0A
9F0B
9F0B
9F0B
9F0C
9F0C
9F0D
9F0D
9F0D
9F0E
9F0E
9F0F
9F0F
9F0F
9F10
9F10
9F11
9F11
9F12
9F12
9F12
9F13
9F13
9F14
9F14
9F14
9F15
9F15
9F16
9F16
9F16
9F17
9F17
9F18
9F18
9F18
9F19
9F19
9F1A
9F1A
9F1A
9F1B
9F1B
9F1C
9F1C
9F1C
9F1D
9F1D
9F1E
9F1E
9F1E
9F1F
9F1F
9F20
9F20
9F20
9F21
9F21
9F22
9F22
9F22
9F23
9F23
9F24
9F24
9F24
9F25
9F25
9F26
9F26
9F26
9F27
9F27
9F28
9F28
9F28
9F29
9F29
9F2A
9F2A
9F2A
9F2B
9F2B
9F2C
9F2C
9F2C
9F2D
9F2D
9F2E
9F2E
9F2E
9F2F
9F2F
9F30
9F30
9F30
9F31
9F31
9F32
9F32
9F32
9F33
9F33
9F34
9F34
9F34
9F35
9F35
9F36
9F36
9F37
9F37
9F37
9F38
9F38
9F39
9F39
9F39
9F3A
9F3A
9F3B
9F3B
9F3B
9F3C
9F3C
9F3D
9F3D
9F3D
9F3E
9F3E
9F3F
9F3F
9F3F
9F40
9F40
9F41
9F41
9F41
9F42
9F42
9F43
9F43
9F43
9F44
9F44
9F45
9F45
9F45
9F46
9F46
9F47
9F47
9F47
9F48
9F48
9F49
9F49
9F49
9F4A
9F4A
9F4B
9F4B
9F4B
9F4C
9F4C
9F4D
9F4D
9F4D
9F4E
9F4E
9F4F
9F4F
9F4F
9F50
9F50
9F51
9F51
9F51
9F52
9F52
9F53
9F53
9F53
9F54
9F54
9F55
9F55
9F55
9F56
9F56
9F57
9F57
9F57
9F58
9F58
9F59
9F59
9F59
9F5A
9F5A
9F5B
9F5B
9F5B
9F5C
9F5C
9F5D
9F5D
9F5D
9F5E
9F5E
9F5F
9F5F
9F5F
9F60
9F60
9F61
9F61
9F61
9F62
9F62
9F63
9F63
9F64
9F64
9F64
9F65
9F65
9F66
9F66
9F66
9F67
9F67
9F68
9F68
9F68
9F69
9F69
9F6A
9F6A
9F6A
9F6B
9F6B
9F6C
9F6C
9F6C
9F6D
9F6D
9F6E
9F6E
9F6E
9F6F
9F6F
9F70
9F70
9F70
9F71
9F71
9F72
9F72
9F72
9F73
9F73
9F74
9F74
9F74
9F75
9F75
9F76
9F76
9F76
9F77
9F77
9F78
9F78
9F78
9F79
9F79
9F7A
9F7A
9F7A
9F7B
9F7B
9F7C
9F7C
9F7C
9F7D
9F7D
9F7E
9F7E
9F7E
9F7F
9F7F
9F80
9F80
9F80
9F81
9F81
9F82
9F82
9F82
9F83
9F83
9F84
9F84
9F84
9F85
9F85
9F86
9F86
9F86
9F87
9F87
9F88
9F88
9F88
9F89
9F89
9F8A
9F8A
9F8A
9F8B
9F8B
9F8C
9F8C
9F8C
9F8D
9F8D
9F8E
9F8E
9F8E
9F8F
9F8F
9F90
9F90
9F90
9F91
9F91
9F92
9F92
9F92
9F93
9F93
9F94
9F94
9F94
9F95
9F95
9F96
9F96
9F96
9F97
9F97
9F98
9F98
9F98
9F99
9F99
9F9A
9F9A
9F9A
9F9B
9F9B
9F9C
9F9C
9F9C
9F9D
9F9D
9F9E
9F9E
9F9E
9F9F
9F9F
9FA0
9FA0
9FA0
9FA1
9FA1
9FA2
9FA2
9FA2
9FA3
9FA3
9FA4
9FA4
9FA4
9FA5
9FA5
9FA6
9FA6
9FA7
9FA7
9FA7
9FA8
9FA8
9FA9
9FA9
9FA9
9FAA
9FAA
9FAB
9FAB
9FAB
9FAC
9FAC
9FAD
9FAD
9FAD
9FAE
9FAE
9FAF
9FAF
9FAF
9FB0
9FB0
9FB1
9FB1
9FB1
9FB2
9FB2
9FB3
9FB3
9FB3
9FB4
9FB4
9FB5
9FB5
9FB5
9FB6
9FB6
9FB7
9FB7
9FB7
9FB8
9FB8
9FB9
9FB9
9FB9
9FBA
9FBA
9FBB
9FBB
9FBB
9FBC
9FBC
9FBD
9FBD
9FBD
9FBE
9FBE
9FBF
9FBF
9FBF
9FC0
9FC0
9FC1
9FC1
9FC1
9FC2
9FC2
9FC3
9FC3
9FC3
9FC4
9FC4
9FC5
9FC5
9FC5
9FC6
9FC6
9FC7
9FC7
9FC7
9FC8
9FC8
9FC9
9FC9
9FC9
9FCA
9FCA
9FCB
9FCB
9FCB
9FCC
9FCC
9FCD
9FCD
9FCD
9FCE
9FCE
9FCF
9FCF
9FCF
9FD0
9FD0
9FD1
9FD1
9FD1
9FD2
9FD2
9FD3
9FD3
9FD3
9FD4
9FD4
9FD5
9FD5
9FD5
9FD6
9FD6
9FD7
9FD7
9FD7
9FD8
9FD8
9FD9
9FD9
9FD9
9FDA
9FDA
9FDB
9FDB
9FDB
9FDC
9FDC
9FDD
9FDD
9FDD
9FDE
9FDE
9FDF
9FDF
9FDF
9FE0
9FE0
9FE1
9FE1
9FE1
9FE2
9FE2
9FE3
9FE3
9FE3
9FE4
9FE4
9FE5
9FE5
9FE5
9FE6
9FE6
9FE7
9FE7
9FE7
9FE8
9FE8
9FE9
9FE9
9FE9
9FEA
9FEA
9FEB
9FEB
9FEB
9FEC
9FEC
9FED
9FED
9FED
9FEE
9FEE
9FEF
9FEF
9FEF
9FF0
9FF0
9FF1
9FF1
9FF1
9FF2
9FF2
9FF3
9FF3
9FF3
9FF4
9FF4
9FF5
9FF5
9FF5
9FF6
9FF6
9FF7
9FF7
9FF7
9FF8
9FF8
9FF9
9FF9
9FF9
9FFA
9FFA
9FFB
9FFB
9FFB
9FFC
9FFC
9FFD
9FFD
9FFD
9FFE
9FFE
9FFF
9FFF
9FFF
A000
A000
A001
A001
A001
A002
A002
A003
A003
A003
A004
A004
A005
A005
A005
A006
A006
A007
A007
A007
A008
A008
A009
A009
A009
A00A
A00A
A00B
A00B
A00B
A00C
A00C
A00D
A00D
A00D
A00E
A00E
A00F
A00F
A00F
A010
A010
A011
A011
A011
A012
A012
A013
A013
A013
A014
A014
A015
A015
A015
A016
A016
A017
A017
A017
A018
A018
A019
A019
A019
A01A
A01A
A01B
A01B
A01B
A01C
A01C
A01D
A01D
A01D
A01E
A01E
A01F
A01F
A01F
A020
A020
A021
A021
A021
A022
A022
A023
A023
A023
A024
A024
A025
A025
A025
A026
A026
A027
A027
A027
A028
A028
A029
A029
A029
A02A
A02A
A02B
A02B
A02B
A02C
A02C
A02D
A02D
A02D
A02E
A02E
A02F
A02F
A02F
A030
A030
A031
A031
A031
A032
A032
A033
A033
A033
A034
A034
A035
A035
A035
A036
A036
A037
A037
A037
A038
A038
A039
A039
A039
A03A
A03A
A03B
A03B
A03B
A03C
A03C
A03D
A03D
A03D
A03E
A03E
A03F
A03F
A03F
A040
A040
A041
A041
A041
A042
A042
A043
A043
A043
A044
A044
A045
A045
A045
A046
A046
A047
A047
A047
A048
A048
A049
A049
A049
A04A
A04A
A04B
A04B
A04B
A04C
A04C
A04D
A04D
A04D
A04E
A04E
A04F
A04F
A04F
A050
A050
A051
A051
A051
A052
A052
A053
A053
A053
A054
A054
A055
A055
A055
A056
A056
A057
A057
A057
A058
A058
A059
A059
A059
A05A
A05A
A05B
A05B
A05B
A05C
A05C
A05C
A05D
A05D
A05E
A05E
A05E
A05F
A05F
A060
A060
A060
A061
A061
A062
A062
A062
A063
A063
A064
A064
A064
A065
A065
A066
A066
A066
A067
A067
A068
A068
A068
A069
A069
A06A
A06A
A06A
A06B
A06B
A06C
A06C
A06C
A06D
A06D
A06E
A06E
A06E
A06F
A06F
A070
A070
A070
A071
A071
A072
A072
A072
A073
A073
A074
A074
A074
A075
A075
A076
A076
A076
A077
A077
A078
A078
A078
A079
A079
A07A
A07A
A07A
A07B
A07B
A07C
A07C
A07C
A07D
A07D
A07E
A07E
A07E
A07F
A07F
A080
A080
A080
A081
A081
A082
A082
A082
A083
A083
A084
A084
A084
A085
A085
A086
A086
A086
A087
A087
A088
A088
A088
A089
A089
A08A
A08A
A08A
A08B
A08B
A08C
A08C
A08C
A08D
A08D
A08E
A08E
A08E
A08F
A08F
A090
A090
A090
A091
A091
A092
A092
A092
A093
A093
A094
A094
A094
A095
A095
A096
A096
A096
A097
A097
A098
A098
A098
A099
A099
A09A
A09A
A09A
A09B
A09B
A09C
A09C
A09C
A09D
A09D
A09D
A09E
A09E
A09F
A09F
A09F
A0A0
A0A0
A0A1
A0A1
A0A1
A0A2
A0A2
A0A3
A0A3
A0A3
A0A4
A0A4
A0A5
A0A5
A0A5
A0A6
A0A6
A0A7
A0A7
A0A7
A0A8
A0A8
A0A9
A0A9
A0A9
A0AA
A0AA
A0AB
A0AB
A0AB
A0AC
A0AC
A0AD
A0AD
A0AD
A0AE
A0AE
A0AF
A0AF
A0AF
A0B0
A0B0
A0B1
A0B1
A0B1
A0B2
A0B2
A0B3
A0B3
A0B3
A0B4
A0B4
A0B5
A0B5
A0B5
A0B6
A0B6
A0B7
A0B7
A0B7
A0B8
A0B8
A0B9
A0B9
A0B9
A0BA
A0BA
A0BB
A0BB
A0BB
A0BC
A0BC
A0BD
A0BD
A0BD
A0BE
A0BE
A0BF
A0BF
A0BF
A0C0
A0C0
A0C1
A0C1
A0C1
A0C2
A0C2
A0C3
A0C3
A0C3
A0C4
A0C4
A0C5
A0C5
A0C5
A0C6
A0C6
A0C7
A0C7
A0C7
A0C8
A0C8
A0C9
A0C9
A0C9
A0CA
A0CA
A0CA
A0CB
A0CB
A0CC
A0CC
A0CC
A0CD
A0CD
A0CE
A0CE
A0CE
A0CF
A0CF
A0D0
A0D0
A0D0
A0D1
A0D1
A0D2
A0D2
A0D2
A0D3
A0D3
A0D4
A0D4
A0D4
A0D5
A0D5
A0D6
A0D6
A0D6
A0D7
A0D7
A0D8
A0D8
A0D8
A0D9
A0D9
A0DA
A0DA
A0DA
A0DB
A0DB
A0DC
A0DC
A0DC
A0DD
A0DD
A0DE
A0DE
A0DE
A0DF
A0DF
A0E0
A0E0
A0E0
A0E1
A0E1
A0E2
A0E2
A0E2
A0E3
A0E3
A0E4
A0E4
A0E4
A0E5
A0E5
A0E6
A0E6
A0E6
A0E7
A0E7
A0E8
A0E8
A0E8
A0E9
A0E9
A0EA
A0EA
A0EA
A0EB
A0EB
A0EC
A0EC
A0EC
A0ED
A0ED
A0EE
A0EE
A0EE
A0EF
A0EF
A0EF
A0F0
A0F0
A0F1
A0F1
A0F1
A0F2
A0F2
A0F3
A0F3
A0F3
A0F4
A0F4
A0F5
A0F5
A0F5
A0F6
A0F6
A0F7
A0F7
A0F7
A0F8
A0F8
A0F9
A0F9
A0F9
A0FA
A0FA
A0FB
A0FB
A0FB
A0FC
A0FC
A0FD
A0FD
A0FD
A0FE
A0FE
A0FF
A0FF
A0FF
A100
A100
A101
A101
A101
A102
A102
A103
A103
A103
A104
A104
A105
A105
A105
A106
A106
A107
A107
A107
A108
A108
A109
A109
A109
A10A
A10A
A10B
A10B
A10B
A10C
A10C
A10D
A10D
A10D
A10E
A10E
A10F
A10F
A10F
A110
A110
A110
A111
A111
A112
A112
A112
A113
A113
A114
A114
A114
A115
A115
A116
A116
A116
A117
A117
A118
A118
A118
A119
A119
A11A
A11A
A11A
A11B
A11B
A11C
A11C
A11C
A11D
A11D
A11E
A11E
A11E
A11F
A11F
A120
A120
A120
A121
A121
A122
A122
A122
A123
A123
A124
A124
A124
A125
A125
A126
A126
A126
A127
A127
A128
A128
A128
A129
A129
A12A
A12A
A12A
A12B
A12B
A12C
A12C
A12C
A12D
A12D
A12D
A12E
A12E
A12F
A12F
A12F
A130
A130
A131
A131
A131
A132
A132
A133
A133
A133
A134
A134
A135
A135
A135
A136
A136
A137
A137
A137
A138
A138
A139
A139
A139
A13A
A13A
A13B
A13B
A13B
A13C
A13C
A13D
A13D
A13D
A13E
A13E
A13F
A13F
A13F
A140
A140
A141
A141
A141
A142
A142
A143
A143
A143
A144
A144
A145
A145
A145
A146
A146
A146
A147
A147
A148
A148
A148
A149
A149
A14A
A14A
A14A
A14B
A14B
A14C
A14C
A14C
A14D
A14D
A14E
A14E
A14E
A14F
A14F
A150
A150
A150
A151
A151
A152
A152
A152
A153
A153
A154
A154
A154
A155
A155
A156
A156
A156
A157
A157
A158
A158
A158
A159
A159
A15A
A15A
A15A
A15B
A15B
A15C
A15C
A15C
A15D
A15D
A15E
A15E
A15E
A15F
A15F
A15F
A160
A160
A161
A161
A161
A162
A162
A163
A163
A163
A164
A164
A165
A165
A165
A166
A166
A167
A167
A167
A168
A168
A169
A169
A169
A16A
A16A
A16B
A16B
A16B
A16C
A16C
A16D
A16D
A16D
A16E
A16E
A16F
A16F
A16F
A170
A170
A171
A171
A171
A172
A172
A173
A173
A173
A174
A174
A175
A175
A175
A176
A176
A176
A177
A177
A178
A178
A178
A179
A179
A17A
A17A
A17A
A17B
A17B
A17C
A17C
A17C
A17D
A17D
A17E
A17E
A17E
A17F
A17F
A180
A180
A180
A181
A181
A182
A182
A182
A183
A183
A184
A184
A184
A185
A185
A186
A186
A186
A187
A187
A188
A188
A188
A189
A189
A18A
A18A
A18A
A18B
A18B
A18B
A18C
A18C
A18D
A18D
A18D
A18E
A18E
A18F
A18F
A18F
A190
A190
A191
A191
A191
A192
A192
A193
A193
A193
A194
A194
A195
A195
A195
A196
A196
A197
A197
A197
A198
A198
A199
A199
A199
A19A
A19A
A19B
A19B
A19B
A19C
A19C
A19D
A19D
A19D
A19E
A19E
A19F
A19F
A19F
A1A0
A1A0
A1A0
A1A1
A1A1
A1A2
A1A2
A1A2
A1A3
A1A3
A1A4
A1A4
A1A4
A1A5
A1A5
A1A6
A1A6
A1A6
A1A7
A1A7
A1A8
A1A8
A1A8
A1A9
A1A9
A1AA
A1AA
A1AA
A1AB
A1AB
A1AC
A1AC
A1AC
A1AD
A1AD
A1AE
A1AE
A1AE
A1AF
A1AF
A1B0
A1B0
A1B0
A1B1
A1B1
A1B2
A1B2
A1B2
A1B3
A1B3
A1B3
A1B4
A1B4
A1B5
A1B5
A1B5
A1B6
A1B6
A1B7
A1B7
A1B7
A1B8
A1B8
A1B9
A1B9
A1B9
A1BA
A1BA
A1BB
A1BB
A1BB
A1BC
A1BC
A1BD
A1BD
A1BD
A1BE
A1BE
A1BF
A1BF
A1BF
A1C0
A1C0
A1C1
A1C1
A1C1
A1C2
A1C2
A1C3
A1C3
A1C3
A1C4
A1C4
A1C5
A1C5
A1C5
A1C6
A1C6
A1C6
A1C7
A1C7
A1C8
A1C8
A1C8
A1C9
A1C9
A1CA
A1CA
A1CA
A1CB
A1CB
A1CC
A1CC
A1CC
A1CD
A1CD
A1CE
A1CE
A1CE
A1CF
A1CF
A1D0
A1D0
A1D0
A1D1
A1D1
A1D2
A1D2
A1D2
A1D3
A1D3
A1D4
A1D4
A1D4
A1D5
A1D5
A1D6
A1D6
A1D6
A1D7
A1D7
A1D7
A1D8
A1D8
A1D9
A1D9
A1D9
A1DA
A1DA
A1DB
A1DB
A1DB
A1DC
A1DC
A1DD
A1DD
A1DD
A1DE
A1DE
A1DF
A1DF
A1DF
A1E0
A1E0
A1E1
A1E1
A1E1
A1E2
A1E2
A1E3
A1E3
A1E3
A1E4
A1E4
A1E5
A1E5
A1E5
A1E6
A1E6
A1E7
A1E7
A1E7
A1E8
A1E8
A1E8
A1E9
A1E9
A1EA
A1EA
A1EA
A1EB
A1EB
A1EC
A1EC
A1EC
A1ED
A1ED
A1EE
A1EE
A1EE
A1EF
A1EF
A1F0
A1F0
A1F0
A1F1
A1F1
A1F2
A1F2
A1F2
A1F3
A1F3
A1F4
A1F4
A1F4
A1F5
A1F5
A1F6
A1F6
A1F6
A1F7
A1F7
A1F8
A1F8
A1F8
A1F9
A1F9
A1F9
A1FA
A1FA
A1FB
A1FB
A1FB
A1FC
A1FC
A1FD
A1FD
A1FD
A1FE
A1FE
A1FF
A1FF
A1FF
A200
A200
A201
A201
A201
A202
A202
A203
A203
A203
A204
A204
A205
A205
A205
A206
A206
A207
A207
A207
A208
A208
A208
A209
A209
A20A
A20A
A20A
A20B
A20B
A20C
A20C
A20C
A20D
A20D
A20E
A20E
A20E
A20F
A20F
A210
A210
A210
A211
A211
A212
A212
A212
A213
A213
A214
A214
A214
A215
A215
A216
A216
A216
A217
A217
A217
A218
A218
A219
A219
A219
A21A
A21A
A21B
A21B
A21B
A21C
A21C
A21D
A21D
A21D
A21E
A21E
A21F
A21F
A21F
A220
A220
A221
A221
A221
A222
A222
A223
A223
A223
A224
A224
A225
A225
A225
A226
A226
A227
A227
A227
A228
A228
A228
A229
A229
A22A
A22A
A22A
A22B
A22B
A22C
A22C
A22C
A22D
A22D
A22E
A22E
A22E
A22F
A22F
A230
A230
A230
A231
A231
A232
A232
A232
A233
A233
A234
A234
A234
A235
A235
A235
A236
A236
A237
A237
A237
A238
A238
A239
A239
A239
A23A
A23A
A23B
A23B
A23B
A23C
A23C
A23D
A23D
A23D
A23E
A23E
A23F
A23F
A23F
A240
A240
A241
A241
A241
A242
A242
A243
A243
A243
A244
A244
A244
A245
A245
A246
A246
A246
A247
A247
A248
A248
A248
A249
A249
A24A
A24A
A24A
A24B
A24B
A24C
A24C
A24C
A24D
A24D
A24E
A24E
A24E
A24F
A24F
A250
A250
A250
A251
A251
A252
A252
A252
A253
A253
A253
A254
A254
A255
A255
A255
A256
A256
A257
A257
A257
A258
A258
A259
A259
A259
A25A
A25A
A25B
A25B
A25B
A25C
A25C
A25D
A25D
A25D
A25E
A25E
A25F
A25F
A25F
A260
A260
A260
A261
A261
A262
A262
A262
A263
A263
A264
A264
A264
A265
A265
A266
A266
A266
A267
A267
A268
A268
A268
A269
A269
A26A
A26A
A26A
A26B
A26B
A26C
A26C
A26C
A26D
A26D
A26D
A26E
A26E
A26F
A26F
A26F
A270
A270
A271
A271
A271
A272
A272
A273
A273
A273
A274
A274
A275
A275
A275
A276
A276
A277
A277
A277
A278
A278
A279
A279
A279
A27A
A27A
A27A
A27B
A27B
A27C
A27C
A27C
A27D
A27D
A27E
A27E
A27E
A27F
A27F
A280
A280
A280
A281
A281
A282
A282
A282
A283
A283
A284
A284
A284
A285
A285
A286
A286
A286
A287
A287
A287
A288
A288
A289
A289
A289
A28A
A28A
A28B
A28B
A28B
A28C
A28C
A28D
A28D
A28D
A28E
A28E
A28F
A28F
A28F
A290
A290
A291
A291
A291
A292
A292
A293
A293
A293
A294
A294
A294
A295
A295
A296
A296
A296
A297
A297
A298
A298
A298
A299
A299
A29A
A29A
A29A
A29B
A29B
A29C
A29C
A29C
A29D
A29D
A29E
A29E
A29E
A29F
A29F
A29F
A2A0
A2A0
A2A1
A2A1
A2A1
A2A2
A2A2
A2A3
A2A3
A2A3
A2A4
A2A4
A2A5
A2A5
A2A5
A2A6
A2A6
A2A7
A2A7
A2A7
A2A8
A2A8
A2A9
A2A9
A2A9
A2AA
A2AA
A2AB
A2AB
A2AB
A2AC
A2AC
A2AC
A2AD
A2AD
A2AE
A2AE
A2AE
A2AF
A2AF
A2B0
A2B0
A2B0
A2B1
A2B1
A2B2
A2B2
A2B2
A2B3
A2B3
A2B4
A2B4
A2B4
A2B5
A2B5
A2B6
A2B6
A2B6
A2B7
A2B7
A2B7
A2B8
A2B8
A2B9
A2B9
A2B9
A2BA
A2BA
A2BB
A2BB
A2BB
A2BC
A2BC
A2BD
A2BD
A2BD
A2BE
A2BE
A2BF
A2BF
A2BF
A2C0
A2C0
A2C1
A2C1
A2C1
A2C2
A2C2
A2C3
A2C3
A2C3
A2C4
A2C4
A2C4
A2C5
A2C5
A2C6
A2C6
A2C6
A2C7
A2C7
A2C8
A2C8
A2C8
A2C9
A2C9
A2CA
A2CA
A2CA
A2CB
A2CB
A2CC
A2CC
A2CC
A2CD
A2CD
A2CE
A2CE
A2CE
A2CF
A2CF
A2CF
A2D0
A2D0
A2D1
A2D1
A2D1
A2D2
A2D2
A2D3
A2D3
A2D3
A2D4
A2D4
A2D5
A2D5
A2D5
A2D6
A2D6
A2D7
A2D7
A2D7
A2D8
A2D8
A2D9
A2D9
A2D9
A2DA
A2DA
A2DA
A2DB
A2DB
A2DC
A2DC
A2DC
A2DD
A2DD
A2DE
A2DE
A2DE
A2DF
A2DF
A2E0
A2E0
A2E0
A2E1
A2E1
A2E2
A2E2
A2E2
A2E3
A2E3
A2E4
A2E4
A2E4
A2E5
A2E5
A2E5
A2E6
A2E6
A2E7
A2E7
A2E7
A2E8
A2E8
A2E9
A2E9
A2E9
A2EA
A2EA
A2EB
A2EB
A2EB
A2EC
A2EC
A2ED
A2ED
A2ED
A2EE
A2EE
A2EF
A2EF
A2EF
A2F0
A2F0
A2F0
A2F1
A2F1
A2F2
A2F2
A2F2
A2F3
A2F3
A2F4
A2F4
A2F4
A2F5
A2F5
A2F6
A2F6
A2F6
A2F7
A2F7
A2F8
A2F8
A2F8
A2F9
A2F9
A2FA
A2FA
A2FA
A2FB
A2FB
A2FB
A2FC
A2FC
A2FD
A2FD
A2FD
A2FE
A2FE
A2FF
A2FF
A2FF
A300
A300
A301
A301
A301
A302
A302
A303
A303
A303
A304
A304
A305
A305
A305
A306
A306
A306
A307
A307
A308
A308
A308
A309
A309
A30A
A30A
A30A
A30B
A30B
A30C
A30C
A30C
A30D
A30D
A30E
A30E
A30E
A30F
A30F
A310
A310
A310
A311
A311
A311
A312
A312
A313
A313
A313
A314
A314
A315
A315
A315
A316
A316
A317
A317
A317
A318
A318
A319
A319
A319
A31A
A31A
A31A
A31B
A31B
A31C
A31C
A31C
A31D
A31D
A31E
A31E
A31E
A31F
A31F
A320
A320
A320
A321
A321
A322
A322
A322
A323
A323
A324
A324
A324
A325
A325
A325
A326
A326
A327
A327
A327
A328
A328
A329
A329
A329
A32A
A32A
A32B
A32B
A32B
A32C
A32C
A32D
A32D
A32D
A32E
A32E
A32F
A32F
A32F
A330
A330
A330
A331
A331
A332
A332
A332
A333
A333
A334
A334
A334
A335
A335
A336
A336
A336
A337
A337
A338
A338
A338
A339
A339
A339
A33A
A33A
A33B
A33B
A33B
A33C
A33C
A33D
A33D
A33D
A33E
A33E
A33F
A33F
A33F
A340
A340
A341
A341
A341
A342
A342
A342
A343
A343
A344
A344
A344
A345
A345
A346
A346
A346
A347
A347
A348
A348
A348
A349
A349
A34A
A34A
A34A
A34B
A34B
A34C
A34C
A34C
A34D
A34D
A34D
A34E
A34E
A34F
A34F
A34F
A350
A350
A351
A351
A351
A352
A352
A353
A353
A353
A354
A354
A355
A355
A355
A356
A356
A356
A357
A357
A358
A358
A358
A359
A359
A35A
A35A
A35A
A35B
A35B
A35C
A35C
A35C
A35D
A35D
A35E
A35E
A35E
A35F
A35F
A35F
A360
A360
A361
A361
A361
A362
A362
A363
A363
A363
A364
A364
A365
A365
A365
A366
A366
A367
A367
A367
A368
A368
A369
A369
A369
A36A
A36A
A36A
A36B
A36B
A36C
A36C
A36C
A36D
A36D
A36E
A36E
A36E
A36F
A36F
A370
A370
A370
A371
A371
A372
A372
A372
A373
A373
A373
A374
A374
A375
A375
A375
A376
A376
A377
A377
A377
A378
A378
A379
A379
A379
A37A
A37A
A37B
A37B
A37B
A37C
A37C
A37C
A37D
A37D
A37E
A37E
A37E
A37F
A37F
A380
A380
A380
A381
A381
A382
A382
A382
A383
A383
A384
A384
A384
A385
A385
A385
A386
A386
A387
A387
A387
A388
A388
A389
A389
A389
A38A
A38A
A38B
A38B
A38B
A38C
A38C
A38D
A38D
A38D
A38E
A38E
A38E
A38F
A38F
A390
A390
A390
A391
A391
A392
A392
A392
A393
A393
A394
A394
A394
A395
A395
A396
A396
A396
A397
A397
A397
A398
A398
A399
A399
A399
A39A
A39A
A39B
A39B
A39B
A39C
A39C
A39D
A39D
A39D
A39E
A39E
A39F
A39F
A39F
A3A0
A3A0
A3A0
A3A1
A3A1
A3A2
A3A2
A3A2
A3A3
A3A3
A3A4
A3A4
A3A4
A3A5
A3A5
A3A6
A3A6
A3A6
A3A7
A3A7
A3A8
A3A8
A3A8
A3A9
A3A9
A3A9
A3AA
A3AA
A3AB
A3AB
A3AB
A3AC
A3AC
A3AD
A3AD
A3AD
A3AE
A3AE
A3AF
A3AF
A3AF
A3B0
A3B0
A3B1
A3B1
A3B1
A3B2
A3B2
A3B2
A3B3
A3B3
A3B4
A3B4
A3B4
A3B5
A3B5
A3B6
A3B6
A3B6
A3B7
A3B7
A3B8
A3B8
A3B8
A3B9
A3B9
A3BA
A3BA
A3BA
A3BB
A3BB
A3BB
A3BC
A3BC
A3BD
A3BD
A3BD
A3BE
A3BE
A3BF
A3BF
A3BF
A3C0
A3C0
A3C1
A3C1
A3C1
A3C2
A3C2
A3C2
A3C3
A3C3
A3C4
A3C4
A3C4
A3C5
A3C5
A3C6
A3C6
A3C6
A3C7
A3C7
A3C8
A3C8
A3C8
A3C9
A3C9
A3CA
A3CA
A3CA
A3CB
A3CB
A3CB
A3CC
A3CC
A3CD
A3CD
A3CD
A3CE
A3CE
A3CF
A3CF
A3CF
A3D0
A3D0
A3D1
A3D1
A3D1
A3D2
A3D2
A3D3
A3D3
A3D3
A3D4
A3D4
A3D4
A3D5
A3D5
A3D6
A3D6
A3D6
A3D7
A3D7
A3D8
A3D8
A3D8
A3D9
A3D9
A3DA
A3DA
A3DA
A3DB
A3DB
A3DB
A3DC
A3DC
A3DD
A3DD
A3DD
A3DE
A3DE
A3DF
A3DF
A3DF
A3E0
A3E0
A3E1
A3E1
A3E1
A3E2
A3E2
A3E3
A3E3
A3E3
A3E4
A3E4
A3E4
A3E5
A3E5
A3E6
A3E6
A3E6
A3E7
A3E7
A3E8
A3E8
A3E8
A3E9
A3E9
A3EA
A3EA
A3EA
A3EB
A3EB
A3EC
A3EC
A3EC
A3ED
A3ED
A3ED
A3EE
A3EE
A3EF
A3EF
A3EF
A3F0
A3F0
A3F1
A3F1
A3F1
A3F2
A3F2
A3F3
A3F3
A3F3
A3F4
A3F4
A3F4
A3F5
A3F5
A3F6
A3F6
A3F6
A3F7
A3F7
A3F8
A3F8
A3F8
A3F9
A3F9
A3FA
A3FA
A3FA
A3FB
A3FB
A3FC
A3FC
A3FC
A3FD
A3FD
A3FD
A3FE
A3FE
A3FF
A3FF
A3FF
A400
A400
A401
A401
A401
A402
A402
A403
A403
A403
A404
A404
A404
A405
A405
A406
A406
A406
A407
A407
A408
A408
A408
A409
A409
A40A
A40A
A40A
A40B
A40B
A40C
A40C
A40C
A40D
A40D
A40D
A40E
A40E
A40F
A40F
A40F
A410
A410
A411
A411
A411
A412
A412
A413
A413
A413
A414
A414
A414
A415
A415
A416
A416
A416
A417
A417
A418
A418
A418
A419
A419
A41A
A41A
A41A
A41B
A41B
A41C
A41C
A41C
A41D
A41D
A41D
A41E
A41E
A41F
A41F
A41F
A420
A420
A421
A421
A421
A422
A422
A423
A423
A423
A424
A424
A424
A425
A425
A426
A426
A426
A427
A427
A428
A428
A428
A429
A429
A42A
A42A
A42A
A42B
A42B
A42B
A42C
A42C
A42D
A42D
A42D
A42E
A42E
A42F
A42F
A42F
A430
A430
A431
A431
A431
A432
A432
A433
A433
A433
A434
A434
A434
A435
A435
A436
A436
A436
A437
A437
A438
A438
A438
A439
A439
A43A
A43A
A43A
A43B
A43B
A43B
A43C
A43C
A43D
A43D
A43D
A43E
A43E
A43F
A43F
A43F
A440
A440
A441
A441
A441
A442
A442
A442
A443
A443
A444
A444
A444
A445
A445
A446
A446
A446
A447
A447
A448
A448
A448
A449
A449
A449
A44A
A44A
A44B
A44B
A44B
A44C
A44C
A44D
A44D
A44D
A44E
A44E
A44F
A44F
A44F
A450
A450
A451
A451
A451
A452
A452
A452
A453
A453
A454
A454
A454
A455
A455
A456
A456
A456
A457
A457
A458
A458
A458
A459
A459
A459
A45A
A45A
A45B
A45B
A45B
A45C
A45C
A45D
A45D
A45D
A45E
A45E
A45F
A45F
A45F
A460
A460
A460
A461
A461
A462
A462
A462
A463
A463
A464
A464
A464
A465
A465
A466
A466
A466
A467
A467
A467
A468
A468
A469
A469
A469
A46A
A46A
A46B
A46B
A46B
A46C
A46C
A46D
A46D
A46D
A46E
A46E
A46E
A46F
A46F
A470
A470
A470
A471
A471
A472
A472
A472
A473
A473
A474
A474
A474
A475
A475
A475
A476
A476
A477
A477
A477
A478
A478
A479
A479
A479
A47A
A47A
A47B
A47B
A47B
A47C
A47C
A47C
A47D
A47D
A47E
A47E
A47E
A47F
A47F
A480
A480
A480
A481
A481
A482
A482
A482
A483
A483
A484
A484
A484
A485
A485
A485
A486
A486
A487
A487
A487
A488
A488
A489
A489
A489
A48A
A48A
A48B
A48B
A48B
A48C
A48C
A48C
A48D
A48D
A48E
A48E
A48E
A48F
A48F
A490
A490
A490
A491
A491
A492
A492
A492
A493
A493
A493
A494
A494
A495
A495
A495
A496
A496
A497
A497
A497
A498
A498
A499
A499
A499
A49A
A49A
A49A
A49B
A49B
A49C
A49C
A49C
A49D
A49D
A49E
A49E
A49E
A49F
A49F
A4A0
A4A0
A4A0
A4A1
A4A1
A4A1
A4A2
A4A2
A4A3
A4A3
A4A3
A4A4
A4A4
A4A5
A4A5
A4A5
A4A6
A4A6
A4A6
A4A7
A4A7
A4A8
A4A8
A4A8
A4A9
A4A9
A4AA
A4AA
A4AA
A4AB
A4AB
A4AC
A4AC
A4AC
A4AD
A4AD
A4AD
A4AE
A4AE
A4AF
A4AF
A4AF
A4B0
A4B0
A4B1
A4B1
A4B1
A4B2
A4B2
A4B3
A4B3
A4B3
A4B4
A4B4
A4B4
A4B5
A4B5
A4B6
A4B6
A4B6
A4B7
A4B7
A4B8
A4B8
A4B8
A4B9
A4B9
A4BA
A4BA
A4BA
A4BB
A4BB
A4BB
A4BC
A4BC
A4BD
A4BD
A4BD
A4BE
A4BE
A4BF
A4BF
A4BF
A4C0
A4C0
A4C1
A4C1
A4C1
A4C2
A4C2
A4C2
A4C3
A4C3
A4C4
A4C4
A4C4
A4C5
A4C5
A4C6
A4C6
A4C6
A4C7
A4C7
A4C8
A4C8
A4C8
A4C9
A4C9
A4C9
A4CA
A4CA
A4CB
A4CB
A4CB
A4CC
A4CC
A4CD
A4CD
A4CD
A4CE
A4CE
A4CF
A4CF
A4CF
A4D0
A4D0
A4D0
A4D1
A4D1
A4D2
A4D2
A4D2
A4D3
A4D3
A4D4
A4D4
A4D4
A4D5
A4D5
A4D6
A4D6
A4D6
A4D7
A4D7
A4D7
A4D8
A4D8
A4D9
A4D9
A4D9
A4DA
A4DA
A4DB
A4DB
A4DB
A4DC
A4DC
A4DC
A4DD
A4DD
A4DE
A4DE
A4DE
A4DF
A4DF
A4E0
A4E0
A4E0
A4E1
A4E1
A4E2
A4E2
A4E2
A4E3
A4E3
A4E3
A4E4
A4E4
A4E5
A4E5
A4E5
A4E6
A4E6
A4E7
A4E7
A4E7
A4E8
A4E8
A4E9
A4E9
A4E9
A4EA
A4EA
A4EA
A4EB
A4EB
A4EC
A4EC
A4EC
A4ED
A4ED
A4EE
A4EE
A4EE
A4EF
A4EF
A4F0
A4F0
A4F0
A4F1
A4F1
A4F1
A4F2
A4F2
A4F3
A4F3
A4F3
A4F4
A4F4
A4F5
A4F5
A4F5
A4F6
A4F6
A4F6
A4F7
A4F7
A4F8
A4F8
A4F8
A4F9
A4F9
A4FA
A4FA
A4FA
A4FB
A4FB
A4FC
A4FC
A4FC
A4FD
A4FD
A4FD
A4FE
A4FE
A4FF
A4FF
A4FF
A500
A500
A501
A501
A501
A502
A502
A503
A503
A503
A504
A504
A504
A505
A505
A506
A506
A506
A507
A507
A508
A508
A508
A509
A509
A50A
A50A
A50A
A50B
A50B
A50B
A50C
A50C
A50D
A50D
A50D
A50E
A50E
A50F
A50F
A50F
A510
A510
A510
A511
A511
A512
A512
A512
A513
A513
A514
A514
A514
A515
A515
A516
A516
A516
A517
A517
A517
A518
A518
A519
A519
A519
A51A
A51A
A51B
A51B
A51B
A51C
A51C
A51C
A51D
A51D
A51E
A51E
A51E
A51F
A51F
A520
A520
A520
A521
A521
A522
A522
A522
A523
A523
A523
A524
A524
A525
A525
A525
A526
A526
A527
A527
A527
A528
A528
A529
A529
A529
A52A
A52A
A52A
A52B
A52B
A52C
A52C
A52C
A52D
A52D
A52E
A52E
A52E
A52F
A52F
A52F
A530
A530
A531
A531
A531
A532
A532
A533
A533
A533
A534
A534
A535
A535
A535
A536
A536
A536
A537
A537
A538
A538
A538
A539
A539
A53A
A53A
A53A
A53B
A53B
A53B
A53C
A53C
A53D
A53D
A53D
A53E
A53E
A53F
A53F
A53F
A540
A540
A541
A541
A541
A542
A542
A542
A543
A543
A544
A544
A544
A545
A545
A546
A546
A546
A547
A547
A548
A548
A548
A549
A549
A549
A54A
A54A
A54B
A54B
A54B
A54C
A54C
A54D
A54D
A54D
A54E
A54E
A54E
A54F
A54F
A550
A550
A550
A551
A551
A552
A552
A552
A553
A553
A554
A554
A554
A555
A555
A555
A556
A556
A557
A557
A557
A558
A558
A559
A559
A559
A55A
A55A
A55A
A55B
A55B
A55C
A55C
A55C
A55D
A55D
A55E
A55E
A55E
A55F
A55F
A560
A560
A560
A561
A561
A561
A562
A562
A563
A563
A563
A564
A564
A565
A565
A565
A566
A566
A566
A567
A567
A568
A568
A568
A569
A569
A56A
A56A
A56A
A56B
A56B
A56B
A56C
A56C
A56D
A56D
A56D
A56E
A56E
A56F
A56F
A56F
A570
A570
A571
A571
A571
A572
A572
A572
A573
A573
A574
A574
A574
A575
A575
A576
A576
A576
A577
A577
A577
A578
A578
A579
A579
A579
A57A
A57A
A57B
A57B
A57B
A57C
A57C
A57D
A57D
A57D
A57E
A57E
A57E
A57F
A57F
A580
A580
A580
A581
A581
A582
A582
A582
A583
A583
A583
A584
A584
A585
A585
A585
A586
A586
A587
A587
A587
A588
A588
A589
A589
A589
A58A
A58A
A58A
A58B
A58B
A58C
A58C
A58C
A58D
A58D
A58E
A58E
A58E
A58F
A58F
A58F
A590
A590
A591
A591
A591
A592
A592
A593
A593
A593
A594
A594
A594
A595
A595
A596
A596
A596
A597
A597
A598
A598
A598
A599
A599
A59A
A59A
A59A
A59B
A59B
A59B
A59C
A59C
A59D
A59D
A59D
A59E
A59E
A59F
A59F
A59F
A5A0
A5A0
A5A0
A5A1
A5A1
A5A2
A5A2
A5A2
A5A3
A5A3
A5A4
A5A4
A5A4
A5A5
A5A5
A5A5
A5A6
A5A6
A5A7
A5A7
A5A7
A5A8
A5A8
A5A9
A5A9
A5A9
A5AA
A5AA
A5AB
A5AB
A5AB
A5AC
A5AC
A5AC
A5AD
A5AD
A5AE
A5AE
A5AE
A5AF
A5AF
A5B0
A5B0
A5B0
A5B1
A5B1
A5B1
A5B2
A5B2
A5B3
A5B3
A5B3
A5B4
A5B4
A5B5
A5B5
A5B5
A5B6
A5B6
A5B6
A5B7
A5B7
A5B8
A5B8
A5B8
A5B9
A5B9
A5BA
A5BA
A5BA
A5BB
A5BB
A5BC
A5BC
A5BC
A5BD
A5BD
A5BD
A5BE
A5BE
A5BF
A5BF
A5BF
A5C0
A5C0
A5C1
A5C1
A5C1
A5C2
A5C2
A5C2
A5C3
A5C3
A5C4
A5C4
A5C4
A5C5
A5C5
A5C6
A5C6
A5C6
A5C7
A5C7
A5C7
A5C8
A5C8
A5C9
A5C9
A5C9
A5CA
A5CA
A5CB
A5CB
A5CB
A5CC
A5CC
A5CC
A5CD
A5CD
A5CE
A5CE
A5CE
A5CF
A5CF
A5D0
A5D0
A5D0
A5D1
A5D1
A5D2
A5D2
A5D2
A5D3
A5D3
A5D3
A5D4
A5D4
A5D5
A5D5
A5D5
A5D6
A5D6
A5D7
A5D7
A5D7
A5D8
A5D8
A5D8
A5D9
A5D9
A5DA
A5DA
A5DA
A5DB
A5DB
A5DC
A5DC
A5DC
A5DD
A5DD
A5DD
A5DE
A5DE
A5DF
A5DF
A5DF
A5E0
A5E0
A5E1
A5E1
A5E1
A5E2
A5E2
A5E2
A5E3
A5E3
A5E4
A5E4
A5E4
A5E5
A5E5
A5E6
A5E6
A5E6
A5E7
A5E7
A5E8
A5E8
A5E8
A5E9
A5E9
A5E9
A5EA
A5EA
A5EB
A5EB
A5EB
A5EC
A5EC
A5ED
A5ED
A5ED
A5EE
A5EE
A5EE
A5EF
A5EF
A5F0
A5F0
A5F0
A5F1
A5F1
A5F2
A5F2
A5F2
A5F3
A5F3
A5F3
A5F4
A5F4
A5F5
A5F5
A5F5
A5F6
A5F6
A5F7
A5F7
A5F7
A5F8
A5F8
A5F8
A5F9
A5F9
A5FA
A5FA
A5FA
A5FB
A5FB
A5FC
A5FC
A5FC
A5FD
A5FD
A5FD
A5FE
A5FE
A5FF
A5FF
A5FF
A600
A600
A601
A601
A601
A602
A602
A603
A603
A603
A604
A604
A604
A605
A605
A606
A606
A606
A607
A607
A608
A608
A608
A609
A609
A609
A60A
A60A
A60B
A60B
A60B
A60C
A60C
A60D
A60D
A60D
A60E
A60E
A60E
A60F
A60F
A610
A610
A610
A611
A611
A612
A612
A612
A613
A613
A613
A614
A614
A615
A615
A615
A616
A616
A617
A617
A617
A618
A618
A618
A619
A619
A61A
A61A
A61A
A61B
A61B
A61C
A61C
A61C
A61D
A61D
A61D
A61E
A61E
A61F
A61F
A61F
A620
A620
A621
A621
A621
A622
A622
A622
A623
A623
A624
A624
A624
A625
A625
A626
A626
A626
A627
A627
A627
A628
A628
A629
A629
A629
A62A
A62A
A62B
A62B
A62B
A62C
A62C
A62D
A62D
A62D
A62E
A62E
A62E
A62F
A62F
A630
A630
A630
A631
A631
A632
A632
A632
A633
A633
A633
A634
A634
A635
A635
A635
A636
A636
A637
A637
A637
A638
A638
A638
A639
A639
A63A
A63A
A63A
A63B
A63B
A63C
A63C
A63C
A63D
A63D
A63D
A63E
A63E
A63F
A63F
A63F
A640
A640
A641
A641
A641
A642
A642
A642
A643
A643
A644
A644
A644
A645
A645
A646
A646
A646
A647
A647
A647
A648
A648
A649
A649
A649
A64A
A64A
A64B
A64B
A64B
A64C
A64C
A64C
A64D
A64D
A64E
A64E
A64E
A64F
A64F
A650
A650
A650
A651
A651
A651
A652
A652
A653
A653
A653
A654
A654
A655
A655
A655
A656
A656
A656
A657
A657
A658
A658
A658
A659
A659
A65A
A65A
A65A
A65B
A65B
A65B
A65C
A65C
A65D
A65D
A65D
A65E
A65E
A65F
A65F
A65F
A660
A660
A660
A661
A661
A662
A662
A662
A663
A663
A664
A664
A664
A665
A665
A665
A666
A666
A667
A667
A667
A668
A668
A669
A669
A669
A66A
A66A
A66A
A66B
A66B
A66C
A66C
A66C
A66D
A66D
A66E
A66E
A66E
A66F
A66F
A66F
A670
A670
A671
A671
A671
A672
A672
A673
A673
A673
A674
A674
A674
A675
A675
A676
A676
A676
A677
A677
A678
A678
A678
A679
A679
A679
A67A
A67A
A67B
A67B
A67B
A67C
A67C
A67D
A67D
A67D
A67E
A67E
A67E
A67F
A67F
A680
A680
A680
A681
A681
A682
A682
A682
A683
A683
A683
A684
A684
A685
A685
A685
A686
A686
A687
A687
A687
A688
A688
A688
A689
A689
A68A
A68A
A68A
A68B
A68B
A68C
A68C
A68C
A68D
A68D
A68D
A68E
A68E
A68F
A68F
A68F
A690
A690
A691
A691
A691
A692
A692
A692
A693
A693
A694
A694
A694
A695
A695
A696
A696
A696
A697
A697
A697
A698
A698
A699
A699
A699
A69A
A69A
A69B
A69B
A69B
A69C
A69C
A69C
A69D
A69D
A69E
A69E
A69E
A69F
A69F
A6A0
A6A0
A6A0
A6A1
A6A1
A6A1
A6A2
A6A2
A6A3
A6A3
A6A3
A6A4
A6A4
A6A5
A6A5
A6A5
A6A6
A6A6
A6A6
A6A7
A6A7
A6A8
A6A8
A6A8
A6A9
A6A9
A6A9
A6AA
A6AA
A6AB
A6AB
A6AB
A6AC
A6AC
A6AD
A6AD
A6AD
A6AE
A6AE
A6AE
A6AF
A6AF
A6B0
A6B0
A6B0
A6B1
A6B1
A6B2
A6B2
A6B2
A6B3
A6B3
A6B3
A6B4
A6B4
A6B5
A6B5
A6B5
A6B6
A6B6
A6B7
A6B7
A6B7
A6B8
A6B8
A6B8
A6B9
A6B9
A6BA
A6BA
A6BA
A6BB
A6BB
A6BC
A6BC
A6BC
A6BD
A6BD
A6BD
A6BE
A6BE
A6BF
A6BF
A6BF
A6C0
A6C0
A6C1
A6C1
A6C1
A6C2
A6C2
A6C2
A6C3
A6C3
A6C4
A6C4
A6C4
A6C5
A6C5
A6C6
A6C6
A6C6
A6C7
A6C7
A6C7
A6C8
A6C8
A6C9
A6C9
A6C9
A6CA
A6CA
A6CB
A6CB
A6CB
A6CC
A6CC
A6CC
A6CD
A6CD
A6CE
A6CE
A6CE
A6CF
A6CF
A6CF
A6D0
A6D0
A6D1
A6D1
A6D1
A6D2
A6D2
A6D3
A6D3
A6D3
A6D4
A6D4
A6D4
A6D5
A6D5
A6D6
A6D6
A6D6
A6D7
A6D7
A6D8
A6D8
A6D8
A6D9
A6D9
A6D9
A6DA
A6DA
A6DB
A6DB
A6DB
A6DC
A6DC
A6DD
A6DD
A6DD
A6DE
A6DE
A6DE
A6DF
A6DF
A6E0
A6E0
A6E0
A6E1
A6E1
A6E2
A6E2
A6E2
A6E3
A6E3
A6E3
A6E4
A6E4
A6E5
A6E5
A6E5
A6E6
A6E6
A6E7
A6E7
A6E7
A6E8
A6E8
A6E8
A6E9
A6E9
A6EA
A6EA
A6EA
A6EB
A6EB
A6EB
A6EC
A6EC
A6ED
A6ED
A6ED
A6EE
A6EE
A6EF
A6EF
A6EF
A6F0
A6F0
A6F0
A6F1
A6F1
A6F2
A6F2
A6F2
A6F3
A6F3
A6F4
A6F4
A6F4
A6F5
A6F5
A6F5
A6F6
A6F6
A6F7
A6F7
A6F7
A6F8
A6F8
A6F9
A6F9
A6F9
A6FA
A6FA
A6FA
A6FB
A6FB
A6FC
A6FC
A6FC
A6FD
A6FD
A6FE
A6FE
A6FE
A6FF
A6FF
A6FF
A700
A700
A701
A701
A701
A702
A702
A702
A703
A703
A704
A704
A704
A705
A705
A706
A706
A706
A707
A707
A707
A708
A708
A709
A709
A709
A70A
A70A
A70B
A70B
A70B
A70C
A70C
A70C
A70D
A70D
A70E
A70E
A70E
A70F
A70F
A710
A710
A710
A711
A711
A711
A712
A712
A713
A713
A713
A714
A714
A714
A715
A715
A716
A716
A716
A717
A717
A718
A718
A718
A719
A719
A719
A71A
A71A
A71B
A71B
A71B
A71C
A71C
A71D
A71D
A71D
A71E
A71E
A71E
A71F
A71F
A720
A720
A720
A721
A721
A722
A722
A722
A723
A723
A723
A724
A724
A725
A725
A725
A726
A726
A726
A727
A727
A728
A728
A728
A729
A729
A72A
A72A
A72A
A72B
A72B
A72B
A72C
A72C
A72D
A72D
A72D
A72E
A72E
A72F
A72F
A72F
A730
A730
A730
A731
A731
A732
A732
A732
A733
A733
A734
A734
A734
A735
A735
A735
A736
A736
A737
A737
A737
A738
A738
A738
A739
A739
A73A
A73A
A73A
A73B
A73B
A73C
A73C
A73C
A73D
A73D
A73D
A73E
A73E
A73F
A73F
A73F
A740
A740
A741
A741
A741
A742
A742
A742
A743
A743
A744
A744
A744
A745
A745
A746
A746
A746
A747
A747
A747
A748
A748
A749
A749
A749
A74A
A74A
A74A
A74B
A74B
A74C
A74C
A74C
A74D
A74D
A74E
A74E
A74E
A74F
A74F
A74F
A750
A750
A751
A751
A751
A752
A752
A753
A753
A753
A754
A754
A754
A755
A755
A756
A756
A756
A757
A757
A757
A758
A758
A759
A759
A759
A75A
A75A
A75B
A75B
A75B
A75C
A75C
A75C
A75D
A75D
A75E
A75E
A75E
A75F
A75F
A760
A760
A760
A761
A761
A761
A762
A762
A763
A763
A763
A764
A764
A764
A765
A765
A766
A766
A766
A767
A767
A768
A768
A768
A769
A769
A769
A76A
A76A
A76B
A76B
A76B
A76C
A76C
A76D
A76D
A76D
A76E
A76E
A76E
A76F
A76F
A770
A770
A770
A771
A771
A771
A772
A772
A773
A773
A773
A774
A774
A775
A775
A775
A776
A776
A776
A777
A777
A778
A778
A778
A779
A779
A77A
A77A
A77A
A77B
A77B
A77B
A77C
A77C
A77D
A77D
A77D
A77E
A77E
A77E
A77F
A77F
A780
A780
A780
A781
A781
A782
A782
A782
A783
A783
A783
A784
A784
A785
A785
A785
A786
A786
A786
A787
A787
A788
A788
A788
A789
A789
A78A
A78A
A78A
A78B
A78B
A78B
A78C
A78C
A78D
A78D
A78D
A78E
A78E
A78F
A78F
A78F
A790
A790
A790
A791
A791
A792
A792
A792
A793
A793
A793
A794
A794
A795
A795
A795
A796
A796
A797
A797
A797
A798
A798
A798
A799
A799
A79A
A79A
A79A
A79B
A79B
A79C
A79C
A79C
A79D
A79D
A79D
A79E
A79E
A79F
A79F
A79F
A7A0
A7A0
A7A0
A7A1
A7A1
A7A2
A7A2
A7A2
A7A3
A7A3
A7A4
A7A4
A7A4
A7A5
A7A5
A7A5
A7A6
A7A6
A7A7
A7A7
A7A7
A7A8
A7A8
A7A8
A7A9
A7A9
A7AA
A7AA
A7AA
A7AB
A7AB
A7AC
A7AC
A7AC
A7AD
A7AD
A7AD
A7AE
A7AE
A7AF
A7AF
A7AF
A7B0
A7B0
A7B0
A7B1
A7B1
A7B2
A7B2
A7B2
A7B3
A7B3
A7B4
A7B4
A7B4
A7B5
A7B5
A7B5
A7B6
A7B6
A7B7
A7B7
A7B7
A7B8
A7B8
A7B9
A7B9
A7B9
A7BA
A7BA
A7BA
A7BB
A7BB
A7BC
A7BC
A7BC
A7BD
A7BD
A7BD
A7BE
A7BE
A7BF
A7BF
A7BF
A7C0
A7C0
A7C1
A7C1
A7C1
A7C2
A7C2
A7C2
A7C3
A7C3
A7C4
A7C4
A7C4
A7C5
A7C5
A7C5
A7C6
A7C6
A7C7
A7C7
A7C7
A7C8
A7C8
A7C9
A7C9
A7C9
A7CA
A7CA
A7CA
A7CB
A7CB
A7CC
A7CC
A7CC
A7CD
A7CD
A7CD
A7CE
A7CE
A7CF
A7CF
A7CF
A7D0
A7D0
A7D1
A7D1
A7D1
A7D2
A7D2
A7D2
A7D3
A7D3
A7D4
A7D4
A7D4
A7D5
A7D5
A7D6
A7D6
A7D6
A7D7
A7D7
A7D7
A7D8
A7D8
A7D9
A7D9
A7D9
A7DA
A7DA
A7DA
A7DB
A7DB
A7DC
A7DC
A7DC
A7DD
A7DD
A7DE
A7DE
A7DE
A7DF
A7DF
A7DF
A7E0
A7E0
A7E1
A7E1
A7E1
A7E2
A7E2
A7E2
A7E3
A7E3
A7E4
A7E4
A7E4
A7E5
A7E5
A7E6
A7E6
A7E6
A7E7
A7E7
A7E7
A7E8
A7E8
A7E9
A7E9
A7E9
A7EA
A7EA
A7EA
A7EB
A7EB
A7EC
A7EC
A7EC
A7ED
A7ED
A7EE
A7EE
A7EE
A7EF
A7EF
A7EF
A7F0
A7F0
A7F1
A7F1
A7F1
A7F2
A7F2
A7F2
A7F3
A7F3
A7F4
A7F4
A7F4
A7F5
A7F5
A7F6
A7F6
A7F6
A7F7
A7F7
A7F7
A7F8
A7F8
A7F9
A7F9
A7F9
A7FA
A7FA
A7FA
A7FB
A7FB
A7FC
A7FC
A7FC
A7FD
A7FD
A7FE
A7FE
A7FE
A7FF
A7FF
A7FF
A800
A800
A801
A801
A801
A802
A802
A802
A803
A803
A804
A804
A804
A805
A805
A806
A806
A806
A807
A807
A807
A808
A808
A809
A809
A809
A80A
A80A
A80A
A80B
A80B
A80C
A80C
A80C
A80D
A80D
A80E
A80E
A80E
A80F
A80F
A80F
A810
A810
A811
A811
A811
A812
A812
A812
A813
A813
A814
A814
A814
A815
A815
A816
A816
A816
A817
A817
A817
A818
A818
A819
A819
A819
A81A
A81A
A81A
A81B
A81B
A81C
A81C
A81C
A81D
A81D
A81E
A81E
A81E
A81F
A81F
A81F
A820
A820
A821
A821
A821
A822
A822
A822
A823
A823
A824
A824
A824
A825
A825
A826
A826
A826
A827
A827
A827
A828
A828
A829
A829
A829
A82A
A82A
A82A
A82B
A82B
A82C
A82C
A82C
A82D
A82D
A82D
A82E
A82E
A82F
A82F
A82F
A830
A830
A831
A831
A831
A832
A832
A832
A833
A833
A834
A834
A834
A835
A835
A835
A836
A836
A837
A837
A837
A838
A838
A839
A839
A839
A83A
A83A
A83A
A83B
A83B
A83C
A83C
A83C
A83D
A83D
A83D
A83E
A83E
A83F
A83F
A83F
A840
A840
A841
A841
A841
A842
A842
A842
A843
A843
A844
A844
A844
A845
A845
A845
A846
A846
A847
A847
A847
A848
A848
A849
A849
A849
A84A
A84A
A84A
A84B
A84B
A84C
A84C
A84C
A84D
A84D
A84D
A84E
A84E
A84F
A84F
A84F
A850
A850
A850
A851
A851
A852
A852
A852
A853
A853
A854
A854
A854
A855
A855
A855
A856
A856
A857
A857
A857
A858
A858
A858
A859
A859
A85A
A85A
A85A
A85B
A85B
A85C
A85C
A85C
A85D
A85D
A85D
A85E
A85E
A85F
A85F
A85F
A860
A860
A860
A861
A861
A862
A862
A862
A863
A863
A864
A864
A864
A865
A865
A865
A866
A866
A867
A867
A867
A868
A868
A868
A869
A869
A86A
A86A
A86A
A86B
A86B
A86B
A86C
A86C
A86D
A86D
A86D
A86E
A86E
A86F
A86F
A86F
A870
A870
A870
A871
A871
A872
A872
A872
A873
A873
A873
A874
A874
A875
A875
A875
A876
A876
A877
A877
A877
A878
A878
A878
A879
A879
A87A
A87A
A87A
A87B
A87B
A87B
A87C
A87C
A87D
A87D
A87D
A87E
A87E
A87E
A87F
A87F
A880
A880
A880
A881
A881
A882
A882
A882
A883
A883
A883
A884
A884
A885
A885
A885
A886
A886
A886
A887
A887
A888
A888
A888
A889
A889
A889
A88A
A88A
A88B
A88B
A88B
A88C
A88C
A88D
A88D
A88D
A88E
A88E
A88E
A88F
A88F
A890
A890
A890
A891
A891
A891
A892
A892
A893
A893
A893
A894
A894
A895
A895
A895
A896
A896
A896
A897
A897
A898
A898
A898
A899
A899
A899
A89A
A89A
A89B
A89B
A89B
A89C
A89C
A89C
A89D
A89D
A89E
A89E
A89E
A89F
A89F
A8A0
A8A0
A8A0
A8A1
A8A1
A8A1
A8A2
A8A2
A8A3
A8A3
A8A3
A8A4
A8A4
A8A4
A8A5
A8A5
A8A6
A8A6
A8A6
A8A7
A8A7
A8A7
A8A8
A8A8
A8A9
A8A9
A8A9
A8AA
A8AA
A8AB
A8AB
A8AB
A8AC
A8AC
A8AC
A8AD
A8AD
A8AE
A8AE
A8AE
A8AF
A8AF
A8AF
A8B0
A8B0
A8B1
A8B1
A8B1
A8B2
A8B2
A8B2
A8B3
A8B3
A8B4
A8B4
A8B4
A8B5
A8B5
A8B6
A8B6
A8B6
A8B7
A8B7
A8B7
A8B8
A8B8
A8B9
A8B9
A8B9
A8BA
A8BA
A8BA
A8BB
A8BB
A8BC
A8BC
A8BC
A8BD
A8BD
A8BD
A8BE
A8BE
A8BF
A8BF
A8BF
A8C0
A8C0
A8C1
A8C1
A8C1
A8C2
A8C2
A8C2
A8C3
A8C3
A8C4
A8C4
A8C4
A8C5
A8C5
A8C5
A8C6
A8C6
A8C7
A8C7
A8C7
A8C8
A8C8
A8C8
A8C9
A8C9
A8CA
A8CA
A8CA
A8CB
A8CB
A8CC
A8CC
A8CC
A8CD
A8CD
A8CD
A8CE
A8CE
A8CF
A8CF
A8CF
A8D0
A8D0
A8D0
A8D1
A8D1
A8D2
A8D2
A8D2
A8D3
A8D3
A8D3
A8D4
A8D4
A8D5
A8D5
A8D5
A8D6
A8D6
A8D7
A8D7
A8D7
A8D8
A8D8
A8D8
A8D9
A8D9
A8DA
A8DA
A8DA
A8DB
A8DB
A8DB
A8DC
A8DC
A8DD
A8DD
A8DD
A8DE
A8DE
A8DE
A8DF
A8DF
A8E0
A8E0
A8E0
A8E1
A8E1
A8E2
A8E2
A8E2
A8E3
A8E3
A8E3
A8E4
A8E4
A8E5
A8E5
A8E5
A8E6
A8E6
A8E6
A8E7
A8E7
A8E8
A8E8
A8E8
A8E9
A8E9
A8E9
A8EA
A8EA
A8EB
A8EB
A8EB
A8EC
A8EC
A8EC
A8ED
A8ED
A8EE
A8EE
A8EE
A8EF
A8EF
A8F0
A8F0
A8F0
A8F1
A8F1
A8F1
A8F2
A8F2
A8F3
A8F3
A8F3
A8F4
A8F4
A8F4
A8F5
A8F5
A8F6
A8F6
A8F6
A8F7
A8F7
A8F7
A8F8
A8F8
A8F9
A8F9
A8F9
A8FA
A8FA
A8FB
A8FB
A8FB
A8FC
A8FC
A8FC
A8FD
A8FD
A8FE
A8FE
A8FE
A8FF
A8FF
A8FF
A900
A900
A901
A901
A901
A902
A902
A902
A903
A903
A904
A904
A904
A905
A905
A905
A906
A906
A907
A907
A907
A908
A908
A909
A909
A909
A90A
A90A
A90A
A90B
A90B
A90C
A90C
A90C
A90D
A90D
A90D
A90E
A90E
A90F
A90F
A90F
A910
A910
A910
A911
A911
A912
A912
A912
A913
A913
A913
A914
A914
A915
A915
A915
A916
A916
A917
A917
A917
A918
A918
A918
A919
A919
A91A
A91A
A91A
A91B
A91B
A91B
A91C
A91C
A91D
A91D
A91D
A91E
A91E
A91E
A91F
A91F
A920
A920
A920
A921
A921
A922
A922
A922
A923
A923
A923
A924
A924
A925
A925
A925
A926
A926
A926
A927
A927
A928
A928
A928
A929
A929
A929
A92A
A92A
A92B
A92B
A92B
A92C
A92C
A92C
A92D
A92D
A92E
A92E
A92E
A92F
A92F
A930
A930
A930
A931
A931
A931
A932
A932
A933
A933
A933
A934
A934
A934
A935
A935
A936
A936
A936
A937
A937
A937
A938
A938
A939
A939
A939
A93A
A93A
A93A
A93B
A93B
A93C
A93C
A93C
A93D
A93D
A93D
A93E
A93E
A93F
A93F
A93F
A940
A940
A941
A941
A941
A942
A942
A942
A943
A943
A944
A944
A944
A945
A945
A945
A946
A946
A947
A947
A947
A948
A948
A948
A949
A949
A94A
A94A
A94A
A94B
A94B
A94B
A94C
A94C
A94D
A94D
A94D
A94E
A94E
A94F
A94F
A94F
A950
A950
A950
A951
A951
A952
A952
A952
A953
A953
A953
A954
A954
A955
A955
A955
A956
A956
A956
A957
A957
A958
A958
A958
A959
A959
A959
A95A
A95A
A95B
A95B
A95B
A95C
A95C
A95C
A95D
A95D
A95E
A95E
A95E
A95F
A95F
A960
A960
A960
A961
A961
A961
A962
A962
A963
A963
A963
A964
A964
A964
A965
A965
A966
A966
A966
A967
A967
A967
A968
A968
A969
A969
A969
A96A
A96A
A96A
A96B
A96B
A96C
A96C
A96C
A96D
A96D
A96D
A96E
A96E
A96F
A96F
A96F
A970
A970
A971
A971
A971
A972
A972
A972
A973
A973
A974
A974
A974
A975
A975
A975
A976
A976
A977
A977
A977
A978
A978
A978
A979
A979
A97A
A97A
A97A
A97B
A97B
A97B
A97C
A97C
A97D
A97D
A97D
A97E
A97E
A97E
A97F
A97F
A980
A980
A980
A981
A981
A982
A982
A982
A983
A983
A983
A984
A984
A985
A985
A985
A986
A986
A986
A987
A987
A988
A988
A988
A989
A989
A989
A98A
A98A
A98B
A98B
A98B
A98C
A98C
A98C
A98D
A98D
A98E
A98E
A98E
A98F
A98F
A98F
A990
A990
A991
A991
A991
A992
A992
A992
A993
A993
A994
A994
A994
A995
A995
A996
A996
A996
A997
A997
A997
A998
A998
A999
A999
A999
A99A
A99A
A99A
A99B
A99B
A99C
A99C
A99C
A99D
A99D
A99D
A99E
A99E
A99F
A99F
A99F
A9A0
A9A0
A9A0
A9A1
A9A1
A9A2
A9A2
A9A2
A9A3
A9A3
A9A3
A9A4
A9A4
A9A5
A9A5
A9A5
A9A6
A9A6
A9A6
A9A7
A9A7
A9A8
A9A8
A9A8
A9A9
A9A9
A9AA
A9AA
A9AA
A9AB
A9AB
A9AB
A9AC
A9AC
A9AD
A9AD
A9AD
A9AE
A9AE
A9AE
A9AF
A9AF
A9B0
A9B0
A9B0
A9B1
A9B1
A9B1
A9B2
A9B2
A9B3
A9B3
A9B3
A9B4
A9B4
A9B4
A9B5
A9B5
A9B6
A9B6
A9B6
A9B7
A9B7
A9B7
A9B8
A9B8
A9B9
A9B9
A9B9
A9BA
A9BA
A9BA
A9BB
A9BB
A9BC
A9BC
A9BC
A9BD
A9BD
A9BE
A9BE
A9BE
A9BF
A9BF
A9BF
A9C0
A9C0
A9C1
A9C1
A9C1
A9C2
A9C2
A9C2
A9C3
A9C3
A9C4
A9C4
A9C4
A9C5
A9C5
A9C5
A9C6
A9C6
A9C7
A9C7
A9C7
A9C8
A9C8
A9C8
A9C9
A9C9
A9CA
A9CA
A9CA
A9CB
A9CB
A9CB
A9CC
A9CC
A9CD
A9CD
A9CD
A9CE
A9CE
A9CE
A9CF
A9CF
A9D0
A9D0
A9D0
A9D1
A9D1
A9D1
A9D2
A9D2
A9D3
A9D3
A9D3
A9D4
A9D4
A9D4
A9D5
A9D5
A9D6
A9D6
A9D6
A9D7
A9D7
A9D8
A9D8
A9D8
A9D9
A9D9
A9D9
A9DA
A9DA
A9DB
A9DB
A9DB
A9DC
A9DC
A9DC
A9DD
A9DD
A9DE
A9DE
A9DE
A9DF
A9DF
A9DF
A9E0
A9E0
A9E1
A9E1
A9E1
A9E2
A9E2
A9E2
A9E3
A9E3
A9E4
A9E4
A9E4
A9E5
A9E5
A9E5
A9E6
A9E6
A9E7
A9E7
A9E7
A9E8
A9E8
A9E8
A9E9
A9E9
A9EA
A9EA
A9EA
A9EB
A9EB
A9EB
A9EC
A9EC
A9ED
A9ED
A9ED
A9EE
A9EE
A9EE
A9EF
A9EF
A9F0
A9F0
A9F0
A9F1
A9F1
A9F2
A9F2
A9F2
A9F3
A9F3
A9F3
A9F4
A9F4
A9F5
A9F5
A9F5
A9F6
A9F6
A9F6
A9F7
A9F7
A9F8
A9F8
A9F8
A9F9
A9F9
A9F9
A9FA
A9FA
A9FB
A9FB
A9FB
A9FC
A9FC
A9FC
A9FD
A9FD
A9FE
A9FE
A9FE
A9FF
A9FF
A9FF
AA00
AA00
AA01
AA01
AA01
AA02
AA02
AA02
AA03
AA03
AA04
AA04
AA04
AA05
AA05
AA05
AA06
AA06
AA07
AA07
AA07
AA08
AA08
AA08
AA09
AA09
AA0A
AA0A
AA0A
AA0B
AA0B
AA0B
AA0C
AA0C
AA0D
AA0D
AA0D
AA0E
AA0E
AA0E
AA0F
AA0F
AA10
AA10
AA10
AA11
AA11
AA12
AA12
AA12
AA13
AA13
AA13
AA14
AA14
AA15
AA15
AA15
AA16
AA16
AA16
AA17
AA17
AA18
AA18
AA18
AA19
AA19
AA19
AA1A
AA1A
AA1B
AA1B
AA1B
AA1C
AA1C
AA1C
AA1D
AA1D
AA1E
AA1E
AA1E
AA1F
AA1F
AA1F
AA20
AA20
AA21
AA21
AA21
AA22
AA22
AA22
AA23
AA23
AA24
AA24
AA24
AA25
AA25
AA25
AA26
AA26
AA27
AA27
AA27
AA28
AA28
AA28
AA29
AA29
AA2A
AA2A
AA2A
AA2B
AA2B
AA2B
AA2C
AA2C
AA2D
AA2D
AA2D
AA2E
AA2E
AA2E
AA2F
AA2F
AA30
AA30
AA30
AA31
AA31
AA31
AA32
AA32
AA33
AA33
AA33
AA34
AA34
AA34
AA35
AA35
AA36
AA36
AA36
AA37
AA37
AA37
AA38
AA38
AA39
AA39
AA39
AA3A
AA3A
AA3B
AA3B
AA3B
AA3C
AA3C
AA3C
AA3D
AA3D
AA3E
AA3E
AA3E
AA3F
AA3F
AA3F
AA40
AA40
AA41
AA41
AA41
AA42
AA42
AA42
AA43
AA43
AA44
AA44
AA44
AA45
AA45
AA45
AA46
AA46
AA47
AA47
AA47
AA48
AA48
AA48
AA49
AA49
AA4A
AA4A
AA4A
AA4B
AA4B
AA4B
AA4C
AA4C
AA4D
AA4D
AA4D
AA4E
AA4E
AA4E
AA4F
AA4F
AA50
AA50
AA50
AA51
AA51
AA51
AA52
AA52
AA53
AA53
AA53
AA54
AA54
AA54
AA55
AA55
AA56
AA56
AA56
AA57
AA57
AA57
AA58
AA58
AA59
AA59
AA59
AA5A
AA5A
AA5A
AA5B
AA5B
AA5C
AA5C
AA5C
AA5D
AA5D
AA5D
AA5E
AA5E
AA5F
AA5F
AA5F
AA60
AA60
AA60
AA61
AA61
AA62
AA62
AA62
AA63
AA63
AA63
AA64
AA64
AA65
AA65
AA65
AA66
AA66
AA66
AA67
AA67
AA68
AA68
AA68
AA69
AA69
AA69
AA6A
AA6A
AA6B
AA6B
AA6B
AA6C
AA6C
AA6C
AA6D
AA6D
AA6E
AA6E
AA6E
AA6F
AA6F
AA6F
AA70
AA70
AA71
AA71
AA71
AA72
AA72
AA72
AA73
AA73
AA74
AA74
AA74
AA75
AA75
AA75
AA76
AA76
AA77
AA77
AA77
AA78
AA78
AA78
AA79
AA79
AA7A
AA7A
AA7A
AA7B
AA7B
AA7B
AA7C
AA7C
AA7D
AA7D
AA7D
AA7E
AA7E
AA7E
AA7F
AA7F
AA80
AA80
AA80
AA81
AA81
AA82
AA82
AA82
AA83
AA83
AA83
AA84
AA84
AA85
AA85
AA85
AA86
AA86
AA86
AA87
AA87
AA88
AA88
AA88
AA89
AA89
AA89
AA8A
AA8A
AA8B
AA8B
AA8B
AA8C
AA8C
AA8C
AA8D
AA8D
AA8E
AA8E
AA8E
AA8F
AA8F
AA8F
AA90
AA90
AA91
AA91
AA91
AA92
AA92
AA92
AA93
AA93
AA94
AA94
AA94
AA95
AA95
AA95
AA96
AA96
AA97
AA97
AA97
AA98
AA98
AA98
AA99
AA99
AA9A
AA9A
AA9A
AA9B
AA9B
AA9B
AA9C
AA9C
AA9D
AA9D
AA9D
AA9E
AA9E
AA9E
AA9F
AA9F
AAA0
AAA0
AAA0
AAA1
AAA1
AAA1
AAA2
AAA2
AAA3
AAA3
AAA3
AAA4
AAA4
AAA4
AAA5
AAA5
AAA6
AAA6
AAA6
AAA7
AAA7
AAA7
AAA8
AAA8
AAA9
AAA9
AAA9
AAAA
AAAA
AAAA
AAAB
AAAB
AAAC
AAAC
AAAC
AAAD
AAAD
AAAD
AAAE
AAAE
AAAF
AAAF
AAAF
AAB0
AAB0
AAB0
AAB1
AAB1
AAB2
AAB2
AAB2
AAB3
AAB3
AAB3
AAB4
AAB4
AAB5
AAB5
AAB5
AAB6
AAB6
AAB6
AAB7
AAB7
AAB8
AAB8
AAB8
AAB9
AAB9
AAB9
AABA
AABA
AABB
AABB
AABB
AABC
AABC
AABC
AABD
AABD
AABE
AABE
AABE
AABF
AABF
AABF
AAC0
AAC0
AAC1
AAC1
AAC1
AAC2
AAC2
AAC2
AAC3
AAC3
AAC4
AAC4
AAC4
AAC5
AAC5
AAC5
AAC6
AAC6
AAC7
AAC7
AAC7
AAC8
AAC8
AAC8
AAC9
AAC9
AACA
AACA
AACA
AACB
AACB
AACB
AACC
AACC
AACD
AACD
AACD
AACE
AACE
AACE
AACF
AACF
AAD0
AAD0
AAD0
AAD1
AAD1
AAD1
AAD2
AAD2
AAD3
AAD3
AAD3
AAD4
AAD4
AAD4
AAD5
AAD5
AAD5
AAD6
AAD6
AAD7
AAD7
AAD7
AAD8
AAD8
AAD8
AAD9
AAD9
AADA
AADA
AADA
AADB
AADB
AADB
AADC
AADC
AADD
AADD
AADD
AADE
AADE
AADE
AADF
AADF
AAE0
AAE0
AAE0
AAE1
AAE1
AAE1
AAE2
AAE2
AAE3
AAE3
AAE3
AAE4
AAE4
AAE4
AAE5
AAE5
AAE6
AAE6
AAE6
AAE7
AAE7
AAE7
AAE8
AAE8
AAE9
AAE9
AAE9
AAEA
AAEA
AAEA
AAEB
AAEB
AAEC
AAEC
AAEC
AAED
AAED
AAED
AAEE
AAEE
AAEF
AAEF
AAEF
AAF0
AAF0
AAF0
AAF1
AAF1
AAF2
AAF2
AAF2
AAF3
AAF3
AAF3
AAF4
AAF4
AAF5
AAF5
AAF5
AAF6
AAF6
AAF6
AAF7
AAF7
AAF8
AAF8
AAF8
AAF9
AAF9
AAF9
AAFA
AAFA
AAFB
AAFB
AAFB
AAFC
AAFC
AAFC
AAFD
AAFD
AAFE
AAFE
AAFE
AAFF
AAFF
AAFF
AB00
AB00
AB01
AB01
AB01
AB02
AB02
AB02
AB03
AB03
AB04
AB04
AB04
AB05
AB05
AB05
AB06
AB06
AB07
AB07
AB07
AB08
AB08
AB08
AB09
AB09
AB0A
AB0A
AB0A
AB0B
AB0B
AB0B
AB0C
AB0C
AB0D
AB0D
AB0D
AB0E
AB0E
AB0E
AB0F
AB0F
AB10
AB10
AB10
AB11
AB11
AB11
AB12
AB12
AB13
AB13
AB13
AB14
AB14
AB14
AB15
AB15
AB16
AB16
AB16
AB17
AB17
AB17
AB18
AB18
AB19
AB19
AB19
AB1A
AB1A
AB1A
AB1B
AB1B
AB1C
AB1C
AB1C
AB1D
AB1D
AB1D
AB1E
AB1E
AB1E
AB1F
AB1F
AB20
AB20
AB20
AB21
AB21
AB21
AB22
AB22
AB23
AB23
AB23
AB24
AB24
AB24
AB25
AB25
AB26
AB26
AB26
AB27
AB27
AB27
AB28
AB28
AB29
AB29
AB29
AB2A
AB2A
AB2A
AB2B
AB2B
AB2C
AB2C
AB2C
AB2D
AB2D
AB2D
AB2E
AB2E
AB2F
AB2F
AB2F
AB30
AB30
AB30
AB31
AB31
AB32
AB32
AB32
AB33
AB33
AB33
AB34
AB34
AB35
AB35
AB35
AB36
AB36
AB36
AB37
AB37
AB38
AB38
AB38
AB39
AB39
AB39
AB3A
AB3A
AB3B
AB3B
AB3B
AB3C
AB3C
AB3C
AB3D
AB3D
AB3E
AB3E
AB3E
AB3F
AB3F
AB3F
AB40
AB40
AB41
AB41
AB41
AB42
AB42
AB42
AB43
AB43
AB44
AB44
AB44
AB45
AB45
AB45
AB46
AB46
AB46
AB47
AB47
AB48
AB48
AB48
AB49
AB49
AB49
AB4A
AB4A
AB4B
AB4B
AB4B
AB4C
AB4C
AB4C
AB4D
AB4D
AB4E
AB4E
AB4E
AB4F
AB4F
AB4F
AB50
AB50
AB51
AB51
AB51
AB52
AB52
AB52
AB53
AB53
AB54
AB54
AB54
AB55
AB55
AB55
AB56
AB56
AB57
AB57
AB57
AB58
AB58
AB58
AB59
AB59
AB5A
AB5A
AB5A
AB5B
AB5B
AB5B
AB5C
AB5C
AB5D
AB5D
AB5D
AB5E
AB5E
AB5E
AB5F
AB5F
AB60
AB60
AB60
AB61
AB61
AB61
AB62
AB62
AB63
AB63
AB63
AB64
AB64
AB64
AB65
AB65
AB65
AB66
AB66
AB67
AB67
AB67
AB68
AB68
AB68
AB69
AB69
AB6A
AB6A
AB6A
AB6B
AB6B
AB6B
AB6C
AB6C
AB6D
AB6D
AB6D
AB6E
AB6E
AB6E
AB6F
AB6F
AB70
AB70
AB70
AB71
AB71
AB71
AB72
AB72
AB73
AB73
AB73
AB74
AB74
AB74
AB75
AB75
AB76
AB76
AB76
AB77
AB77
AB77
AB78
AB78
AB79
AB79
AB79
AB7A
AB7A
AB7A
AB7B
AB7B
AB7C
AB7C
AB7C
AB7D
AB7D
AB7D
AB7E
AB7E
AB7F
AB7F
AB7F
AB80
AB80
AB80
AB81
AB81
AB81
AB82
AB82
AB83
AB83
AB83
AB84
AB84
AB84
AB85
AB85
AB86
AB86
AB86
AB87
AB87
AB87
AB88
AB88
AB89
AB89
AB89
AB8A
AB8A
AB8A
AB8B
AB8B
AB8C
AB8C
AB8C
AB8D
AB8D
AB8D
AB8E
AB8E
AB8F
AB8F
AB8F
AB90
AB90
AB90
AB91
AB91
AB92
AB92
AB92
AB93
AB93
AB93
AB94
AB94
AB95
AB95
AB95
AB96
AB96
AB96
AB97
AB97
AB98
AB98
AB98
AB99
AB99
AB99
AB9A
AB9A
AB9A
AB9B
AB9B
AB9C
AB9C
AB9C
AB9D
AB9D
AB9D
AB9E
AB9E
AB9F
AB9F
AB9F
ABA0
ABA0
ABA0
ABA1
ABA1
ABA2
ABA2
ABA2
ABA3
ABA3
ABA3
ABA4
ABA4
ABA5
ABA5
ABA5
ABA6
ABA6
ABA6
ABA7
ABA7
ABA8
ABA8
ABA8
ABA9
ABA9
ABA9
ABAA
ABAA
ABAB
ABAB
ABAB
ABAC
ABAC
ABAC
ABAD
ABAD
ABAE
ABAE
ABAE
ABAF
ABAF
ABAF
ABB0
ABB0
ABB0
ABB1
ABB1
ABB2
ABB2
ABB2
ABB3
ABB3
ABB3
ABB4
ABB4
ABB5
ABB5
ABB5
ABB6
ABB6
ABB6
ABB7
ABB7
ABB8
ABB8
ABB8
ABB9
ABB9
ABB9
ABBA
ABBA
ABBB
ABBB
ABBB
ABBC
ABBC
ABBC
ABBD
ABBD
ABBE
ABBE
ABBE
ABBF
ABBF
ABBF
ABC0
ABC0
ABC1
ABC1
ABC1
ABC2
ABC2
ABC2
ABC3
ABC3
ABC3
ABC4
ABC4
ABC5
ABC5
ABC5
ABC6
ABC6
ABC6
ABC7
ABC7
ABC8
ABC8
ABC8
ABC9
ABC9
ABC9
ABCA
ABCA
ABCB
ABCB
ABCB
ABCC
ABCC
ABCC
ABCD
ABCD
ABCE
ABCE
ABCE
ABCF
ABCF
ABCF
ABD0
ABD0
ABD1
ABD1
ABD1
ABD2
ABD2
ABD2
ABD3
ABD3
ABD4
ABD4
ABD4
ABD5
ABD5
ABD5
ABD6
ABD6
ABD6
ABD7
ABD7
ABD8
ABD8
ABD8
ABD9
ABD9
ABD9
ABDA
ABDA
ABDB
ABDB
ABDB
ABDC
ABDC
ABDC
ABDD
ABDD
ABDE
ABDE
ABDE
ABDF
ABDF
ABDF
ABE0
ABE0
ABE1
ABE1
ABE1
ABE2
ABE2
ABE2
ABE3
ABE3
ABE4
ABE4
ABE4
ABE5
ABE5
ABE5
ABE6
ABE6
ABE7
ABE7
ABE7
ABE8
ABE8
ABE8
ABE9
ABE9
ABE9
ABEA
ABEA
ABEB
ABEB
ABEB
ABEC
ABEC
ABEC
ABED
ABED
ABEE
ABEE
ABEE
ABEF
ABEF
ABEF
ABF0
ABF0
ABF1
ABF1
ABF1
ABF2
ABF2
ABF2
ABF3
ABF3
ABF4
ABF4
ABF4
ABF5
ABF5
ABF5
ABF6
ABF6
ABF7
ABF7
ABF7
ABF8
ABF8
ABF8
ABF9
ABF9
ABF9
ABFA
ABFA
ABFB
ABFB
ABFB
ABFC
ABFC
ABFC
ABFD
ABFD
ABFE
ABFE
ABFE
ABFF
ABFF
ABFF
AC00
AC00
AC01
AC01
AC01
AC02
AC02
AC02
AC03
AC03
AC04
AC04
AC04
AC05
AC05
AC05
AC06
AC06
AC07
AC07
AC07
AC08
AC08
AC08
AC09
AC09
AC09
AC0A
AC0A
AC0B
AC0B
AC0B
AC0C
AC0C
AC0C
AC0D
AC0D
AC0E
AC0E
AC0E
AC0F
AC0F
AC0F
AC10
AC10
AC11
AC11
AC11
AC12
AC12
AC12
AC13
AC13
AC14
AC14
AC14
AC15
AC15
AC15
AC16
AC16
AC17
AC17
AC17
AC18
AC18
AC18
AC19
AC19
AC19
AC1A
AC1A
AC1B
AC1B
AC1B
AC1C
AC1C
AC1C
AC1D
AC1D
AC1E
AC1E
AC1E
AC1F
AC1F
AC1F
AC20
AC20
AC21
AC21
AC21
AC22
AC22
AC22
AC23
AC23
AC24
AC24
AC24
AC25
AC25
AC25
AC26
AC26
AC26
AC27
AC27
AC28
AC28
AC28
AC29
AC29
AC29
AC2A
AC2A
AC2B
AC2B
AC2B
AC2C
AC2C
AC2C
AC2D
AC2D
AC2E
AC2E
AC2E
AC2F
AC2F
AC2F
AC30
AC30
AC31
AC31
AC31
AC32
AC32
AC32
AC33
AC33
AC34
AC34
AC34
AC35
AC35
AC35
AC36
AC36
AC36
AC37
AC37
AC38
AC38
AC38
AC39
AC39
AC39
AC3A
AC3A
AC3B
AC3B
AC3B
AC3C
AC3C
AC3C
AC3D
AC3D
AC3E
AC3E
AC3E
AC3F
AC3F
AC3F
AC40
AC40
AC41
AC41
AC41
AC42
AC42
AC42
AC43
AC43
AC43
AC44
AC44
AC45
AC45
AC45
AC46
AC46
AC46
AC47
AC47
AC48
AC48
AC48
AC49
AC49
AC49
AC4A
AC4A
AC4B
AC4B
AC4B
AC4C
AC4C
AC4C
AC4D
AC4D
AC4E
AC4E
AC4E
AC4F
AC4F
AC4F
AC50
AC50
AC50
AC51
AC51
AC52
AC52
AC52
AC53
AC53
AC53
AC54
AC54
AC55
AC55
AC55
AC56
AC56
AC56
AC57
AC57
AC58
AC58
AC58
AC59
AC59
AC59
AC5A
AC5A
AC5B
AC5B
AC5B
AC5C
AC5C
AC5C
AC5D
AC5D
AC5D
AC5E
AC5E
AC5F
AC5F
AC5F
AC60
AC60
AC60
AC61
AC61
AC62
AC62
AC62
AC63
AC63
AC63
AC64
AC64
AC65
AC65
AC65
AC66
AC66
AC66
AC67
AC67
AC68
AC68
AC68
AC69
AC69
AC69
AC6A
AC6A
AC6A
AC6B
AC6B
AC6C
AC6C
AC6C
AC6D
AC6D
AC6D
AC6E
AC6E
AC6F
AC6F
AC6F
AC70
AC70
AC70
AC71
AC71
AC72
AC72
AC72
AC73
AC73
AC73
AC74
AC74
AC74
AC75
AC75
AC76
AC76
AC76
AC77
AC77
AC77
AC78
AC78
AC79
AC79
AC79
AC7A
AC7A
AC7A
AC7B
AC7B
AC7C
AC7C
AC7C
AC7D
AC7D
AC7D
AC7E
AC7E
AC7F
AC7F
AC7F
AC80
AC80
AC80
AC81
AC81
AC81
AC82
AC82
AC83
AC83
AC83
AC84
AC84
AC84
AC85
AC85
AC86
AC86
AC86
AC87
AC87
AC87
AC88
AC88
AC89
AC89
AC89
AC8A
AC8A
AC8A
AC8B
AC8B
AC8B
AC8C
AC8C
AC8D
AC8D
AC8D
AC8E
AC8E
AC8E
AC8F
AC8F
AC90
AC90
AC90
AC91
AC91
AC91
AC92
AC92
AC93
AC93
AC93
AC94
AC94
AC94
AC95
AC95
AC96
AC96
AC96
AC97
AC97
AC97
AC98
AC98
AC98
AC99
AC99
AC9A
AC9A
AC9A
AC9B
AC9B
AC9B
AC9C
AC9C
AC9D
AC9D
AC9D
AC9E
AC9E
AC9E
AC9F
AC9F
ACA0
ACA0
ACA0
ACA1
ACA1
ACA1
ACA2
ACA2
ACA2
ACA3
ACA3
ACA4
ACA4
ACA4
ACA5
ACA5
ACA5
ACA6
ACA6
ACA7
ACA7
ACA7
ACA8
ACA8
ACA8
ACA9
ACA9
ACAA
ACAA
ACAA
ACAB
ACAB
ACAB
ACAC
ACAC
ACAC
ACAD
ACAD
ACAE
ACAE
ACAE
ACAF
ACAF
ACAF
ACB0
ACB0
ACB1
ACB1
ACB1
ACB2
ACB2
ACB2
ACB3
ACB3
ACB4
ACB4
ACB4
ACB5
ACB5
ACB5
ACB6
ACB6
ACB7
ACB7
ACB7
ACB8
ACB8
ACB8
ACB9
ACB9
ACB9
ACBA
ACBA
ACBB
ACBB
ACBB
ACBC
ACBC
ACBC
ACBD
ACBD
ACBE
ACBE
ACBE
ACBF
ACBF
ACBF
ACC0
ACC0
ACC1
ACC1
ACC1
ACC2
ACC2
ACC2
ACC3
ACC3
ACC3
ACC4
ACC4
ACC5
ACC5
ACC5
ACC6
ACC6
ACC6
ACC7
ACC7
ACC8
ACC8
ACC8
ACC9
ACC9
ACC9
ACCA
ACCA
ACCB
ACCB
ACCB
ACCC
ACCC
ACCC
ACCD
ACCD
ACCD
ACCE
ACCE
ACCF
ACCF
ACCF
ACD0
ACD0
ACD0
ACD1
ACD1
ACD2
ACD2
ACD2
ACD3
ACD3
ACD3
ACD4
ACD4
ACD5
ACD5
ACD5
ACD6
ACD6
ACD6
ACD7
ACD7
ACD7
ACD8
ACD8
ACD9
ACD9
ACD9
ACDA
ACDA
ACDA
ACDB
ACDB
ACDC
ACDC
ACDC
ACDD
ACDD
ACDD
ACDE
ACDE
ACDF
ACDF
ACDF
ACE0
ACE0
ACE0
ACE1
ACE1
ACE1
ACE2
ACE2
ACE3
ACE3
ACE3
ACE4
ACE4
ACE4
ACE5
ACE5
ACE6
ACE6
ACE6
ACE7
ACE7
ACE7
ACE8
ACE8
ACE9
ACE9
ACE9
ACEA
ACEA
ACEA
ACEB
ACEB
ACEB
ACEC
ACEC
ACED
ACED
ACED
ACEE
ACEE
ACEE
ACEF
ACEF
ACF0
ACF0
ACF0
ACF1
ACF1
ACF1
ACF2
ACF2
ACF2
ACF3
ACF3
ACF4
ACF4
ACF4
ACF5
ACF5
ACF5
ACF6
ACF6
ACF7
ACF7
ACF7
ACF8
ACF8
ACF8
ACF9
ACF9
ACFA
ACFA
ACFA
ACFB
ACFB
ACFB
ACFC
ACFC
ACFC
ACFD
ACFD
ACFE
ACFE
ACFE
ACFF
ACFF
ACFF
AD00
AD00
AD01
AD01
AD01
AD02
AD02
AD02
AD03
AD03
AD04
AD04
AD04
AD05
AD05
AD05
AD06
AD06
AD06
AD07
AD07
AD08
AD08
AD08
AD09
AD09
AD09
AD0A
AD0A
AD0B
AD0B
AD0B
AD0C
AD0C
AD0C
AD0D
AD0D
AD0E
AD0E
AD0E
AD0F
AD0F
AD0F
AD10
AD10
AD10
AD11
AD11
AD12
AD12
AD12
AD13
AD13
AD13
AD14
AD14
AD15
AD15
AD15
AD16
AD16
AD16
AD17
AD17
AD17
AD18
AD18
AD19
AD19
AD19
AD1A
AD1A
AD1A
AD1B
AD1B
AD1C
AD1C
AD1C
AD1D
AD1D
AD1D
AD1E
AD1E
AD1F
AD1F
AD1F
AD20
AD20
AD20
AD21
AD21
AD21
AD22
AD22
AD23
AD23
AD23
AD24
AD24
AD24
AD25
AD25
AD26
AD26
AD26
AD27
AD27
AD27
AD28
AD28
AD28
AD29
AD29
AD2A
AD2A
AD2A
AD2B
AD2B
AD2B
AD2C
AD2C
AD2D
AD2D
AD2D
AD2E
AD2E
AD2E
AD2F
AD2F
AD30
AD30
AD30
AD31
AD31
AD31
AD32
AD32
AD32
AD33
AD33
AD34
AD34
AD34
AD35
AD35
AD35
AD36
AD36
AD37
AD37
AD37
AD38
AD38
AD38
AD39
AD39
AD39
AD3A
AD3A
AD3B
AD3B
AD3B
AD3C
AD3C
AD3C
AD3D
AD3D
AD3E
AD3E
AD3E
AD3F
AD3F
AD3F
AD40
AD40
AD41
AD41
AD41
AD42
AD42
AD42
AD43
AD43
AD43
AD44
AD44
AD45
AD45
AD45
AD46
AD46
AD46
AD47
AD47
AD48
AD48
AD48
AD49
AD49
AD49
AD4A
AD4A
AD4A
AD4B
AD4B
AD4C
AD4C
AD4C
AD4D
AD4D
AD4D
AD4E
AD4E
AD4F
AD4F
AD4F
AD50
AD50
AD50
AD51
AD51
AD51
AD52
AD52
AD53
AD53
AD53
AD54
AD54
AD54
AD55
AD55
AD56
AD56
AD56
AD57
AD57
AD57
AD58
AD58
AD59
AD59
AD59
AD5A
AD5A
AD5A
AD5B
AD5B
AD5B
AD5C
AD5C
AD5D
AD5D
AD5D
AD5E
AD5E
AD5E
AD5F
AD5F
AD60
AD60
AD60
AD61
AD61
AD61
AD62
AD62
AD62
AD63
AD63
AD64
AD64
AD64
AD65
AD65
AD65
AD66
AD66
AD67
AD67
AD67
AD68
AD68
AD68
AD69
AD69
AD69
AD6A
AD6A
AD6B
AD6B
AD6B
AD6C
AD6C
AD6C
AD6D
AD6D
AD6E
AD6E
AD6E
AD6F
AD6F
AD6F
AD70
AD70
AD71
AD71
AD71
AD72
AD72
AD72
AD73
AD73
AD73
AD74
AD74
AD75
AD75
AD75
AD76
AD76
AD76
AD77
AD77
AD78
AD78
AD78
AD79
AD79
AD79
AD7A
AD7A
AD7A
AD7B
AD7B
AD7C
AD7C
AD7C
AD7D
AD7D
AD7D
AD7E
AD7E
AD7F
AD7F
AD7F
AD80
AD80
AD80
AD81
AD81
AD81
AD82
AD82
AD83
AD83
AD83
AD84
AD84
AD84
AD85
AD85
AD86
AD86
AD86
AD87
AD87
AD87
AD88
AD88
AD88
AD89
AD89
AD8A
AD8A
AD8A
AD8B
AD8B
AD8B
AD8C
AD8C
AD8D
AD8D
AD8D
AD8E
AD8E
AD8E
AD8F
AD8F
AD8F
AD90
AD90
AD91
AD91
AD91
AD92
AD92
AD92
AD93
AD93
AD94
AD94
AD94
AD95
AD95
AD95
AD96
AD96
AD96
AD97
AD97
AD98
AD98
AD98
AD99
AD99
AD99
AD9A
AD9A
AD9B
AD9B
AD9B
AD9C
AD9C
AD9C
AD9D
AD9D
AD9E
AD9E
AD9E
AD9F
AD9F
AD9F
ADA0
ADA0
ADA0
ADA1
ADA1
ADA2
ADA2
ADA2
ADA3
ADA3
ADA3
ADA4
ADA4
ADA5
ADA5
ADA5
ADA6
ADA6
ADA6
ADA7
ADA7
ADA7
ADA8
ADA8
ADA9
ADA9
ADA9
ADAA
ADAA
ADAA
ADAB
ADAB
ADAC
ADAC
ADAC
ADAD
ADAD
ADAD
ADAE
ADAE
ADAE
ADAF
ADAF
ADB0
ADB0
ADB0
ADB1
ADB1
ADB1
ADB2
ADB2
ADB3
ADB3
ADB3
ADB4
ADB4
ADB4
ADB5
ADB5
ADB5
ADB6
ADB6
ADB7
ADB7
ADB7
ADB8
ADB8
ADB8
ADB9
ADB9
ADBA
ADBA
ADBA
ADBB
ADBB
ADBB
ADBC
ADBC
ADBC
ADBD
ADBD
ADBE
ADBE
ADBE
ADBF
ADBF
ADBF
ADC0
ADC0
ADC1
ADC1
ADC1
ADC2
ADC2
ADC2
ADC3
ADC3
ADC3
ADC4
ADC4
ADC5
ADC5
ADC5
ADC6
ADC6
ADC6
ADC7
ADC7
ADC8
ADC8
ADC8
ADC9
ADC9
ADC9
ADCA
ADCA
ADCA
ADCB
ADCB
ADCC
ADCC
ADCC
ADCD
ADCD
ADCD
ADCE
ADCE
ADCF
ADCF
ADCF
ADD0
ADD0
ADD0
ADD1
ADD1
ADD1
ADD2
ADD2
ADD3
ADD3
ADD3
ADD4
ADD4
ADD4
ADD5
ADD5
ADD5
ADD6
ADD6
ADD7
ADD7
ADD7
ADD8
ADD8
ADD8
ADD9
ADD9
ADDA
ADDA
ADDA
ADDB
ADDB
ADDB
ADDC
ADDC
ADDC
ADDD
ADDD
ADDE
ADDE
ADDE
ADDF
ADDF
ADDF
ADE0
ADE0
ADE1
ADE1
ADE1
ADE2
ADE2
ADE2
ADE3
ADE3
ADE3
ADE4
ADE4
ADE5
ADE5
ADE5
ADE6
ADE6
ADE6
ADE7
ADE7
ADE8
ADE8
ADE8
ADE9
ADE9
ADE9
ADEA
ADEA
ADEA
ADEB
ADEB
ADEC
ADEC
ADEC
ADED
ADED
ADED
ADEE
ADEE
ADEF
ADEF
ADEF
ADF0
ADF0
ADF0
ADF1
ADF1
ADF1
ADF2
ADF2
ADF3
ADF3
ADF3
ADF4
ADF4
ADF4
ADF5
ADF5
ADF6
ADF6
ADF6
ADF7
ADF7
ADF7
ADF8
ADF8
ADF8
ADF9
ADF9
ADFA
ADFA
ADFA
ADFB
ADFB
ADFB
ADFC
ADFC
ADFD
ADFD
ADFD
ADFE
ADFE
ADFE
ADFF
ADFF
ADFF
AE00
AE00
AE01
AE01
AE01
AE02
AE02
AE02
AE03
AE03
AE03
AE04
AE04
AE05
AE05
AE05
AE06
AE06
AE06
AE07
AE07
AE08
AE08
AE08
AE09
AE09
AE09
AE0A
AE0A
AE0A
AE0B
AE0B
AE0C
AE0C
AE0C
AE0D
AE0D
AE0D
AE0E
AE0E
AE0F
AE0F
AE0F
AE10
AE10
AE10
AE11
AE11
AE11
AE12
AE12
AE13
AE13
AE13
AE14
AE14
AE14
AE15
AE15
AE16
AE16
AE16
AE17
AE17
AE17
AE18
AE18
AE18
AE19
AE19
AE1A
AE1A
AE1A
AE1B
AE1B
AE1B
AE1C
AE1C
AE1C
AE1D
AE1D
AE1E
AE1E
AE1E
AE1F
AE1F
AE1F
AE20
AE20
AE21
AE21
AE21
AE22
AE22
AE22
AE23
AE23
AE23
AE24
AE24
AE25
AE25
AE25
AE26
AE26
AE26
AE27
AE27
AE28
AE28
AE28
AE29
AE29
AE29
AE2A
AE2A
AE2A
AE2B
AE2B
AE2C
AE2C
AE2C
AE2D
AE2D
AE2D
AE2E
AE2E
AE2F
AE2F
AE2F
AE30
AE30
AE30
AE31
AE31
AE31
AE32
AE32
AE33
AE33
AE33
AE34
AE34
AE34
AE35
AE35
AE35
AE36
AE36
AE37
AE37
AE37
AE38
AE38
AE38
AE39
AE39
AE3A
AE3A
AE3A
AE3B
AE3B
AE3B
AE3C
AE3C
AE3C
AE3D
AE3D
AE3E
AE3E
AE3E
AE3F
AE3F
AE3F
AE40
AE40
AE41
AE41
AE41
AE42
AE42
AE42
AE43
AE43
AE43
AE44
AE44
AE45
AE45
AE45
AE46
AE46
AE46
AE47
AE47
AE47
AE48
AE48
AE49
AE49
AE49
AE4A
AE4A
AE4A
AE4B
AE4B
AE4C
AE4C
AE4C
AE4D
AE4D
AE4D
AE4E
AE4E
AE4E
AE4F
AE4F
AE50
AE50
AE50
AE51
AE51
AE51
AE52
AE52
AE52
AE53
AE53
AE54
AE54
AE54
AE55
AE55
AE55
AE56
AE56
AE57
AE57
AE57
AE58
AE58
AE58
AE59
AE59
AE59
AE5A
AE5A
AE5B
AE5B
AE5B
AE5C
AE5C
AE5C
AE5D
AE5D
AE5E
AE5E
AE5E
AE5F
AE5F
AE5F
AE60
AE60
AE60
AE61
AE61
AE62
AE62
AE62
AE63
AE63
AE63
AE64
AE64
AE64
AE65
AE65
AE66
AE66
AE66
AE67
AE67
AE67
AE68
AE68
AE69
AE69
AE69
AE6A
AE6A
AE6A
AE6B
AE6B
AE6B
AE6C
AE6C
AE6D
AE6D
AE6D
AE6E
AE6E
AE6E
AE6F
AE6F
AE6F
AE70
AE70
AE71
AE71
AE71
AE72
AE72
AE72
AE73
AE73
AE74
AE74
AE74
AE75
AE75
AE75
AE76
AE76
AE76
AE77
AE77
AE78
AE78
AE78
AE79
AE79
AE79
AE7A
AE7A
AE7A
AE7B
AE7B
AE7C
AE7C
AE7C
AE7D
AE7D
AE7D
AE7E
AE7E
AE7F
AE7F
AE7F
AE80
AE80
AE80
AE81
AE81
AE81
AE82
AE82
AE83
AE83
AE83
AE84
AE84
AE84
AE85
AE85
AE86
AE86
AE86
AE87
AE87
AE87
AE88
AE88
AE88
AE89
AE89
AE8A
AE8A
AE8A
AE8B
AE8B
AE8B
AE8C
AE8C
AE8C
AE8D
AE8D
AE8E
AE8E
AE8E
AE8F
AE8F
AE8F
AE90
AE90
AE91
AE91
AE91
AE92
AE92
AE92
AE93
AE93
AE93
AE94
AE94
AE95
AE95
AE95
AE96
AE96
AE96
AE97
AE97
AE97
AE98
AE98
AE99
AE99
AE99
AE9A
AE9A
AE9A
AE9B
AE9B
AE9B
AE9C
AE9C
AE9D
AE9D
AE9D
AE9E
AE9E
AE9E
AE9F
AE9F
AEA0
AEA0
AEA0
AEA1
AEA1
AEA1
AEA2
AEA2
AEA2
AEA3
AEA3
AEA4
AEA4
AEA4
AEA5
AEA5
AEA5
AEA6
AEA6
AEA6
AEA7
AEA7
AEA8
AEA8
AEA8
AEA9
AEA9
AEA9
AEAA
AEAA
AEAB
AEAB
AEAB
AEAC
AEAC
AEAC
AEAD
AEAD
AEAD
AEAE
AEAE
AEAF
AEAF
AEAF
AEB0
AEB0
AEB0
AEB1
AEB1
AEB1
AEB2
AEB2
AEB3
AEB3
AEB3
AEB4
AEB4
AEB4
AEB5
AEB5
AEB6
AEB6
AEB6
AEB7
AEB7
AEB7
AEB8
AEB8
AEB8
AEB9
AEB9
AEBA
AEBA
AEBA
AEBB
AEBB
AEBB
AEBC
AEBC
AEBC
AEBD
AEBD
AEBE
AEBE
AEBE
AEBF
AEBF
AEBF
AEC0
AEC0
AEC1
AEC1
AEC1
AEC2
AEC2
AEC2
AEC3
AEC3
AEC3
AEC4
AEC4
AEC5
AEC5
AEC5
AEC6
AEC6
AEC6
AEC7
AEC7
AEC7
AEC8
AEC8
AEC9
AEC9
AEC9
AECA
AECA
AECA
AECB
AECB
AECB
AECC
AECC
AECD
AECD
AECD
AECE
AECE
AECE
AECF
AECF
AED0
AED0
AED0
AED1
AED1
AED1
AED2
AED2
AED2
AED3
AED3
AED4
AED4
AED4
AED5
AED5
AED5
AED6
AED6
AED6
AED7
AED7
AED8
AED8
AED8
AED9
AED9
AED9
AEDA
AEDA
AEDA
AEDB
AEDB
AEDC
AEDC
AEDC
AEDD
AEDD
AEDD
AEDE
AEDE
AEDF
AEDF
AEDF
AEE0
AEE0
AEE0
AEE1
AEE1
AEE1
AEE2
AEE2
AEE3
AEE3
AEE3
AEE4
AEE4
AEE4
AEE5
AEE5
AEE5
AEE6
AEE6
AEE7
AEE7
AEE7
AEE8
AEE8
AEE8
AEE9
AEE9
AEEA
AEEA
AEEA
AEEB
AEEB
AEEB
AEEC
AEEC
AEEC
AEED
AEED
AEEE
AEEE
AEEE
AEEF
AEEF
AEEF
AEF0
AEF0
AEF0
AEF1
AEF1
AEF2
AEF2
AEF2
AEF3
AEF3
AEF3
AEF4
AEF4
AEF4
AEF5
AEF5
AEF6
AEF6
AEF6
AEF7
AEF7
AEF7
AEF8
AEF8
AEF9
AEF9
AEF9
AEFA
AEFA
AEFA
AEFB
AEFB
AEFB
AEFC
AEFC
AEFD
AEFD
AEFD
AEFE
AEFE
AEFE
AEFF
AEFF
AEFF
AF00
AF00
AF01
AF01
AF01
AF02
AF02
AF02
AF03
AF03
AF03
AF04
AF04
AF05
AF05
AF05
AF06
AF06
AF06
AF07
AF07
AF07
AF08
AF08
AF09
AF09
AF09
AF0A
AF0A
AF0A
AF0B
AF0B
AF0C
AF0C
AF0C
AF0D
AF0D
AF0D
AF0E
AF0E
AF0E
AF0F
AF0F
AF10
AF10
AF10
AF11
AF11
AF11
AF12
AF12
AF12
AF13
AF13
AF14
AF14
AF14
AF15
AF15
AF15
AF16
AF16
AF16
AF17
AF17
AF18
AF18
AF18
AF19
AF19
AF19
AF1A
AF1A
AF1B
AF1B
AF1B
AF1C
AF1C
AF1C
AF1D
AF1D
AF1D
AF1E
AF1E
AF1F
AF1F
AF1F
AF20
AF20
AF20
AF21
AF21
AF21
AF22
AF22
AF23
AF23
AF23
AF24
AF24
AF24
AF25
AF25
AF25
AF26
AF26
AF27
AF27
AF27
AF28
AF28
AF28
AF29
AF29
AF29
AF2A
AF2A
AF2B
AF2B
AF2B
AF2C
AF2C
AF2C
AF2D
AF2D
AF2E
AF2E
AF2E
AF2F
AF2F
AF2F
AF30
AF30
AF30
AF31
AF31
AF32
AF32
AF32
AF33
AF33
AF33
AF34
AF34
AF34
AF35
AF35
AF36
AF36
AF36
AF37
AF37
AF37
AF38
AF38
AF38
AF39
AF39
AF3A
AF3A
AF3A
AF3B
AF3B
AF3B
AF3C
AF3C
AF3C
AF3D
AF3D
AF3E
AF3E
AF3E
AF3F
AF3F
AF3F
AF40
AF40
AF41
AF41
AF41
AF42
AF42
AF42
AF43
AF43
AF43
AF44
AF44
AF45
AF45
AF45
AF46
AF46
AF46
AF47
AF47
AF47
AF48
AF48
AF49
AF49
AF49
AF4A
AF4A
AF4A
AF4B
AF4B
AF4B
AF4C
AF4C
AF4D
AF4D
AF4D
AF4E
AF4E
AF4E
AF4F
AF4F
AF4F
AF50
AF50
AF51
AF51
AF51
AF52
AF52
AF52
AF53
AF53
AF53
AF54
AF54
AF55
AF55
AF55
AF56
AF56
AF56
AF57
AF57
AF58
AF58
AF58
AF59
AF59
AF59
AF5A
AF5A
AF5A
AF5B
AF5B
AF5C
AF5C
AF5C
AF5D
AF5D
AF5D
AF5E
AF5E
AF5E
AF5F
AF5F
AF60
AF60
AF60
AF61
AF61
AF61
AF62
AF62
AF62
AF63
AF63
AF64
AF64
AF64
AF65
AF65
AF65
AF66
AF66
AF66
AF67
AF67
AF68
AF68
AF68
AF69
AF69
AF69
AF6A
AF6A
AF6A
AF6B
AF6B
AF6C
AF6C
AF6C
AF6D
AF6D
AF6D
AF6E
AF6E
AF6E
AF6F
AF6F
AF70
AF70
AF70
AF71
AF71
AF71
AF72
AF72
AF73
AF73
AF73
AF74
AF74
AF74
AF75
AF75
AF75
AF76
AF76
AF77
AF77
AF77
AF78
AF78
AF78
AF79
AF79
AF79
AF7A
AF7A
AF7B
AF7B
AF7B
AF7C
AF7C
AF7C
AF7D
AF7D
AF7D
AF7E
AF7E
AF7F
AF7F
AF7F
AF80
AF80
AF80
AF81
AF81
AF81
AF82
AF82
AF83
AF83
AF83
AF84
AF84
AF84
AF85
AF85
AF85
AF86
AF86
AF87
AF87
AF87
AF88
AF88
AF88
AF89
AF89
AF89
AF8A
AF8A
AF8B
AF8B
AF8B
AF8C
AF8C
AF8C
AF8D
AF8D
AF8D
AF8E
AF8E
AF8F
AF8F
AF8F
AF90
AF90
AF90
AF91
AF91
AF92
AF92
AF92
AF93
AF93
AF93
AF94
AF94
AF94
AF95
AF95
AF96
AF96
AF96
AF97
AF97
AF97
AF98
AF98
AF98
AF99
AF99
AF9A
AF9A
AF9A
AF9B
AF9B
AF9B
AF9C
AF9C
AF9C
AF9D
AF9D
AF9E
AF9E
AF9E
AF9F
AF9F
AF9F
AFA0
AFA0
AFA0
AFA1
AFA1
AFA2
AFA2
AFA2
AFA3
AFA3
AFA3
AFA4
AFA4
AFA4
AFA5
AFA5
AFA6
AFA6
AFA6
AFA7
AFA7
AFA7
AFA8
AFA8
AFA8
AFA9
AFA9
AFAA
AFAA
AFAA
AFAB
AFAB
AFAB
AFAC
AFAC
AFAC
AFAD
AFAD
AFAE
AFAE
AFAE
AFAF
AFAF
AFAF
AFB0
AFB0
AFB0
AFB1
AFB1
AFB2
AFB2
AFB2
AFB3
AFB3
AFB3
AFB4
AFB4
AFB4
AFB5
AFB5
AFB6
AFB6
AFB6
AFB7
AFB7
AFB7
AFB8
AFB8
AFB8
AFB9
AFB9
AFBA
AFBA
AFBA
AFBB
AFBB
AFBB
AFBC
AFBC
AFBC
AFBD
AFBD
AFBE
AFBE
AFBE
AFBF
AFBF
AFBF
AFC0
AFC0
AFC1
AFC1
AFC1
AFC2
AFC2
AFC2
AFC3
AFC3
AFC3
AFC4
AFC4
AFC5
AFC5
AFC5
AFC6
AFC6
AFC6
AFC7
AFC7
AFC7
AFC8
AFC8
AFC9
AFC9
AFC9
AFCA
AFCA
AFCA
AFCB
AFCB
AFCB
AFCC
AFCC
AFCD
AFCD
AFCD
AFCE
AFCE
AFCE
AFCF
AFCF
AFCF
AFD0
AFD0
AFD1
AFD1
AFD1
AFD2
AFD2
AFD2
AFD3
AFD3
AFD3
AFD4
AFD4
AFD5
AFD5
AFD5
AFD6
AFD6
AFD6
AFD7
AFD7
AFD7
AFD8
AFD8
AFD9
AFD9
AFD9
AFDA
AFDA
AFDA
AFDB
AFDB
AFDB
AFDC
AFDC
AFDD
AFDD
AFDD
AFDE
AFDE
AFDE
AFDF
AFDF
AFDF
AFE0
AFE0
AFE1
AFE1
AFE1
AFE2
AFE2
AFE2
AFE3
AFE3
AFE3
AFE4
AFE4
AFE5
AFE5
AFE5
AFE6
AFE6
AFE6
AFE7
AFE7
AFE7
AFE8
AFE8
AFE9
AFE9
AFE9
AFEA
AFEA
AFEA
AFEB
AFEB
AFEB
AFEC
AFEC
AFED
AFED
AFED
AFEE
AFEE
AFEE
AFEF
AFEF
AFEF
AFF0
AFF0
AFF1
AFF1
AFF1
AFF2
AFF2
AFF2
AFF3
AFF3
AFF3
AFF4
AFF4
AFF5
AFF5
AFF5
AFF6
AFF6
AFF6
AFF7
AFF7
AFF7
AFF8
AFF8
AFF9
AFF9
AFF9
AFFA
AFFA
AFFA
AFFB
AFFB
AFFB
AFFC
AFFC
AFFD
AFFD
AFFD
AFFE
AFFE
AFFE
AFFF
AFFF
AFFF
B000
B000
B001
B001
B001
B002
B002
B002
B003
B003
B003
B004
B004
B005
B005
B005
B006
B006
B006
B007
B007
B007
B008
B008
B009
B009
B009
B00A
B00A
B00A
B00B
B00B
B00B
B00C
B00C
B00D
B00D
B00D
B00E
B00E
B00E
B00F
B00F
B00F
B010
B010
B011
B011
B011
B012
B012
B012
B013
B013
B013
B014
B014
B015
B015
B015
B016
B016
B016
B017
B017
B017
B018
B018
B019
B019
B019
B01A
B01A
B01A
B01B
B01B
B01B
B01C
B01C
B01D
B01D
B01D
B01E
B01E
B01E
B01F
B01F
B01F
B020
B020
B021
B021
B021
B022
B022
B022
B023
B023
B023
B024
B024
B025
B025
B025
B026
B026
B026
B027
B027
B027
B028
B028
B029
B029
B029
B02A
B02A
B02A
B02B
B02B
B02B
B02C
B02C
B02D
B02D
B02D
B02E
B02E
B02E
B02F
B02F
B02F
B030
B030
B031
B031
B031
B032
B032
B032
B033
B033
B033
B034
B034
B035
B035
B035
B036
B036
B036
B037
B037
B037
B038
B038
B039
B039
B039
B03A
B03A
B03A
B03B
B03B
B03B
B03C
B03C
B03D
B03D
B03D
B03E
B03E
B03E
B03F
B03F
B03F
B040
B040
B040
B041
B041
B042
B042
B042
B043
B043
B043
B044
B044
B044
B045
B045
B046
B046
B046
B047
B047
B047
B048
B048
B048
B049
B049
B04A
B04A
B04A
B04B
B04B
B04B
B04C
B04C
B04C
B04D
B04D
B04E
B04E
B04E
B04F
B04F
B04F
B050
B050
B050
B051
B051
B052
B052
B052
B053
B053
B053
B054
B054
B054
B055
B055
B056
B056
B056
B057
B057
B057
B058
B058
B058
B059
B059
B05A
B05A
B05A
B05B
B05B
B05B
B05C
B05C
B05C
B05D
B05D
B05E
B05E
B05E
B05F
B05F
B05F
B060
B060
B060
B061
B061
B062
B062
B062
B063
B063
B063
B064
B064
B064
B065
B065
B066
B066
B066
B067
B067
B067
B068
B068
B068
B069
B069
B06A
B06A
B06A
B06B
B06B
B06B
B06C
B06C
B06C
B06D
B06D
B06E
B06E
B06E
B06F
B06F
B06F
B070
B070
B070
B071
B071
B071
B072
B072
B073
B073
B073
B074
B074
B074
B075
B075
B075
B076
B076
B077
B077
B077
B078
B078
B078
B079
B079
B079
B07A
B07A
B07B
B07B
B07B
B07C
B07C
B07C
B07D
B07D
B07D
B07E
B07E
B07F
B07F
B07F
B080
B080
B080
B081
B081
B081
B082
B082
B083
B083
B083
B084
B084
B084
B085
B085
B085
B086
B086
B087
B087
B087
B088
B088
B088
B089
B089
B089
B08A
B08A
B08B
B08B
B08B
B08C
B08C
B08C
B08D
B08D
B08D
B08E
B08E
B08F
B08F
B08F
B090
B090
B090
B091
B091
B091
B092
B092
B092
B093
B093
B094
B094
B094
B095
B095
B095
B096
B096
B096
B097
B097
B098
B098
B098
B099
B099
B099
B09A
B09A
B09A
B09B
B09B
B09C
B09C
B09C
B09D
B09D
B09D
B09E
B09E
B09E
B09F
B09F
B0A0
B0A0
B0A0
B0A1
B0A1
B0A1
B0A2
B0A2
B0A2
B0A3
B0A3
B0A4
B0A4
B0A4
B0A5
B0A5
B0A5
B0A6
B0A6
B0A6
B0A7
B0A7
B0A8
B0A8
B0A8
B0A9
B0A9
B0A9
B0AA
B0AA
B0AA
B0AB
B0AB
B0AB
B0AC
B0AC
B0AD
B0AD
B0AD
B0AE
B0AE
B0AE
B0AF
B0AF
B0AF
B0B0
B0B0
B0B1
B0B1
B0B1
B0B2
B0B2
B0B2
B0B3
B0B3
B0B3
B0B4
B0B4
B0B5
B0B5
B0B5
B0B6
B0B6
B0B6
B0B7
B0B7
B0B7
B0B8
B0B8
B0B9
B0B9
B0B9
B0BA
B0BA
B0BA
B0BB
B0BB
B0BB
B0BC
B0BC
B0BD
B0BD
B0BD
B0BE
B0BE
B0BE
B0BF
B0BF
B0BF
B0C0
B0C0
B0C0
B0C1
B0C1
B0C2
B0C2
B0C2
B0C3
B0C3
B0C3
B0C4
B0C4
B0C4
B0C5
B0C5
B0C6
B0C6
B0C6
B0C7
B0C7
B0C7
B0C8
B0C8
B0C8
B0C9
B0C9
B0CA
B0CA
B0CA
B0CB
B0CB
B0CB
B0CC
B0CC
B0CC
B0CD
B0CD
B0CE
B0CE
B0CE
B0CF
B0CF
B0CF
B0D0
B0D0
B0D0
B0D1
B0D1
B0D2
B0D2
B0D2
B0D3
B0D3
B0D3
B0D4
B0D4
B0D4
B0D5
B0D5
B0D5
B0D6
B0D6
B0D7
B0D7
B0D7
B0D8
B0D8
B0D8
B0D9
B0D9
B0D9
B0DA
B0DA
B0DB
B0DB
B0DB
B0DC
B0DC
B0DC
B0DD
B0DD
B0DD
B0DE
B0DE
B0DF
B0DF
B0DF
B0E0
B0E0
B0E0
B0E1
B0E1
B0E1
B0E2
B0E2
B0E3
B0E3
B0E3
B0E4
B0E4
B0E4
B0E5
B0E5
B0E5
B0E6
B0E6
B0E7
B0E7
B0E7
B0E8
B0E8
B0E8
B0E9
B0E9
B0E9
B0EA
B0EA
B0EA
B0EB
B0EB
B0EC
B0EC
B0EC
B0ED
B0ED
B0ED
B0EE
B0EE
B0EE
B0EF
B0EF
B0F0
B0F0
B0F0
B0F1
B0F1
B0F1
B0F2
B0F2
B0F2
B0F3
B0F3
B0F4
B0F4
B0F4
B0F5
B0F5
B0F5
B0F6
B0F6
B0F6
B0F7
B0F7
B0F8
B0F8
B0F8
B0F9
B0F9
B0F9
B0FA
B0FA
B0FA
B0FB
B0FB
B0FB
B0FC
B0FC
B0FD
B0FD
B0FD
B0FE
B0FE
B0FE
B0FF
B0FF
B0FF
B100
B100
B101
B101
B101
B102
B102
B102
B103
B103
B103
B104
B104
B105
B105
B105
B106
B106
B106
B107
B107
B107
B108
B108
B108
B109
B109
B10A
B10A
B10A
B10B
B10B
B10B
B10C
B10C
B10C
B10D
B10D
B10E
B10E
B10E
B10F
B10F
B10F
B110
B110
B110
B111
B111
B112
B112
B112
B113
B113
B113
B114
B114
B114
B115
B115
B116
B116
B116
B117
B117
B117
B118
B118
B118
B119
B119
B119
B11A
B11A
B11B
B11B
B11B
B11C
B11C
B11C
B11D
B11D
B11D
B11E
B11E
B11F
B11F
B11F
B120
B120
B120
B121
B121
B121
B122
B122
B123
B123
B123
B124
B124
B124
B125
B125
B125
B126
B126
B126
B127
B127
B128
B128
B128
B129
B129
B129
B12A
B12A
B12A
B12B
B12B
B12C
B12C
B12C
B12D
B12D
B12D
B12E
B12E
B12E
B12F
B12F
B130
B130
B130
B131
B131
B131
B132
B132
B132
B133
B133
B133
B134
B134
B135
B135
B135
B136
B136
B136
B137
B137
B137
B138
B138
B139
B139
B139
B13A
B13A
B13A
B13B
B13B
B13B
B13C
B13C
B13D
B13D
B13D
B13E
B13E
B13E
B13F
B13F
B13F
B140
B140
B140
B141
B141
B142
B142
B142
B143
B143
B143
B144
B144
B144
B145
B145
B146
B146
B146
B147
B147
B147
B148
B148
B148
B149
B149
B14A
B14A
B14A
B14B
B14B
B14B
B14C
B14C
B14C
B14D
B14D
B14D
B14E
B14E
B14F
B14F
B14F
B150
B150
B150
B151
B151
B151
B152
B152
B153
B153
B153
B154
B154
B154
B155
B155
B155
B156
B156
B157
B157
B157
B158
B158
B158
B159
B159
B159
B15A
B15A
B15A
B15B
B15B
B15C
B15C
B15C
B15D
B15D
B15D
B15E
B15E
B15E
B15F
B15F
B160
B160
B160
B161
B161
B161
B162
B162
B162
B163
B163
B164
B164
B164
B165
B165
B165
B166
B166
B166
B167
B167
B167
B168
B168
B169
B169
B169
B16A
B16A
B16A
B16B
B16B
B16B
B16C
B16C
B16D
B16D
B16D
B16E
B16E
B16E
B16F
B16F
B16F
B170
B170
B170
B171
B171
B172
B172
B172
B173
B173
B173
B174
B174
B174
B175
B175
B176
B176
B176
B177
B177
B177
B178
B178
B178
B179
B179
B17A
B17A
B17A
B17B
B17B
B17B
B17C
B17C
B17C
B17D
B17D
B17D
B17E
B17E
B17F
B17F
B17F
B180
B180
B180
B181
B181
B181
B182
B182
B183
B183
B183
B184
B184
B184
B185
B185
B185
B186
B186
B186
B187
B187
B188
B188
B188
B189
B189
B189
B18A
B18A
B18A
B18B
B18B
B18C
B18C
B18C
B18D
B18D
B18D
B18E
B18E
B18E
B18F
B18F
B190
B190
B190
B191
B191
B191
B192
B192
B192
B193
B193
B193
B194
B194
B195
B195
B195
B196
B196
B196
B197
B197
B197
B198
B198
B199
B199
B199
B19A
B19A
B19A
B19B
B19B
B19B
B19C
B19C
B19C
B19D
B19D
B19E
B19E
B19E
B19F
B19F
B19F
B1A0
B1A0
B1A0
B1A1
B1A1
B1A2
B1A2
B1A2
B1A3
B1A3
B1A3
B1A4
B1A4
B1A4
B1A5
B1A5
B1A5
B1A6
B1A6
B1A7
B1A7
B1A7
B1A8
B1A8
B1A8
B1A9
B1A9
B1A9
B1AA
B1AA
B1AB
B1AB
B1AB
B1AC
B1AC
B1AC
B1AD
B1AD
B1AD
B1AE
B1AE
B1AE
B1AF
B1AF
B1B0
B1B0
B1B0
B1B1
B1B1
B1B1
B1B2
B1B2
B1B2
B1B3
B1B3
B1B4
B1B4
B1B4
B1B5
B1B5
B1B5
B1B6
B1B6
B1B6
B1B7
B1B7
B1B7
B1B8
B1B8
B1B9
B1B9
B1B9
B1BA
B1BA
B1BA
B1BB
B1BB
B1BB
B1BC
B1BC
B1BD
B1BD
B1BD
B1BE
B1BE
B1BE
B1BF
B1BF
B1BF
B1C0
B1C0
B1C0
B1C1
B1C1
B1C2
B1C2
B1C2
B1C3
B1C3
B1C3
B1C4
B1C4
B1C4
B1C5
B1C5
B1C6
B1C6
B1C6
B1C7
B1C7
B1C7
B1C8
B1C8
B1C8
B1C9
B1C9
B1C9
B1CA
B1CA
B1CB
B1CB
B1CB
B1CC
B1CC
B1CC
B1CD
B1CD
B1CD
B1CE
B1CE
B1CF
B1CF
B1CF
B1D0
B1D0
B1D0
B1D1
B1D1
B1D1
B1D2
B1D2
B1D2
B1D3
B1D3
B1D4
B1D4
B1D4
B1D5
B1D5
B1D5
B1D6
B1D6
B1D6
B1D7
B1D7
B1D8
B1D8
B1D8
B1D9
B1D9
B1D9
B1DA
B1DA
B1DA
B1DB
B1DB
B1DB
B1DC
B1DC
B1DD
B1DD
B1DD
B1DE
B1DE
B1DE
B1DF
B1DF
B1DF
B1E0
B1E0
B1E1
B1E1
B1E1
B1E2
B1E2
B1E2
B1E3
B1E3
B1E3
B1E4
B1E4
B1E4
B1E5
B1E5
B1E6
B1E6
B1E6
B1E7
B1E7
B1E7
B1E8
B1E8
B1E8
B1E9
B1E9
B1EA
B1EA
B1EA
B1EB
B1EB
B1EB
B1EC
B1EC
B1EC
B1ED
B1ED
B1ED
B1EE
B1EE
B1EF
B1EF
B1EF
B1F0
B1F0
B1F0
B1F1
B1F1
B1F1
B1F2
B1F2
B1F3
B1F3
B1F3
B1F4
B1F4
B1F4
B1F5
B1F5
B1F5
B1F6
B1F6
B1F6
B1F7
B1F7
B1F8
B1F8
B1F8
B1F9
B1F9
B1F9
B1FA
B1FA
B1FA
B1FB
B1FB
B1FC
B1FC
B1FC
B1FD
B1FD
B1FD
B1FE
B1FE
B1FE
B1FF
B1FF
B1FF
B200
B200
B201
B201
B201
B202
B202
B202
B203
B203
B203
B204
B204
B204
B205
B205
B206
B206
B206
B207
B207
B207
B208
B208
B208
B209
B209
B20A
B20A
B20A
B20B
B20B
B20B
B20C
B20C
B20C
B20D
B20D
B20D
B20E
B20E
B20F
B20F
B20F
B210
B210
B210
B211
B211
B211
B212
B212
B213
B213
B213
B214
B214
B214
B215
B215
B215
B216
B216
B216
B217
B217
B218
B218
B218
B219
B219
B219
B21A
B21A
B21A
B21B
B21B
B21B
B21C
B21C
B21D
B21D
B21D
B21E
B21E
B21E
B21F
B21F
B21F
B220
B220
B221
B221
B221
B222
B222
B222
B223
B223
B223
B224
B224
B224
B225
B225
B226
B226
B226
B227
B227
B227
B228
B228
B228
B229
B229
B22A
B22A
B22A
B22B
B22B
B22B
B22C
B22C
B22C
B22D
B22D
B22D
B22E
B22E
B22F
B22F
B22F
B230
B230
B230
B231
B231
B231
B232
B232
B232
B233
B233
B234
B234
B234
B235
B235
B235
B236
B236
B236
B237
B237
B238
B238
B238
B239
B239
B239
B23A
B23A
B23A
B23B
B23B
B23B
B23C
B23C
B23D
B23D
B23D
B23E
B23E
B23E
B23F
B23F
B23F
B240
B240
B240
B241
B241
B242
B242
B242
B243
B243
B243
B244
B244
B244
B245
B245
B246
B246
B246
B247
B247
B247
B248
B248
B248
B249
B249
B249
B24A
B24A
B24B
B24B
B24B
B24C
B24C
B24C
B24D
B24D
B24D
B24E
B24E
B24E
B24F
B24F
B250
B250
B250
B251
B251
B251
B252
B252
B252
B253
B253
B254
B254
B254
B255
B255
B255
B256
B256
B256
B257
B257
B257
B258
B258
B259
B259
B259
B25A
B25A
B25A
B25B
B25B
B25B
B25C
B25C
B25C
B25D
B25D
B25E
B25E
B25E
B25F
B25F
B25F
B260
B260
B260
B261
B261
B262
B262
B262
B263
B263
B263
B264
B264
B264
B265
B265
B265
B266
B266
B267
B267
B267
B268
B268
B268
B269
B269
B269
B26A
B26A
B26A
B26B
B26B
B26C
B26C
B26C
B26D
B26D
B26D
B26E
B26E
B26E
B26F
B26F
B270
B270
B270
B271
B271
B271
B272
B272
B272
B273
B273
B273
B274
B274
B275
B275
B275
B276
B276
B276
B277
B277
B277
B278
B278
B278
B279
B279
B27A
B27A
B27A
B27B
B27B
B27B
B27C
B27C
B27C
B27D
B27D
B27D
B27E
B27E
B27F
B27F
B27F
B280
B280
B280
B281
B281
B281
B282
B282
B283
B283
B283
B284
B284
B284
B285
B285
B285
B286
B286
B286
B287
B287
B288
B288
B288
B289
B289
B289
B28A
B28A
B28A
B28B
B28B
B28B
B28C
B28C
B28D
B28D
B28D
B28E
B28E
B28E
B28F
B28F
B28F
B290
B290
B290
B291
B291
B292
B292
B292
B293
B293
B293
B294
B294
B294
B295
B295
B296
B296
B296
B297
B297
B297
B298
B298
B298
B299
B299
B299
B29A
B29A
B29B
B29B
B29B
B29C
B29C
B29C
B29D
B29D
B29D
B29E
B29E
B29E
B29F
B29F
B2A0
B2A0
B2A0
B2A1
B2A1
B2A1
B2A2
B2A2
B2A2
B2A3
B2A3
B2A3
B2A4
B2A4
B2A5
B2A5
B2A5
B2A6
B2A6
B2A6
B2A7
B2A7
B2A7
B2A8
B2A8
B2A8
B2A9
B2A9
B2AA
B2AA
B2AA
B2AB
B2AB
B2AB
B2AC
B2AC
B2AC
B2AD
B2AD
B2AE
B2AE
B2AE
B2AF
B2AF
B2AF
B2B0
B2B0
B2B0
B2B1
B2B1
B2B1
B2B2
B2B2
B2B3
B2B3
B2B3
B2B4
B2B4
B2B4
B2B5
B2B5
B2B5
B2B6
B2B6
B2B6
B2B7
B2B7
B2B8
B2B8
B2B8
B2B9
B2B9
B2B9
B2BA
B2BA
B2BA
B2BB
B2BB
B2BB
B2BC
B2BC
B2BD
B2BD
B2BD
B2BE
B2BE
B2BE
B2BF
B2BF
B2BF
B2C0
B2C0
B2C0
B2C1
B2C1
B2C2
B2C2
B2C2
B2C3
B2C3
B2C3
B2C4
B2C4
B2C4
B2C5
B2C5
B2C6
B2C6
B2C6
B2C7
B2C7
B2C7
B2C8
B2C8
B2C8
B2C9
B2C9
B2C9
B2CA
B2CA
B2CB
B2CB
B2CB
B2CC
B2CC
B2CC
B2CD
B2CD
B2CD
B2CE
B2CE
B2CE
B2CF
B2CF
B2D0
B2D0
B2D0
B2D1
B2D1
B2D1
B2D2
B2D2
B2D2
B2D3
B2D3
B2D3
B2D4
B2D4
B2D5
B2D5
B2D5
B2D6
B2D6
B2D6
B2D7
B2D7
B2D7
B2D8
B2D8
B2D8
B2D9
B2D9
B2DA
B2DA
B2DA
B2DB
B2DB
B2DB
B2DC
B2DC
B2DC
B2DD
B2DD
B2DD
B2DE
B2DE
B2DF
B2DF
B2DF
B2E0
B2E0
B2E0
B2E1
B2E1
B2E1
B2E2
B2E2
B2E2
B2E3
B2E3
B2E4
B2E4
B2E4
B2E5
B2E5
B2E5
B2E6
B2E6
B2E6
B2E7
B2E7
B2E8
B2E8
B2E8
B2E9
B2E9
B2E9
B2EA
B2EA
B2EA
B2EB
B2EB
B2EB
B2EC
B2EC
B2ED
B2ED
B2ED
B2EE
B2EE
B2EE
B2EF
B2EF
B2EF
B2F0
B2F0
B2F0
B2F1
B2F1
B2F2
B2F2
B2F2
B2F3
B2F3
B2F3
B2F4
B2F4
B2F4
B2F5
B2F5
B2F5
B2F6
B2F6
B2F7
B2F7
B2F7
B2F8
B2F8
B2F8
B2F9
B2F9
B2F9
B2FA
B2FA
B2FA
B2FB
B2FB
B2FC
B2FC
B2FC
B2FD
B2FD
B2FD
B2FE
B2FE
B2FE
B2FF
B2FF
B2FF
B300
B300
B301
B301
B301
B302
B302
B302
B303
B303
B303
B304
B304
B304
B305
B305
B306
B306
B306
B307
B307
B307
B308
B308
B308
B309
B309
B309
B30A
B30A
B30B
B30B
B30B
B30C
B30C
B30C
B30D
B30D
B30D
B30E
B30E
B30E
B30F
B30F
B310
B310
B310
B311
B311
B311
B312
B312
B312
B313
B313
B313
B314
B314
B315
B315
B315
B316
B316
B316
B317
B317
B317
B318
B318
B318
B319
B319
B31A
B31A
B31A
B31B
B31B
B31B
B31C
B31C
B31C
B31D
B31D
B31D
B31E
B31E
B31F
B31F
B31F
B320
B320
B320
B321
B321
B321
B322
B322
B322
B323
B323
B324
B324
B324
B325
B325
B325
B326
B326
B326
B327
B327
B327
B328
B328
B329
B329
B329
B32A
B32A
B32A
B32B
B32B
B32B
B32C
B32C
B32C
B32D
B32D
B32E
B32E
B32E
B32F
B32F
B32F
B330
B330
B330
B331
B331
B331
B332
B332
B333
B333
B333
B334
B334
B334
B335
B335
B335
B336
B336
B336
B337
B337
B338
B338
B338
B339
B339
B339
B33A
B33A
B33A
B33B
B33B
B33B
B33C
B33C
B33D
B33D
B33D
B33E
B33E
B33E
B33F
B33F
B33F
B340
B340
B340
B341
B341
B342
B342
B342
B343
B343
B343
B344
B344
B344
B345
B345
B345
B346
B346
B347
B347
B347
B348
B348
B348
B349
B349
B349
B34A
B34A
B34A
B34B
B34B
B34C
B34C
B34C
B34D
B34D
B34D
B34E
B34E
B34E
B34F
B34F
B34F
B350
B350
B351
B351
B351
B352
B352
B352
B353
B353
B353
B354
B354
B354
B355
B355
B356
B356
B356
B357
B357
B357
B358
B358
B358
B359
B359
B359
B35A
B35A
B35B
B35B
B35B
B35C
B35C
B35C
B35D
B35D
B35D
B35E
B35E
B35E
B35F
B35F
B360
B360
B360
B361
B361
B361
B362
B362
B362
B363
B363
B363
B364
B364
B365
B365
B365
B366
B366
B366
B367
B367
B367
B368
B368
B368
B369
B369
B36A
B36A
B36A
B36B
B36B
B36B
B36C
B36C
B36C
B36D
B36D
B36D
B36E
B36E
B36F
B36F
B36F
B370
B370
B370
B371
B371
B371
B372
B372
B372
B373
B373
B374
B374
B374
B375
B375
B375
B376
B376
B376
B377
B377
B377
B378
B378
B379
B379
B379
B37A
B37A
B37A
B37B
B37B
B37B
B37C
B37C
B37C
B37D
B37D
B37E
B37E
B37E
B37F
B37F
B37F
B380
B380
B380
B381
B381
B381
B382
B382
B382
B383
B383
B384
B384
B384
B385
B385
B385
B386
B386
B386
B387
B387
B387
B388
B388
B389
B389
B389
B38A
B38A
B38A
B38B
B38B
B38B
B38C
B38C
B38C
B38D
B38D
B38E
B38E
B38E
B38F
B38F
B38F
B390
B390
B390
B391
B391
B391
B392
B392
B393
B393
B393
B394
B394
B394
B395
B395
B395
B396
B396
B396
B397
B397
B398
B398
B398
B399
B399
B399
B39A
B39A
B39A
B39B
B39B
B39B
B39C
B39C
B39D
B39D
B39D
B39E
B39E
B39E
B39F
B39F
B39F
B3A0
B3A0
B3A0
B3A1
B3A1
B3A2
B3A2
B3A2
B3A3
B3A3
B3A3
B3A4
B3A4
B3A4
B3A5
B3A5
B3A5
B3A6
B3A6
B3A6
B3A7
B3A7
B3A8
B3A8
B3A8
B3A9
B3A9
B3A9
B3AA
B3AA
B3AA
B3AB
B3AB
B3AB
B3AC
B3AC
B3AD
B3AD
B3AD
B3AE
B3AE
B3AE
B3AF
B3AF
B3AF
B3B0
B3B0
B3B0
B3B1
B3B1
B3B2
B3B2
B3B2
B3B3
B3B3
B3B3
B3B4
B3B4
B3B4
B3B5
B3B5
B3B5
B3B6
B3B6
B3B7
B3B7
B3B7
B3B8
B3B8
B3B8
B3B9
B3B9
B3B9
B3BA
B3BA
B3BA
B3BB
B3BB
B3BC
B3BC
B3BC
B3BD
B3BD
B3BD
B3BE
B3BE
B3BE
B3BF
B3BF
B3BF
B3C0
B3C0
B3C0
B3C1
B3C1
B3C2
B3C2
B3C2
B3C3
B3C3
B3C3
B3C4
B3C4
B3C4
B3C5
B3C5
B3C5
B3C6
B3C6
B3C7
B3C7
B3C7
B3C8
B3C8
B3C8
B3C9
B3C9
B3C9
B3CA
B3CA
B3CA
B3CB
B3CB
B3CC
B3CC
B3CC
B3CD
B3CD
B3CD
B3CE
B3CE
B3CE
B3CF
B3CF
B3CF
B3D0
B3D0
B3D1
B3D1
B3D1
B3D2
B3D2
B3D2
B3D3
B3D3
B3D3
B3D4
B3D4
B3D4
B3D5
B3D5
B3D5
B3D6
B3D6
B3D7
B3D7
B3D7
B3D8
B3D8
B3D8
B3D9
B3D9
B3D9
B3DA
B3DA
B3DA
B3DB
B3DB
B3DC
B3DC
B3DC
B3DD
B3DD
B3DD
B3DE
B3DE
B3DE
B3DF
B3DF
B3DF
B3E0
B3E0
B3E1
B3E1
B3E1
B3E2
B3E2
B3E2
B3E3
B3E3
B3E3
B3E4
B3E4
B3E4
B3E5
B3E5
B3E6
B3E6
B3E6
B3E7
B3E7
B3E7
B3E8
B3E8
B3E8
B3E9
B3E9
B3E9
B3EA
B3EA
B3EA
B3EB
B3EB
B3EC
B3EC
B3EC
B3ED
B3ED
B3ED
B3EE
B3EE
B3EE
B3EF
B3EF
B3EF
B3F0
B3F0
B3F1
B3F1
B3F1
B3F2
B3F2
B3F2
B3F3
B3F3
B3F3
B3F4
B3F4
B3F4
B3F5
B3F5
B3F6
B3F6
B3F6
B3F7
B3F7
B3F7
B3F8
B3F8
B3F8
B3F9
B3F9
B3F9
B3FA
B3FA
B3FA
B3FB
B3FB
B3FC
B3FC
B3FC
B3FD
B3FD
B3FD
B3FE
B3FE
B3FE
B3FF
B3FF
B3FF
B400
B400
B401
B401
B401
B402
B402
B402
B403
B403
B403
B404
B404
B404
B405
B405
B406
B406
B406
B407
B407
B407
B408
B408
B408
B409
B409
B409
B40A
B40A
B40A
B40B
B40B
B40C
B40C
B40C
B40D
B40D
B40D
B40E
B40E
B40E
B40F
B40F
B40F
B410
B410
B411
B411
B411
B412
B412
B412
B413
B413
B413
B414
B414
B414
B415
B415
B416
B416
B416
B417
B417
B417
B418
B418
B418
B419
B419
B419
B41A
B41A
B41A
B41B
B41B
B41C
B41C
B41C
B41D
B41D
B41D
B41E
B41E
B41E
B41F
B41F
B41F
B420
B420
B421
B421
B421
B422
B422
B422
B423
B423
B423
B424
B424
B424
B425
B425
B425
B426
B426
B427
B427
B427
B428
B428
B428
B429
B429
B429
B42A
B42A
B42A
B42B
B42B
B42C
B42C
B42C
B42D
B42D
B42D
B42E
B42E
B42E
B42F
B42F
B42F
B430
B430
B431
B431
B431
B432
B432
B432
B433
B433
B433
B434
B434
B434
B435
B435
B435
B436
B436
B437
B437
B437
B438
B438
B438
B439
B439
B439
B43A
B43A
B43A
B43B
B43B
B43C
B43C
B43C
B43D
B43D
B43D
B43E
B43E
B43E
B43F
B43F
B43F
B440
B440
B440
B441
B441
B442
B442
B442
B443
B443
B443
B444
B444
B444
B445
B445
B445
B446
B446
B447
B447
B447
B448
B448
B448
B449
B449
B449
B44A
B44A
B44A
B44B
B44B
B44B
B44C
B44C
B44D
B44D
B44D
B44E
B44E
B44E
B44F
B44F
B44F
B450
B450
B450
B451
B451
B452
B452
B452
B453
B453
B453
B454
B454
B454
B455
B455
B455
B456
B456
B456
B457
B457
B458
B458
B458
B459
B459
B459
B45A
B45A
B45A
B45B
B45B
B45B
B45C
B45C
B45D
B45D
B45D
B45E
B45E
B45E
B45F
B45F
B45F
B460
B460
B460
B461
B461
B461
B462
B462
B463
B463
B463
B464
B464
B464
B465
B465
B465
B466
B466
B466
B467
B467
B468
B468
B468
B469
B469
B469
B46A
B46A
B46A
B46B
B46B
B46B
B46C
B46C
B46C
B46D
B46D
B46E
B46E
B46E
B46F
B46F
B46F
B470
B470
B470
B471
B471
B471
B472
B472
B473
B473
B473
B474
B474
B474
B475
B475
B475
B476
B476
B476
B477
B477
B477
B478
B478
B479
B479
B479
B47A
B47A
B47A
B47B
B47B
B47B
B47C
B47C
B47C
B47D
B47D
B47E
B47E
B47E
B47F
B47F
B47F
B480
B480
B480
B481
B481
B481
B482
B482
B482
B483
B483
B484
B484
B484
B485
B485
B485
B486
B486
B486
B487
B487
B487
B488
B488
B489
B489
B489
B48A
B48A
B48A
B48B
B48B
B48B
B48C
B48C
B48C
B48D
B48D
B48D
B48E
B48E
B48F
B48F
B48F
B490
B490
B490
B491
B491
B491
B492
B492
B492
B493
B493
B493
B494
B494
B495
B495
B495
B496
B496
B496
B497
B497
B497
B498
B498
B498
B499
B499
B49A
B49A
B49A
B49B
B49B
B49B
B49C
B49C
B49C
B49D
B49D
B49D
B49E
B49E
B49E
B49F
B49F
B4A0
B4A0
B4A0
B4A1
B4A1
B4A1
B4A2
B4A2
B4A2
B4A3
B4A3
B4A3
B4A4
B4A4
B4A5
B4A5
B4A5
B4A6
B4A6
B4A6
B4A7
B4A7
B4A7
B4A8
B4A8
B4A8
B4A9
B4A9
B4A9
B4AA
B4AA
B4AB
B4AB
B4AB
B4AC
B4AC
B4AC
B4AD
B4AD
B4AD
B4AE
B4AE
B4AE
B4AF
B4AF
B4AF
B4B0
B4B0
B4B1
B4B1
B4B1
B4B2
B4B2
B4B2
B4B3
B4B3
B4B3
B4B4
B4B4
B4B4
B4B5
B4B5
B4B6
B4B6
B4B6
B4B7
B4B7
B4B7
B4B8
B4B8
B4B8
B4B9
B4B9
B4B9
B4BA
B4BA
B4BA
B4BB
B4BB
B4BC
B4BC
B4BC
B4BD
B4BD
B4BD
B4BE
B4BE
B4BE
B4BF
B4BF
B4BF
B4C0
B4C0
B4C0
B4C1
B4C1
B4C2
B4C2
B4C2
B4C3
B4C3
B4C3
B4C4
B4C4
B4C4
B4C5
B4C5
B4C5
B4C6
B4C6
B4C7
B4C7
B4C7
B4C8
B4C8
B4C8
B4C9
B4C9
B4C9
B4CA
B4CA
B4CA
B4CB
B4CB
B4CB
B4CC
B4CC
B4CD
B4CD
B4CD
B4CE
B4CE
B4CE
B4CF
B4CF
B4CF
B4D0
B4D0
B4D0
B4D1
B4D1
B4D1
B4D2
B4D2
B4D3
B4D3
B4D3
B4D4
B4D4
B4D4
B4D5
B4D5
B4D5
B4D6
B4D6
B4D6
B4D7
B4D7
B4D7
B4D8
B4D8
B4D9
B4D9
B4D9
B4DA
B4DA
B4DA
B4DB
B4DB
B4DB
B4DC
B4DC
B4DC
B4DD
B4DD
B4DE
B4DE
B4DE
B4DF
B4DF
B4DF
B4E0
B4E0
B4E0
B4E1
B4E1
B4E1
B4E2
B4E2
B4E2
B4E3
B4E3
B4E4
B4E4
B4E4
B4E5
B4E5
B4E5
B4E6
B4E6
B4E6
B4E7
B4E7
B4E7
B4E8
B4E8
B4E8
B4E9
B4E9
B4EA
B4EA
B4EA
B4EB
B4EB
B4EB
B4EC
B4EC
B4EC
B4ED
B4ED
B4ED
B4EE
B4EE
B4EE
B4EF
B4EF
B4F0
B4F0
B4F0
B4F1
B4F1
B4F1
B4F2
B4F2
B4F2
B4F3
B4F3
B4F3
B4F4
B4F4
B4F5
B4F5
B4F5
B4F6
B4F6
B4F6
B4F7
B4F7
B4F7
B4F8
B4F8
B4F8
B4F9
B4F9
B4F9
B4FA
B4FA
B4FB
B4FB
B4FB
B4FC
B4FC
B4FC
B4FD
B4FD
B4FD
B4FE
B4FE
B4FE
B4FF
B4FF
B4FF
B500
B500
B501
B501
B501
B502
B502
B502
B503
B503
B503
B504
B504
B504
B505
